year,week,week_start,age,vax,metric,value
2021,18,2021-05-02,12-17,vaxxed,caserate,0
2021,18,2021-05-02,12-17,unvaxxed,caserate,270.9803792312727
2021,18,2021-05-02,12-17,vaxxed,hosprate,0
2021,18,2021-05-02,12-17,unvaxxed,hosprate,2.5897342932615115
2021,18,2021-05-02,12-17,vaxxed,deathrate,0
2021,18,2021-05-02,12-17,unvaxxed,deathrate,0
2021,18,2021-05-02,18-49,vaxxed,caserate,21.756834138890188
2021,18,2021-05-02,18-49,unvaxxed,caserate,240.91279863021416
2021,18,2021-05-02,18-49,vaxxed,hosprate,0.45326737789354565
2021,18,2021-05-02,18-49,unvaxxed,hosprate,9.185795575630943
2021,18,2021-05-02,18-49,vaxxed,deathrate,0
2021,18,2021-05-02,18-49,unvaxxed,deathrate,0.4286704601961106
2021,18,2021-05-02,50-64,vaxxed,caserate,15.67083216136939
2021,18,2021-05-02,50-64,unvaxxed,caserate,201.69567157518964
2021,18,2021-05-02,50-64,vaxxed,hosprate,1.0045405231647044
2021,18,2021-05-02,50-64,unvaxxed,hosprate,19.634091923248548
2021,18,2021-05-02,50-64,vaxxed,deathrate,0.4018162092658818
2021,18,2021-05-02,50-64,unvaxxed,deathrate,1.460387002555677
2021,18,2021-05-02,65+,vaxxed,caserate,20.79069251268162
2021,18,2021-05-02,65+,unvaxxed,caserate,301.68685857492113
2021,18,2021-05-02,65+,vaxxed,hosprate,4.635762519719551
2021,18,2021-05-02,65+,unvaxxed,hosprate,93.2981932838921
2021,18,2021-05-02,65+,vaxxed,deathrate,1.1238212169017092
2021,18,2021-05-02,65+,unvaxxed,deathrate,14.982191622230848
2021,19,2021-05-09,12-17,vaxxed,caserate,0
2021,19,2021-05-09,12-17,unvaxxed,caserate,170.12654356386437
2021,19,2021-05-09,12-17,vaxxed,hosprate,0
2021,19,2021-05-09,12-17,unvaxxed,hosprate,1.1947088733417441
2021,19,2021-05-09,12-17,vaxxed,deathrate,0
2021,19,2021-05-09,12-17,unvaxxed,deathrate,0
2021,19,2021-05-09,18-49,vaxxed,caserate,15.444877362482188
2021,19,2021-05-09,18-49,unvaxxed,caserate,178.24165947773946
2021,19,2021-05-09,18-49,vaxxed,hosprate,0.12978888539900998
2021,19,2021-05-09,18-49,unvaxxed,hosprate,7.47867102703802
2021,19,2021-05-09,18-49,vaxxed,deathrate,0
2021,19,2021-05-09,18-49,unvaxxed,deathrate,0.13120475486031613
2021,19,2021-05-09,50-64,vaxxed,caserate,12.674610612754943
2021,19,2021-05-09,50-64,unvaxxed,caserate,150.0433338148202
2021,19,2021-05-09,50-64,vaxxed,hosprate,0.1785156424331682
2021,19,2021-05-09,50-64,unvaxxed,hosprate,21.48634984833165
2021,19,2021-05-09,50-64,vaxxed,deathrate,0
2021,19,2021-05-09,50-64,unvaxxed,deathrate,0.9027878087534305
2021,19,2021-05-09,65+,vaxxed,caserate,16.473962832524865
2021,19,2021-05-09,65+,unvaxxed,caserate,246.43187185542666
2021,19,2021-05-09,65+,vaxxed,hosprate,4.845283186036725
2021,19,2021-05-09,65+,unvaxxed,hosprate,66.00853710413213
2021,19,2021-05-09,65+,vaxxed,deathrate,0.6921833122909606
2021,19,2021-05-09,65+,unvaxxed,deathrate,13.935135610872338
2021,20,2021-05-16,12-17,vaxxed,caserate,8.42034355001684
2021,20,2021-05-16,12-17,unvaxxed,caserate,128.78614183061697
2021,20,2021-05-16,12-17,vaxxed,hosprate,0
2021,20,2021-05-16,12-17,unvaxxed,hosprate,1.2195657370323576
2021,20,2021-05-16,12-17,vaxxed,deathrate,0
2021,20,2021-05-16,12-17,unvaxxed,deathrate,0
2021,20,2021-05-16,18-49,vaxxed,caserate,13.22086480412035
2021,20,2021-05-16,18-49,unvaxxed,caserate,129.95479097174012
2021,20,2021-05-16,18-49,vaxxed,hosprate,0.6838378346958802
2021,20,2021-05-16,18-49,unvaxxed,hosprate,7.407846390897238
2021,20,2021-05-16,18-49,vaxxed,deathrate,0
2021,20,2021-05-16,18-49,unvaxxed,deathrate,0.14110183601709023
2021,20,2021-05-16,50-64,vaxxed,caserate,10.024965397700079
2021,20,2021-05-16,50-64,unvaxxed,caserate,122.68973018348976
2021,20,2021-05-16,50-64,vaxxed,hosprate,0.9701579417129108
2021,20,2021-05-16,50-64,unvaxxed,hosprate,15.33621627293622
2021,20,2021-05-16,50-64,vaxxed,deathrate,0
2021,20,2021-05-16,50-64,unvaxxed,deathrate,1.008961596903699
2021,20,2021-05-16,65+,vaxxed,caserate,11.351219025190133
2021,20,2021-05-16,65+,unvaxxed,caserate,220.39388544223877
2021,20,2021-05-16,65+,vaxxed,hosprate,3.829326900064141
2021,20,2021-05-16,65+,unvaxxed,hosprate,72.15742868571519
2021,20,2021-05-16,65+,vaxxed,deathrate,0.4102850250068723
2021,20,2021-05-16,65+,unvaxxed,deathrate,14.902077663354223
2021,21,2021-05-23,12-17,vaxxed,caserate,0
2021,21,2021-05-23,12-17,unvaxxed,caserate,53.331330278674976
2021,21,2021-05-23,12-17,vaxxed,hosprate,0
2021,21,2021-05-23,12-17,unvaxxed,hosprate,1.752672826059741
2021,21,2021-05-23,12-17,vaxxed,deathrate,0
2021,21,2021-05-23,12-17,unvaxxed,deathrate,0
2021,21,2021-05-23,18-49,vaxxed,caserate,7.373826753455597
2021,21,2021-05-23,18-49,unvaxxed,caserate,78.93754660572382
2021,21,2021-05-23,18-49,vaxxed,hosprate,0.2020226507796054
2021,21,2021-05-23,18-49,unvaxxed,hosprate,5.441326028161544
2021,21,2021-05-23,18-49,vaxxed,deathrate,0
2021,21,2021-05-23,18-49,unvaxxed,deathrate,0.1532767895256773
2021,21,2021-05-23,50-64,vaxxed,caserate,6.7578018822730845
2021,21,2021-05-23,50-64,unvaxxed,caserate,83.01384903083563
2021,21,2021-05-23,50-64,vaxxed,hosprate,0.6006935006464964
2021,21,2021-05-23,50-64,unvaxxed,hosprate,14.281952521434086
2021,21,2021-05-23,50-64,vaxxed,deathrate,0
2021,21,2021-05-23,50-64,unvaxxed,deathrate,1.3389330488844458
2021,21,2021-05-23,65+,vaxxed,caserate,9.599199616032015
2021,21,2021-05-23,65+,unvaxxed,caserate,119.2746087876828
2021,21,2021-05-23,65+,vaxxed,hosprate,1.7575999296960028
2021,21,2021-05-23,65+,unvaxxed,hosprate,29.398671180062664
2021,21,2021-05-23,65+,vaxxed,deathrate,0.40559998377600054
2021,21,2021-05-23,65+,unvaxxed,deathrate,6.719696269728607
2021,22,2021-05-30,12-17,vaxxed,caserate,2.2012855507616447
2021,22,2021-05-30,12-17,unvaxxed,caserate,37.08415527959908
2021,22,2021-05-30,12-17,vaxxed,hosprate,0
2021,22,2021-05-30,12-17,unvaxxed,hosprate,1.5451731366499617
2021,22,2021-05-30,12-17,vaxxed,deathrate,0
2021,22,2021-05-30,12-17,unvaxxed,deathrate,0
2021,22,2021-05-30,18-49,vaxxed,caserate,4.707050700473751
2021,22,2021-05-30,18-49,unvaxxed,caserate,55.888704702906544
2021,22,2021-05-30,18-49,vaxxed,hosprate,0.27688533532198534
2021,22,2021-05-30,18-49,unvaxxed,hosprate,4.210227385300198
2021,22,2021-05-30,18-49,vaxxed,deathrate,0
2021,22,2021-05-30,18-49,unvaxxed,deathrate,0.16510695628628225
2021,22,2021-05-30,50-64,vaxxed,caserate,3.847770786869126
2021,22,2021-05-30,50-64,unvaxxed,caserate,53.600446266158954
2021,22,2021-05-30,50-64,vaxxed,hosprate,0.8550601748598058
2021,22,2021-05-30,50-64,unvaxxed,hosprate,9.943974194174286
2021,22,2021-05-30,50-64,vaxxed,deathrate,0.14251002914330096
2021,22,2021-05-30,50-64,unvaxxed,deathrate,0.2425359559554704
2021,22,2021-05-30,65+,vaxxed,caserate,6.824449728560857
2021,22,2021-05-30,65+,unvaxxed,caserate,95.16541724648741
2021,22,2021-05-30,65+,vaxxed,hosprate,2.0071910966355464
2021,22,2021-05-30,65+,unvaxxed,hosprate,31.42254343044395
2021,22,2021-05-30,65+,vaxxed,deathrate,0.5352509591028124
2021,22,2021-05-30,65+,unvaxxed,deathrate,6.284508686088791
2021,23,2021-06-06,12-17,vaxxed,caserate,1.9748015324459893
2021,23,2021-06-06,12-17,unvaxxed,caserate,17.750120074341677
2021,23,2021-06-06,12-17,vaxxed,hosprate,0
2021,23,2021-06-06,12-17,unvaxxed,hosprate,0.7830935326915447
2021,23,2021-06-06,12-17,vaxxed,deathrate,0
2021,23,2021-06-06,12-17,unvaxxed,deathrate,0
2021,23,2021-06-06,18-49,vaxxed,caserate,3.6938241897992405
2021,23,2021-06-06,18-49,unvaxxed,caserate,42.49497315561452
2021,23,2021-06-06,18-49,vaxxed,hosprate,0.4397409749761001
2021,23,2021-06-06,18-49,unvaxxed,hosprate,3.195760176336864
2021,23,2021-06-06,18-49,vaxxed,deathrate,0
2021,23,2021-06-06,18-49,unvaxxed,deathrate,0
2021,23,2021-06-06,50-64,vaxxed,caserate,3.4597910009452146
2021,23,2021-06-06,50-64,unvaxxed,caserate,37.81027417558274
2021,23,2021-06-06,50-64,vaxxed,hosprate,0.41517492011342577
2021,23,2021-06-06,50-64,unvaxxed,hosprate,7.4087699398101305
2021,23,2021-06-06,50-64,vaxxed,deathrate,0
2021,23,2021-06-06,50-64,unvaxxed,deathrate,0.25547482551069417
2021,23,2021-06-06,65+,vaxxed,caserate,5.181574321711992
2021,23,2021-06-06,65+,unvaxxed,caserate,69.79091020550594
2021,23,2021-06-06,65+,vaxxed,hosprate,2.1257740807023557
2021,23,2021-06-06,65+,unvaxxed,hosprate,18.86240816365025
2021,23,2021-06-06,65+,vaxxed,deathrate,0.13286088004389723
2021,23,2021-06-06,65+,unvaxxed,deathrate,4.715602040912563
2021,24,2021-06-13,12-17,vaxxed,caserate,4.102171416069573
2021,24,2021-06-13,12-17,unvaxxed,caserate,15.529586635681445
2021,24,2021-06-13,12-17,vaxxed,hosprate,0
2021,24,2021-06-13,12-17,unvaxxed,hosprate,0.2773140470657401
2021,24,2021-06-13,12-17,vaxxed,deathrate,0
2021,24,2021-06-13,12-17,unvaxxed,deathrate,0
2021,24,2021-06-13,18-49,vaxxed,caserate,5.045469083246819
2021,24,2021-06-13,18-49,unvaxxed,caserate,31.54291035327171
2021,24,2021-06-13,18-49,vaxxed,hosprate,0.9406806765375426
2021,24,2021-06-13,18-49,unvaxxed,hosprate,2.9321578638252577
2021,24,2021-06-13,18-49,vaxxed,deathrate,0
2021,24,2021-06-13,18-49,unvaxxed,deathrate,0.17770653720153076
2021,24,2021-06-13,50-64,vaxxed,caserate,4.081371667389977
2021,24,2021-06-13,50-64,unvaxxed,caserate,28.234573895421246
2021,24,2021-06-13,50-64,vaxxed,hosprate,0.13604572224633255
2021,24,2021-06-13,50-64,unvaxxed,hosprate,3.694243313419603
2021,24,2021-06-13,50-64,vaxxed,deathrate,0.13604572224633257
2021,24,2021-06-13,50-64,unvaxxed,deathrate,0
2021,24,2021-06-13,65+,vaxxed,caserate,5.156949783209765
2021,24,2021-06-13,65+,unvaxxed,caserate,62.47742514911604
2021,24,2021-06-13,65+,vaxxed,hosprate,1.1900653345868688
2021,24,2021-06-13,65+,unvaxxed,hosprate,18.547985591143824
2021,24,2021-06-13,65+,vaxxed,deathrate,0.2644589632415264
2021,24,2021-06-13,65+,unvaxxed,deathrate,0.976209767954938
2021,25,2021-06-20,12-17,vaxxed,caserate,0.8390387971539803
2021,25,2021-06-20,12-17,unvaxxed,caserate,17.16738197424893
2021,25,2021-06-20,12-17,vaxxed,hosprate,0
2021,25,2021-06-20,12-17,unvaxxed,hosprate,0.31791448100460973
2021,25,2021-06-20,12-17,vaxxed,deathrate,0
2021,25,2021-06-20,12-17,unvaxxed,deathrate,0
2021,25,2021-06-20,18-49,vaxxed,caserate,3.48942993515476
2021,25,2021-06-20,18-49,unvaxxed,caserate,29.051065725057782
2021,25,2021-06-20,18-49,vaxxed,hosprate,0.33232666049092957
2021,25,2021-06-20,18-49,unvaxxed,hosprate,2.932599694643057
2021,25,2021-06-20,18-49,vaxxed,deathrate,0.08308166512273238
2021,25,2021-06-20,18-49,unvaxxed,deathrate,0.09164374045759552
2021,25,2021-06-20,50-64,vaxxed,caserate,4.552215924990192
2021,25,2021-06-20,50-64,unvaxxed,caserate,23.969972162145968
2021,25,2021-06-20,50-64,vaxxed,hosprate,0.26777740735236427
2021,25,2021-06-20,50-64,unvaxxed,hosprate,4.358176756753812
2021,25,2021-06-20,50-64,vaxxed,deathrate,0
2021,25,2021-06-20,50-64,unvaxxed,deathrate,0.27238604729711324
2021,25,2021-06-20,65+,vaxxed,caserate,4.475651141422678
2021,25,2021-06-20,65+,unvaxxed,caserate,44.43008320542855
2021,25,2021-06-20,65+,vaxxed,hosprate,1.4480047810485135
2021,25,2021-06-20,65+,unvaxxed,hosprate,15.146619274577914
2021,25,2021-06-20,65+,vaxxed,deathrate,0.1316367982771376
2021,25,2021-06-20,65+,unvaxxed,deathrate,2.019549236610388
2021,26,2021-06-27,12-17,vaxxed,caserate,0.7207466935745432
2021,26,2021-06-27,12-17,unvaxxed,caserate,26.441663926451493
2021,26,2021-06-27,12-17,vaxxed,hosprate,0
2021,26,2021-06-27,12-17,unvaxxed,hosprate,1.355982765459051
2021,26,2021-06-27,12-17,vaxxed,deathrate,0
2021,26,2021-06-27,12-17,unvaxxed,deathrate,0
2021,26,2021-06-27,18-49,vaxxed,caserate,5.605167151770867
2021,26,2021-06-27,18-49,unvaxxed,caserate,33.08861544824734
2021,26,2021-06-27,18-49,vaxxed,hosprate,0.08123430654740386
2021,26,2021-06-27,18-49,unvaxxed,hosprate,3.38406294357075
2021,26,2021-06-27,18-49,vaxxed,deathrate,0
2021,26,2021-06-27,18-49,unvaxxed,deathrate,0
2021,26,2021-06-27,50-64,vaxxed,caserate,4.896310696056882
2021,26,2021-06-27,50-64,unvaxxed,caserate,22.32491683968477
2021,26,2021-06-27,50-64,vaxxed,hosprate,1.058661772120407
2021,26,2021-06-27,50-64,unvaxxed,hosprate,4.464983367936954
2021,26,2021-06-27,50-64,vaxxed,deathrate,0
2021,26,2021-06-27,50-64,unvaxxed,deathrate,0.2790614604960596
2021,26,2021-06-27,65+,vaxxed,caserate,7.215281704275776
2021,26,2021-06-27,65+,unvaxxed,caserate,32.14867205243345
2021,26,2021-06-27,65+,vaxxed,hosprate,1.705430221010638
2021,26,2021-06-27,65+,unvaxxed,hosprate,9.333485434577453
2021,26,2021-06-27,65+,vaxxed,deathrate,0.1311869400777414
2021,26,2021-06-27,65+,unvaxxed,deathrate,2.074107874350545
2021,27,2021-07-04,12-17,vaxxed,caserate,2.683717216716875
2021,27,2021-07-04,12-17,unvaxxed,caserate,24.93967058559049
2021,27,2021-07-04,12-17,vaxxed,hosprate,0
2021,27,2021-07-04,12-17,unvaxxed,hosprate,1.7563148299711613
2021,27,2021-07-04,12-17,vaxxed,deathrate,0
2021,27,2021-07-04,12-17,unvaxxed,deathrate,0
2021,27,2021-07-04,18-49,vaxxed,caserate,6.888580415765879
2021,27,2021-07-04,18-49,unvaxxed,caserate,44.15247320747648
2021,27,2021-07-04,18-49,vaxxed,hosprate,0.16019954455269483
2021,27,2021-07-04,18-49,unvaxxed,hosprate,3.0581799624226136
2021,27,2021-07-04,18-49,vaxxed,deathrate,0
2021,27,2021-07-04,18-49,unvaxxed,deathrate,0.09556812382570669
2021,27,2021-07-04,50-64,vaxxed,caserate,9.719079209182166
2021,27,2021-07-04,50-64,unvaxxed,caserate,32.61245625677063
2021,27,2021-07-04,50-64,vaxxed,hosprate,0.7880334493931486
2021,27,2021-07-04,50-64,unvaxxed,hosprate,2.8358657614583156
2021,27,2021-07-04,50-64,vaxxed,deathrate,0
2021,27,2021-07-04,50-64,unvaxxed,deathrate,0.5671731522916631
2021,27,2021-07-04,65+,vaxxed,caserate,6.543680375240807
2021,27,2021-07-04,65+,unvaxxed,caserate,47.56770469968922
2021,27,2021-07-04,65+,vaxxed,hosprate,1.4396096825529776
2021,27,2021-07-04,65+,unvaxxed,hosprate,22.198262193188306
2021,27,2021-07-04,65+,vaxxed,deathrate,0.13087360750481614
2021,27,2021-07-04,65+,unvaxxed,deathrate,3.171180313312614
2021,28,2021-07-11,12-17,vaxxed,caserate,3.1844091328853934
2021,28,2021-07-11,12-17,unvaxxed,caserate,33.60810063638565
2021,28,2021-07-11,12-17,vaxxed,hosprate,0
2021,28,2021-07-11,12-17,unvaxxed,hosprate,0.7227548523953903
2021,28,2021-07-11,12-17,vaxxed,deathrate,0
2021,28,2021-07-11,12-17,unvaxxed,deathrate,0
2021,28,2021-07-11,18-49,vaxxed,caserate,16.568550196365067
2021,28,2021-07-11,18-49,unvaxxed,caserate,64.35124749489786
2021,28,2021-07-11,18-49,vaxxed,hosprate,0.07927535979122041
2021,28,2021-07-11,18-49,unvaxxed,hosprate,4.644902074819696
2021,28,2021-07-11,18-49,vaxxed,deathrate,0
2021,28,2021-07-11,18-49,unvaxxed,deathrate,0.290306379676231
2021,28,2021-07-11,50-64,vaxxed,caserate,11.887468779065514
2021,28,2021-07-11,50-64,unvaxxed,caserate,58.24913989262646
2021,28,2021-07-11,50-64,vaxxed,hosprate,1.1756837254020838
2021,28,2021-07-11,50-64,unvaxxed,hosprate,8.89518885059813
2021,28,2021-07-11,50-64,vaxxed,deathrate,0
2021,28,2021-07-11,50-64,unvaxxed,deathrate,0.28694157582574614
2021,28,2021-07-11,65+,vaxxed,caserate,10.450713130537245
2021,28,2021-07-11,65+,unvaxxed,caserate,107.29613733905579
2021,28,2021-07-11,65+,vaxxed,hosprate,3.396481767424605
2021,28,2021-07-11,65+,unvaxxed,hosprate,46.137339055793994
2021,28,2021-07-11,65+,vaxxed,deathrate,0.26126782826343115
2021,28,2021-07-11,65+,unvaxxed,deathrate,12.875536480686696
2021,29,2021-07-18,12-17,vaxxed,caserate,9.185154341210113
2021,29,2021-07-18,12-17,unvaxxed,caserate,66.19161548218187
2021,29,2021-07-18,12-17,vaxxed,hosprate,0.6123436227473409
2021,29,2021-07-18,12-17,unvaxxed,hosprate,0.3697855613529714
2021,29,2021-07-18,12-17,vaxxed,deathrate,0
2021,29,2021-07-18,12-17,unvaxxed,deathrate,0
2021,29,2021-07-18,18-49,vaxxed,caserate,29.311110325290457
2021,29,2021-07-18,18-49,unvaxxed,caserate,114.74553490201141
2021,29,2021-07-18,18-49,vaxxed,hosprate,0.5500744565067914
2021,29,2021-07-18,18-49,unvaxxed,hosprate,6.945381907964886
2021,29,2021-07-18,18-49,vaxxed,deathrate,0
2021,29,2021-07-18,18-49,unvaxxed,deathrate,0.09782228039387161
2021,29,2021-07-18,50-64,vaxxed,caserate,21.96922228953095
2021,29,2021-07-18,50-64,unvaxxed,caserate,78.89615004191359
2021,29,2021-07-18,50-64,vaxxed,hosprate,1.1699585834661452
2021,29,2021-07-18,50-64,unvaxxed,hosprate,15.953265633475173
2021,29,2021-07-18,50-64,vaxxed,deathrate,0
2021,29,2021-07-18,50-64,unvaxxed,deathrate,0.8701781254622822
2021,29,2021-07-18,65+,vaxxed,caserate,18.909878129095784
2021,29,2021-07-18,65+,unvaxxed,caserate,141.45348900471149
2021,29,2021-07-18,65+,vaxxed,hosprate,3.9123885784336103
2021,29,2021-07-18,65+,unvaxxed,hosprate,38.08363165511463
2021,29,2021-07-18,65+,vaxxed,deathrate,0.6520647630722683
2021,29,2021-07-18,65+,unvaxxed,deathrate,4.352415046298815
2021,30,2021-07-25,12-17,vaxxed,caserate,11.848271041048335
2021,30,2021-07-25,12-17,unvaxxed,caserate,116.63326199454202
2021,30,2021-07-25,12-17,vaxxed,hosprate,0
2021,30,2021-07-25,12-17,unvaxxed,hosprate,0.7549078446248674
2021,30,2021-07-25,12-17,vaxxed,deathrate,0
2021,30,2021-07-25,12-17,unvaxxed,deathrate,0
2021,30,2021-07-25,18-49,vaxxed,caserate,51.05894696963201
2021,30,2021-07-25,18-49,unvaxxed,caserate,189.62712922906047
2021,30,2021-07-25,18-49,vaxxed,hosprate,0.4677155447599879
2021,30,2021-07-25,18-49,unvaxxed,hosprate,9.288666048739804
2021,30,2021-07-25,18-49,vaxxed,deathrate,0
2021,30,2021-07-25,18-49,unvaxxed,deathrate,0.29644678878956826
2021,30,2021-07-25,50-64,vaxxed,caserate,39.73307655670829
2021,30,2021-07-25,50-64,unvaxxed,caserate,108.09734033671296
2021,30,2021-07-25,50-64,vaxxed,hosprate,1.4236607235302645
2021,30,2021-07-25,50-64,unvaxxed,hosprate,12.596709036527526
2021,30,2021-07-25,50-64,vaxxed,deathrate,0
2021,30,2021-07-25,50-64,unvaxxed,deathrate,1.1717868871188395
2021,30,2021-07-25,65+,vaxxed,caserate,37.500781266276384
2021,30,2021-07-25,65+,unvaxxed,caserate,206.14238155080804
2021,30,2021-07-25,65+,vaxxed,hosprate,5.989708118919144
2021,30,2021-07-25,65+,unvaxxed,hosprate,56.22064951385674
2021,30,2021-07-25,65+,vaxxed,deathrate,1.6927435988249755
2021,30,2021-07-25,65+,unvaxxed,deathrate,11.023656767422889
2021,31,2021-08-01,12-17,vaxxed,caserate,16.714408396396607
2021,31,2021-08-01,12-17,unvaxxed,caserate,169.08054766726485
2021,31,2021-08-01,12-17,vaxxed,hosprate,0
2021,31,2021-08-01,12-17,unvaxxed,hosprate,3.074191775768452
2021,31,2021-08-01,12-17,vaxxed,deathrate,0
2021,31,2021-08-01,12-17,unvaxxed,deathrate,0
2021,31,2021-08-01,18-49,vaxxed,caserate,77.28023095881636
2021,31,2021-08-01,18-49,unvaxxed,caserate,257.8536082042153
2021,31,2021-08-01,18-49,vaxxed,hosprate,0.6188607083789098
2021,31,2021-08-01,18-49,unvaxxed,hosprate,11.47568302766438
2021,31,2021-08-01,18-49,vaxxed,deathrate,0
2021,31,2021-08-01,18-49,unvaxxed,deathrate,0.3991541922665871
2021,31,2021-08-01,50-64,vaxxed,caserate,55.53730083563664
2021,31,2021-08-01,50-64,unvaxxed,caserate,172.5056219670967
2021,31,2021-08-01,50-64,vaxxed,hosprate,2.190566390268731
2021,31,2021-08-01,50-64,unvaxxed,hosprate,23.967333412238137
2021,31,2021-08-01,50-64,vaxxed,deathrate,0.12885684648639595
2021,31,2021-08-01,50-64,unvaxxed,deathrate,2.3671440407148774
2021,31,2021-08-01,65+,vaxxed,caserate,58.89028856241396
2021,31,2021-08-01,65+,unvaxxed,caserate,299.5383979166434
2021,31,2021-08-01,65+,vaxxed,hosprate,7.410036309177915
2021,31,2021-08-01,65+,unvaxxed,hosprate,83.8260441930905
2021,31,2021-08-01,65+,vaxxed,deathrate,1.1700057330280915
2021,31,2021-08-01,65+,unvaxxed,deathrate,14.529847660135683
2021,32,2021-08-08,12-17,vaxxed,caserate,29.85764102101865
2021,32,2021-08-08,12-17,unvaxxed,caserate,214.6550883012977
2021,32,2021-08-08,12-17,vaxxed,hosprate,0
2021,32,2021-08-08,12-17,unvaxxed,hosprate,1.1708459361888965
2021,32,2021-08-08,12-17,vaxxed,deathrate,0
2021,32,2021-08-08,12-17,unvaxxed,deathrate,0
2021,32,2021-08-08,18-49,vaxxed,caserate,94.99345336143972
2021,32,2021-08-08,18-49,unvaxxed,caserate,327.1134429823236
2021,32,2021-08-08,18-49,vaxxed,hosprate,0.8447275561647833
2021,32,2021-08-08,18-49,unvaxxed,hosprate,16.320411999734038
2021,32,2021-08-08,18-49,vaxxed,deathrate,0.07679341419679848
2021,32,2021-08-08,18-49,unvaxxed,deathrate,0.20148656789795108
2021,32,2021-08-08,50-64,vaxxed,caserate,79.0427613640009
2021,32,2021-08-08,50-64,unvaxxed,caserate,236.03931996773133
2021,32,2021-08-08,50-64,vaxxed,hosprate,2.181374907772752
2021,32,2021-08-08,50-64,unvaxxed,hosprate,28.08569123666677
2021,32,2021-08-08,50-64,vaxxed,deathrate,0
2021,32,2021-08-08,50-64,unvaxxed,deathrate,2.9878394932624217
2021,32,2021-08-08,65+,vaxxed,caserate,71.2646423527457
2021,32,2021-08-08,65+,unvaxxed,caserate,356.61723083889956
2021,32,2021-08-08,65+,vaxxed,hosprate,11.682728254548476
2021,32,2021-08-08,65+,unvaxxed,hosprate,96.23004641684592
2021,32,2021-08-08,65+,vaxxed,deathrate,2.725969926061311
2021,32,2021-08-08,65+,unvaxxed,deathrate,23.77448205592664
2021,33,2021-08-15,12-17,vaxxed,caserate,37.38975520707326
2021,33,2021-08-15,12-17,unvaxxed,caserate,241.39820380678617
2021,33,2021-08-15,12-17,vaxxed,hosprate,0
2021,33,2021-08-15,12-17,unvaxxed,hosprate,3.1762921553524497
2021,33,2021-08-15,12-17,vaxxed,deathrate,0
2021,33,2021-08-15,12-17,unvaxxed,deathrate,0
2021,33,2021-08-15,18-49,vaxxed,caserate,117.60428710689644
2021,33,2021-08-15,18-49,unvaxxed,caserate,392.2506334008283
2021,33,2021-08-15,18-49,vaxxed,hosprate,1.0670512115985418
2021,33,2021-08-15,18-49,unvaxxed,hosprate,16.28018193103308
2021,33,2021-08-15,18-49,vaxxed,deathrate,0.15243588737122027
2021,33,2021-08-15,18-49,unvaxxed,deathrate,0.5087556853447838
2021,33,2021-08-15,50-64,vaxxed,caserate,101.05087803120695
2021,33,2021-08-15,50-64,unvaxxed,caserate,309.4423697549518
2021,33,2021-08-15,50-64,vaxxed,hosprate,2.427265085452506
2021,33,2021-08-15,50-64,unvaxxed,hosprate,38.34066435012574
2021,33,2021-08-15,50-64,vaxxed,deathrate,0.5110031758847382
2021,33,2021-08-15,50-64,unvaxxed,deathrate,4.830319918126078
2021,33,2021-08-15,65+,vaxxed,caserate,105.63425919925342
2021,33,2021-08-15,65+,unvaxxed,caserate,502.4779735682819
2021,33,2021-08-15,65+,vaxxed,hosprate,14.25738467719985
2021,33,2021-08-15,65+,unvaxxed,hosprate,123.89867841409692
2021,33,2021-08-15,65+,vaxxed,deathrate,2.5922517594908814
2021,33,2021-08-15,65+,unvaxxed,deathrate,27.53303964757709
2021,34,2021-08-22,12-17,vaxxed,caserate,40.64823233673851
2021,34,2021-08-22,12-17,unvaxxed,caserate,257.33089105380037
2021,34,2021-08-22,12-17,vaxxed,hosprate,0.5348451623255068
2021,34,2021-08-22,12-17,unvaxxed,hosprate,2.0262274886126015
2021,34,2021-08-22,12-17,vaxxed,deathrate,0
2021,34,2021-08-22,12-17,unvaxxed,deathrate,0
2021,34,2021-08-22,18-49,vaxxed,caserate,119.00738465772524
2021,34,2021-08-22,18-49,unvaxxed,caserate,410.7137346869504
2021,34,2021-08-22,18-49,vaxxed,hosprate,1.0585154925083566
2021,34,2021-08-22,18-49,unvaxxed,hosprate,15.634482262062724
2021,34,2021-08-22,18-49,vaxxed,deathrate,0
2021,34,2021-08-22,18-49,unvaxxed,deathrate,0.10285843593462318
2021,34,2021-08-22,50-64,vaxxed,caserate,103.97164040048146
2021,34,2021-08-22,50-64,unvaxxed,caserate,305.87113688726464
2021,34,2021-08-22,50-64,vaxxed,hosprate,3.304722066518971
2021,34,2021-08-22,50-64,unvaxxed,hosprate,36.056737415281944
2021,34,2021-08-22,50-64,vaxxed,deathrate,0.6355234743305713
2021,34,2021-08-22,50-64,unvaxxed,deathrate,3.055655713159487
2021,34,2021-08-22,65+,vaxxed,caserate,114.242242718836
2021,34,2021-08-22,65+,unvaxxed,caserate,486.132969607946
2021,34,2021-08-22,65+,vaxxed,hosprate,15.26680027273233
2021,34,2021-08-22,65+,unvaxxed,hosprate,121.2417957775213
2021,34,2021-08-22,65+,vaxxed,deathrate,4.269528889831923
2021,34,2021-08-22,65+,unvaxxed,deathrate,34.973594935823456
2021,35,2021-08-29,12-17,vaxxed,caserate,41.763771732629365
2021,35,2021-08-29,12-17,unvaxxed,caserate,318.20039535252266
2021,35,2021-08-29,12-17,vaxxed,hosprate,0
2021,35,2021-08-29,12-17,unvaxxed,hosprate,3.7533467341713025
2021,35,2021-08-29,12-17,vaxxed,deathrate,0
2021,35,2021-08-29,12-17,unvaxxed,deathrate,0
2021,35,2021-08-29,18-49,vaxxed,caserate,144.65985849826154
2021,35,2021-08-29,18-49,unvaxxed,caserate,476.01710448486773
2021,35,2021-08-29,18-49,vaxxed,hosprate,1.3470654179869155
2021,35,2021-08-29,18-49,unvaxxed,hosprate,14.917914955366225
2021,35,2021-08-29,18-49,vaxxed,deathrate,0.07483696766593974
2021,35,2021-08-29,18-49,unvaxxed,deathrate,0.8345686688316769
2021,35,2021-08-29,50-64,vaxxed,caserate,120.99412206008279
2021,35,2021-08-29,50-64,unvaxxed,caserate,342.60072430261823
2021,35,2021-08-29,50-64,vaxxed,hosprate,3.788959981004681
2021,35,2021-08-29,50-64,unvaxxed,hosprate,42.51476379479954
2021,35,2021-08-29,50-64,vaxxed,deathrate,0.12629866603348935
2021,35,2021-08-29,50-64,unvaxxed,deathrate,5.2755546314714765
2021,35,2021-08-29,65+,vaxxed,caserate,124.9803104366306
2021,35,2021-08-29,65+,unvaxxed,caserate,585.6776278274092
2021,35,2021-08-29,65+,vaxxed,hosprate,14.718755567950296
2021,35,2021-08-29,65+,unvaxxed,hosprate,152.0623455616803
2021,35,2021-08-29,65+,vaxxed,deathrate,3.615132946514108
2021,35,2021-08-29,65+,unvaxxed,deathrate,40.39156053982133
2021,36,2021-09-05,12-17,vaxxed,caserate,50.0579101313284
2021,36,2021-09-05,12-17,unvaxxed,caserate,393.5295908161934
2021,36,2021-09-05,12-17,vaxxed,hosprate,0.4907638248169451
2021,36,2021-09-05,12-17,unvaxxed,hosprate,2.1741966343436103
2021,36,2021-09-05,12-17,vaxxed,deathrate,0
2021,36,2021-09-05,12-17,unvaxxed,deathrate,0
2021,36,2021-09-05,18-49,vaxxed,caserate,144.03258728049624
2021,36,2021-09-05,18-49,unvaxxed,caserate,477.5654674608746
2021,36,2021-09-05,18-49,vaxxed,hosprate,1.625816788184155
2021,36,2021-09-05,18-49,unvaxxed,hosprate,18.265790616693444
2021,36,2021-09-05,18-49,vaxxed,deathrate,0
2021,36,2021-09-05,18-49,unvaxxed,deathrate,1.061964570737991
2021,36,2021-09-05,50-64,vaxxed,caserate,112.84445770715108
2021,36,2021-09-05,50-64,unvaxxed,caserate,365.610493684766
2021,36,2021-09-05,50-64,vaxxed,hosprate,3.2599510004288086
2021,36,2021-09-05,50-64,unvaxxed,hosprate,39.49983726067048
2021,36,2021-09-05,50-64,vaxxed,deathrate,0.37614819235717023
2021,36,2021-09-05,50-64,unvaxxed,deathrate,3.791984377024367
2021,36,2021-09-05,65+,vaxxed,caserate,124.04055340377326
2021,36,2021-09-05,65+,unvaxxed,caserate,664.32674674212706
2021,36,2021-09-05,65+,vaxxed,hosprate,15.070347609804228
2021,36,2021-09-05,65+,unvaxxed,hosprate,174.88674868531314
2021,36,2021-09-05,65+,vaxxed,deathrate,3.992998084648984
2021,36,2021-09-05,65+,unvaxxed,deathrate,53.437617653845685
2021,37,2021-09-12,12-17,vaxxed,caserate,91.28444232227622
2021,37,2021-09-12,12-17,unvaxxed,caserate,732.795435134202
2021,37,2021-09-12,12-17,vaxxed,hosprate,0
2021,37,2021-09-12,12-17,unvaxxed,hosprate,3.6344472914281565
2021,37,2021-09-12,12-17,vaxxed,deathrate,0
2021,37,2021-09-12,12-17,unvaxxed,deathrate,0
2021,37,2021-09-12,18-49,vaxxed,caserate,167.39625846741208
2021,37,2021-09-12,18-49,unvaxxed,caserate,518.8140404320133
2021,37,2021-09-12,18-49,vaxxed,hosprate,1.5323981812622727
2021,37,2021-09-12,18-49,unvaxxed,hosprate,19.471752977014678
2021,37,2021-09-12,18-49,vaxxed,deathrate,0.14594268392974027
2021,37,2021-09-12,18-49,unvaxxed,deathrate,0.8654112434228746
2021,37,2021-09-12,50-64,vaxxed,caserate,139.186295503212
2021,37,2021-09-12,50-64,unvaxxed,caserate,387.418550398198
2021,37,2021-09-12,50-64,vaxxed,hosprate,4.730840097604701
2021,37,2021-09-12,50-64,unvaxxed,hosprate,44.40511624165393
2021,37,2021-09-12,50-64,vaxxed,deathrate,0.6224789602111449
2021,37,2021-09-12,50-64,unvaxxed,deathrate,6.1137478883436565
2021,37,2021-09-12,65+,vaxxed,caserate,142.26432892232523
2021,37,2021-09-12,65+,unvaxxed,caserate,742.2209534684556
2021,37,2021-09-12,65+,vaxxed,hosprate,20.433629899412566
2021,37,2021-09-12,65+,unvaxxed,hosprate,204.7934068934702
2021,37,2021-09-12,65+,vaxxed,deathrate,5.526076010532958
2021,37,2021-09-12,65+,unvaxxed,deathrate,60.817435986545696
2021,38,2021-09-19,12-17,vaxxed,caserate,108.95323182523902
2021,38,2021-09-19,12-17,unvaxxed,caserate,947.7363016265648
2021,38,2021-09-19,12-17,vaxxed,hosprate,0.45397179927182923
2021,38,2021-09-19,12-17,unvaxxed,hosprate,4.684806236414063
2021,38,2021-09-19,12-17,vaxxed,deathrate,0
2021,38,2021-09-19,12-17,unvaxxed,deathrate,0
2021,38,2021-09-19,18-49,vaxxed,caserate,165.0799883642789
2021,38,2021-09-19,18-49,unvaxxed,caserate,553.0949124064797
2021,38,2021-09-19,18-49,vaxxed,hosprate,1.6601835296801113
2021,38,2021-09-19,18-49,unvaxxed,hosprate,18.3631909288036
2021,38,2021-09-19,18-49,vaxxed,deathrate,0.07218189259478745
2021,38,2021-09-19,18-49,unvaxxed,deathrate,0.9896330440672598
2021,38,2021-09-19,50-64,vaxxed,caserate,149.8045731250596
2021,38,2021-09-19,50-64,unvaxxed,caserate,414.305116619218
2021,38,2021-09-19,50-64,vaxxed,hosprate,3.7141629700427994
2021,38,2021-09-19,50-64,unvaxxed,hosprate,46.03390184657978
2021,38,2021-09-19,50-64,vaxxed,deathrate,0.49522172933904
2021,38,2021-09-19,50-64,unvaxxed,deathrate,9.794447201399953
2021,38,2021-09-19,65+,vaxxed,caserate,164.60535769270246
2021,38,2021-09-19,65+,unvaxxed,caserate,778.4703121451462
2021,38,2021-09-19,65+,vaxxed,hosprate,20.655855485989942
2021,38,2021-09-19,65+,unvaxxed,hosprate,189.25534330919277
2021,38,2021-09-19,65+,vaxxed,deathrate,5.901672995997126
2021,38,2021-09-19,65+,unvaxxed,deathrate,45.421282394206266
2021,39,2021-09-26,12-17,vaxxed,caserate,97.89980552934558
2021,39,2021-09-26,12-17,unvaxxed,caserate,1006.7646507334381
2021,39,2021-09-26,12-17,vaxxed,hosprate,0
2021,39,2021-09-26,12-17,unvaxxed,hosprate,4.807854110474872
2021,39,2021-09-26,12-17,vaxxed,deathrate,0
2021,39,2021-09-26,12-17,unvaxxed,deathrate,0
2021,39,2021-09-26,18-49,vaxxed,caserate,218.71638324192787
2021,39,2021-09-26,18-49,unvaxxed,caserate,672.88201575987
2021,39,2021-09-26,18-49,vaxxed,hosprate,1.9987136849784533
2021,39,2021-09-26,18-49,unvaxxed,hosprate,19.017446829456013
2021,39,2021-09-26,18-49,vaxxed,deathrate,0
2021,39,2021-09-26,18-49,unvaxxed,deathrate,1.5661426800728482
2021,39,2021-09-26,50-64,vaxxed,caserate,187.65561009005992
2021,39,2021-09-26,50-64,unvaxxed,caserate,515.7524785600006
2021,39,2021-09-26,50-64,vaxxed,hosprate,5.541012108958462
2021,39,2021-09-26,50-64,unvaxxed,hosprate,55.98084064010283
2021,39,2021-09-26,50-64,vaxxed,deathrate,0.49253440968519663
2021,39,2021-09-26,50-64,unvaxxed,deathrate,6.624951555041753
2021,39,2021-09-26,65+,vaxxed,caserate,219.1648168097237
2021,39,2021-09-26,65+,unvaxxed,caserate,951.196687476765
2021,39,2021-09-26,65+,vaxxed,hosprate,24.59359721067618
2021,39,2021-09-26,65+,unvaxxed,hosprate,214.0833514940967
2021,39,2021-09-26,65+,vaxxed,deathrate,7.173132519780553
2021,39,2021-09-26,65+,unvaxxed,deathrate,61.532939351596646
2021,40,2021-10-03,12-17,vaxxed,caserate,106.76480927725432
2021,40,2021-10-03,12-17,unvaxxed,caserate,899.5627603641532
2021,40,2021-10-03,12-17,vaxxed,hosprate,0
2021,40,2021-10-03,12-17,unvaxxed,hosprate,8.361162890208094
2021,40,2021-10-03,12-17,vaxxed,deathrate,0
2021,40,2021-10-03,12-17,unvaxxed,deathrate,0
2021,40,2021-10-03,18-49,vaxxed,caserate,220.85240110645566
2021,40,2021-10-03,18-49,unvaxxed,caserate,669.4220875262007
2021,40,2021-10-03,18-49,vaxxed,hosprate,1.4152669087244836
2021,40,2021-10-03,18-49,unvaxxed,hosprate,21.096663551317068
2021,40,2021-10-03,18-49,vaxxed,deathrate,0
2021,40,2021-10-03,18-49,unvaxxed,deathrate,0.9073833785512717
2021,40,2021-10-03,50-64,vaxxed,caserate,197.65099395644077
2021,40,2021-10-03,50-64,unvaxxed,caserate,593.4270664397056
2021,40,2021-10-03,50-64,vaxxed,hosprate,4.7818788860429216
2021,40,2021-10-03,50-64,unvaxxed,hosprate,52.94267447626962
2021,40,2021-10-03,50-64,vaxxed,deathrate,0.7356736747758341
2021,40,2021-10-03,50-64,unvaxxed,deathrate,10.72256698253562
2021,40,2021-10-03,65+,vaxxed,caserate,227.17126999740339
2021,40,2021-10-03,65+,unvaxxed,caserate,1080.4977310847885
2021,40,2021-10-03,65+,vaxxed,hosprate,24.942791469309494
2021,40,2021-10-03,65+,unvaxxed,hosprate,235.343067781404
2021,40,2021-10-03,65+,vaxxed,deathrate,6.907234560731859
2021,40,2021-10-03,65+,unvaxxed,deathrate,76.71403866907644
2021,41,2021-10-10,12-17,vaxxed,caserate,80.61818711995815
2021,41,2021-10-10,12-17,unvaxxed,caserate,669.7051900905573
2021,41,2021-10-10,12-17,vaxxed,hosprate,0.4288201442550965
2021,41,2021-10-10,12-17,unvaxxed,hosprate,4.487972234411776
2021,41,2021-10-10,12-17,vaxxed,deathrate,0
2021,41,2021-10-10,12-17,unvaxxed,deathrate,0
2021,41,2021-10-10,18-49,vaxxed,caserate,184.14640658065204
2021,41,2021-10-10,18-49,unvaxxed,caserate,567.1875735089094
2021,41,2021-10-10,18-49,vaxxed,hosprate,1.6159356548473853
2021,41,2021-10-10,18-49,unvaxxed,hosprate,17.211842206420474
2021,41,2021-10-10,18-49,vaxxed,deathrate,0.07025807194988633
2021,41,2021-10-10,18-49,unvaxxed,deathrate,1.0327105323852286
2021,41,2021-10-10,50-64,vaxxed,caserate,175.7288838160786
2021,41,2021-10-10,50-64,unvaxxed,caserate,503.873740738361
2021,41,2021-10-10,50-64,vaxxed,hosprate,5.376961674483629
2021,41,2021-10-10,50-64,unvaxxed,hosprate,57.827120581382374
2021,41,2021-10-10,50-64,vaxxed,deathrate,1.2220367442008246
2021,41,2021-10-10,50-64,unvaxxed,deathrate,8.7924276907365
2021,41,2021-10-10,65+,vaxxed,caserate,185.42166828421105
2021,41,2021-10-10,65+,unvaxxed,caserate,987.8600333253986
2021,41,2021-10-10,65+,vaxxed,hosprate,20.049037135414007
2021,41,2021-10-10,65+,unvaxxed,hosprate,224.81419767780156
2021,41,2021-10-10,65+,vaxxed,deathrate,7.151248914542576
2021,41,2021-10-10,65+,unvaxxed,deathrate,63.476949932555755
2021,42,2021-10-17,12-17,vaxxed,caserate,73.43421694929643
2021,42,2021-10-17,12-17,unvaxxed,caserate,503.1567154010366
2021,42,2021-10-17,12-17,vaxxed,hosprate,0.8489504849629645
2021,42,2021-10-17,12-17,unvaxxed,hosprate,2.5233536379189396
2021,42,2021-10-17,12-17,vaxxed,deathrate,0
2021,42,2021-10-17,12-17,unvaxxed,deathrate,0
2021,42,2021-10-17,18-49,vaxxed,caserate,168.21368370525
2021,42,2021-10-17,18-49,unvaxxed,caserate,533.7072456736399
2021,42,2021-10-17,18-49,vaxxed,hosprate,1.116308145700539
2021,42,2021-10-17,18-49,unvaxxed,hosprate,18.45573120098059
2021,42,2021-10-17,18-49,vaxxed,deathrate,0
2021,42,2021-10-17,18-49,unvaxxed,deathrate,1.0446640302441843
2021,42,2021-10-17,50-64,vaxxed,caserate,172.00088680343904
2021,42,2021-10-17,50-64,unvaxxed,caserate,453.10468833698974
2021,42,2021-10-17,50-64,vaxxed,hosprate,4.872546368369378
2021,42,2021-10-17,50-64,unvaxxed,hosprate,44.35512762334991
2021,42,2021-10-17,50-64,vaxxed,deathrate,0.8526956144646411
2021,42,2021-10-17,50-64,unvaxxed,deathrate,9.894605392901132
2021,42,2021-10-17,65+,vaxxed,caserate,168.94562628462427
2021,42,2021-10-17,65+,unvaxxed,caserate,811.5879712988095
2021,42,2021-10-17,65+,vaxxed,hosprate,20.528487420244915
2021,42,2021-10-17,65+,unvaxxed,hosprate,198.86592674209237
2021,42,2021-10-17,65+,vaxxed,deathrate,8.415404780969965
2021,42,2021-10-17,65+,unvaxxed,deathrate,67.18443471016634
2021,43,2021-10-24,12-17,vaxxed,caserate,86.1894991759443
2021,43,2021-10-24,12-17,unvaxxed,caserate,608.5171987788816
2021,43,2021-10-24,12-17,vaxxed,hosprate,0
2021,43,2021-10-24,12-17,unvaxxed,hosprate,3.0630060341218877
2021,43,2021-10-24,12-17,vaxxed,deathrate,0
2021,43,2021-10-24,12-17,unvaxxed,deathrate,0
2021,43,2021-10-24,18-49,vaxxed,caserate,221.2999848861539
2021,43,2021-10-24,18-49,unvaxxed,caserate,616.2375605767505
2021,43,2021-10-24,18-49,vaxxed,hosprate,2.0105575067977646
2021,43,2021-10-24,18-49,unvaxxed,hosprate,19.70834002986752
2021,43,2021-10-24,18-49,vaxxed,deathrate,0.0693295691999229
2021,43,2021-10-24,18-49,unvaxxed,deathrate,1.1731154779683048
2021,43,2021-10-24,50-64,vaxxed,caserate,210.23559503596232
2021,43,2021-10-24,50-64,unvaxxed,caserate,560.4621318204181
2021,43,2021-10-24,50-64,vaxxed,hosprate,6.194116318217261
2021,43,2021-10-24,50-64,unvaxxed,hosprate,52.64008972898955
2021,43,2021-10-24,50-64,vaxxed,deathrate,0.6072663057075746
2021,43,2021-10-24,50-64,unvaxxed,deathrate,9.633480473279132
2021,43,2021-10-24,65+,vaxxed,caserate,211.02796216015204
2021,43,2021-10-24,65+,unvaxxed,caserate,1070.8357144800937
2021,43,2021-10-24,65+,vaxxed,hosprate,25.725798645956974
2021,43,2021-10-24,65+,unvaxxed,hosprate,251.7212289438594
2021,43,2021-10-24,65+,vaxxed,deathrate,9.806368790785578
2021,43,2021-10-24,65+,unvaxxed,deathrate,61.22948812147931
2021,44,2021-10-31,12-17,vaxxed,caserate,121.30964390825488
2021,44,2021-10-31,12-17,unvaxxed,caserate,633.4729587520376
2021,44,2021-10-31,12-17,vaxxed,hosprate,0.4168716285507041
2021,44,2021-10-31,12-17,unvaxxed,hosprate,2.579287291335658
2021,44,2021-10-31,12-17,vaxxed,deathrate,0
2021,44,2021-10-31,12-17,unvaxxed,deathrate,0
2021,44,2021-10-31,18-49,vaxxed,caserate,315.53679171400523
2021,44,2021-10-31,18-49,unvaxxed,caserate,828.4050301265113
2021,44,2021-10-31,18-49,vaxxed,hosprate,2.619706813443784
2021,44,2021-10-31,18-49,unvaxxed,hosprate,24.636580821606284
2021,44,2021-10-31,18-49,vaxxed,deathrate,0.06893965298536274
2021,44,2021-10-31,18-49,unvaxxed,deathrate,1.0660059009348872
2021,44,2021-10-31,50-64,vaxxed,caserate,281.3980504432958
2021,44,2021-10-31,50-64,unvaxxed,caserate,692.5620636824336
2021,44,2021-10-31,50-64,vaxxed,hosprate,7.9949510672654
2021,44,2021-10-31,50-64,unvaxxed,hosprate,70.71204253814638
2021,44,2021-10-31,50-64,vaxxed,deathrate,0.8479493556190576
2021,44,2021-10-31,50-64,unvaxxed,deathrate,12.825223401526548
2021,44,2021-10-31,65+,vaxxed,caserate,222.9979163115407
2021,44,2021-10-31,65+,unvaxxed,caserate,1305.9290279920651
2021,44,2021-10-31,65+,vaxxed,hosprate,29.003722144341854
2021,44,2021-10-31,65+,unvaxxed,hosprate,314.08419660568654
2021,44,2021-10-31,65+,vaxxed,deathrate,10.303953919700398
2021,44,2021-10-31,65+,unvaxxed,deathrate,103.3171699360811
2021,45,2021-11-07,12-17,vaxxed,caserate,152.71472145083123
2021,45,2021-11-07,12-17,unvaxxed,caserate,801.1160447042533
2021,45,2021-11-07,12-17,vaxxed,hosprate,0.4138610337420901
2021,45,2021-11-07,12-17,unvaxxed,hosprate,2.082172955696565
2021,45,2021-11-07,12-17,vaxxed,deathrate,0
2021,45,2021-11-07,12-17,unvaxxed,deathrate,0
2021,45,2021-11-07,18-49,vaxxed,caserate,381.91200051003864
2021,45,2021-11-07,18-49,unvaxxed,caserate,973.4434950675993
2021,45,2021-11-07,18-49,vaxxed,hosprate,3.7704469624936503
2021,45,2021-11-07,18-49,unvaxxed,hosprate,30.139791222144613
2021,45,2021-11-07,18-49,vaxxed,deathrate,0.13710716227249636
2021,45,2021-11-07,18-49,unvaxxed,deathrate,2.1528422301531864
2021,45,2021-11-07,50-64,vaxxed,caserate,317.10941180734244
2021,45,2021-11-07,50-64,unvaxxed,caserate,818.5867761376539
2021,45,2021-11-07,50-64,vaxxed,hosprate,9.664286836033295
2021,45,2021-11-07,50-64,unvaxxed,hosprate,90.13887675779543
2021,45,2021-11-07,50-64,vaxxed,deathrate,1.57044661085541
2021,45,2021-11-07,50-64,unvaxxed,deathrate,13.276268669752817
2021,45,2021-11-07,65+,vaxxed,caserate,247.66402026018693
2021,45,2021-11-07,65+,unvaxxed,caserate,1554.505824140396
2021,45,2021-11-07,65+,vaxxed,hosprate,34.291941266795114
2021,45,2021-11-07,65+,unvaxxed,hosprate,371.4554043257033
2021,45,2021-11-07,65+,vaxxed,deathrate,11.811668658562764
2021,45,2021-11-07,65+,unvaxxed,deathrate,128.95810263382907
2021,46,2021-11-14,12-17,vaxxed,caserate,181.33372807342167
2021,46,2021-11-14,12-17,unvaxxed,caserate,920.5609438636268
2021,46,2021-11-14,12-17,vaxxed,hosprate,2.467125552019342
2021,46,2021-11-14,12-17,unvaxxed,hosprate,5.248352017466515
2021,46,2021-11-14,12-17,vaxxed,deathrate,0
2021,46,2021-11-14,12-17,unvaxxed,deathrate,0
2021,46,2021-11-14,18-49,vaxxed,caserate,396.18748827772004
2021,46,2021-11-14,18-49,unvaxxed,caserate,970.562110182092
2021,46,2021-11-14,18-49,vaxxed,hosprate,2.6598918992651197
2021,46,2021-11-14,18-49,unvaxxed,hosprate,32.10265124452083
2021,46,2021-11-14,18-49,vaxxed,deathrate,0
2021,46,2021-11-14,18-49,unvaxxed,deathrate,1.689613223395833
2021,46,2021-11-14,50-64,vaxxed,caserate,347.88120224465916
2021,46,2021-11-14,50-64,unvaxxed,caserate,834.817374900575
2021,46,2021-11-14,50-64,vaxxed,hosprate,10.48343075693985
2021,46,2021-11-14,50-64,unvaxxed,hosprate,85.87497448387029
2021,46,2021-11-14,50-64,vaxxed,deathrate,1.8074880615413536
2021,46,2021-11-14,50-64,unvaxxed,deathrate,15.8375977531728
2021,46,2021-11-14,65+,vaxxed,caserate,222.58608247226553
2021,46,2021-11-14,65+,unvaxxed,caserate,1645.8093082190805
2021,46,2021-11-14,65+,vaxxed,hosprate,27.522039827055057
2021,46,2021-11-14,65+,unvaxxed,hosprate,400.0626432608664
2021,46,2021-11-14,65+,vaxxed,deathrate,8.878077363566145
2021,46,2021-11-14,65+,unvaxxed,deathrate,146.64217884650978
2021,47,2021-11-21,12-17,vaxxed,caserate,167.26160122386537
2021,47,2021-11-21,12-17,unvaxxed,caserate,607.0760144001612
2021,47,2021-11-21,12-17,vaxxed,hosprate,0
2021,47,2021-11-21,12-17,unvaxxed,hosprate,3.711381747424566
2021,47,2021-11-21,12-17,vaxxed,deathrate,0
2021,47,2021-11-21,12-17,unvaxxed,deathrate,0
2021,47,2021-11-21,18-49,vaxxed,caserate,344.83460836156047
2021,47,2021-11-21,18-49,unvaxxed,caserate,861.1970834190353
2021,47,2021-11-21,18-49,vaxxed,hosprate,3.665564734552021
2021,47,2021-11-21,18-49,unvaxxed,hosprate,33.22594739590116
2021,47,2021-11-21,18-49,vaxxed,deathrate,0.06788082841763002
2021,47,2021-11-21,18-49,unvaxxed,deathrate,2.190721806323153
2021,47,2021-11-21,50-64,vaxxed,caserate,284.17081984002766
2021,47,2021-11-21,50-64,unvaxxed,caserate,765.6289322666515
2021,47,2021-11-21,50-64,vaxxed,hosprate,10.818686034518821
2021,47,2021-11-21,50-64,unvaxxed,hosprate,89.32337543110935
2021,47,2021-11-21,50-64,vaxxed,deathrate,2.043529584298
2021,47,2021-11-21,50-64,unvaxxed,deathrate,17.013976272592256
2021,47,2021-11-21,65+,vaxxed,caserate,190.79182407625592
2021,47,2021-11-21,65+,unvaxxed,caserate,1538.4393563642654
2021,47,2021-11-21,65+,vaxxed,hosprate,33.19220312614811
2021,47,2021-11-21,65+,unvaxxed,hosprate,413.8070246265644
2021,47,2021-11-21,65+,vaxxed,deathrate,12.035340828183474
2021,47,2021-11-21,65+,unvaxxed,deathrate,138.41628698310168
2021,48,2021-11-28,12-17,vaxxed,caserate,219.3497211587493
2021,48,2021-11-28,12-17,unvaxxed,caserate,935.4907843977711
2021,48,2021-11-28,12-17,vaxxed,hosprate,0.4047042825807183
2021,48,2021-11-28,12-17,unvaxxed,hosprate,8.572653236176597
2021,48,2021-11-28,12-17,vaxxed,deathrate,0
2021,48,2021-11-28,12-17,unvaxxed,deathrate,0
2021,48,2021-11-28,18-49,vaxxed,caserate,489.6669400173197
2021,48,2021-11-28,18-49,unvaxxed,caserate,1207.2350608958734
2021,48,2021-11-28,18-49,vaxxed,hosprate,4.7284709340891675
2021,48,2021-11-28,18-49,unvaxxed,hosprate,38.554903287358044
2021,48,2021-11-28,18-49,vaxxed,deathrate,0.2026487543181072
2021,48,2021-11-28,18-49,unvaxxed,deathrate,2.5785126402373213
2021,48,2021-11-28,50-64,vaxxed,caserate,382.0816074522098
2021,48,2021-11-28,50-64,unvaxxed,caserate,1021.4362272240086
2021,48,2021-11-28,50-64,vaxxed,hosprate,9.710891184069343
2021,48,2021-11-28,50-64,unvaxxed,hosprate,114.3265451947124
2021,48,2021-11-28,50-64,vaxxed,deathrate,1.4386505457880507
2021,48,2021-11-28,50-64,unvaxxed,deathrate,17.14898177920686
2021,48,2021-11-28,65+,vaxxed,caserate,222.45083115374544
2021,48,2021-11-28,65+,unvaxxed,caserate,1724.868807647893
2021,48,2021-11-28,65+,vaxxed,hosprate,31.381004622371364
2021,48,2021-11-28,65+,unvaxxed,hosprate,464.83752612883893
2021,48,2021-11-28,65+,vaxxed,deathrate,9.36368686312694
2021,48,2021-11-28,65+,unvaxxed,deathrate,153.48408881612608
2021,49,2021-12-05,12-17,vaxxed,caserate,197.97606617942333
2021,49,2021-12-05,12-17,unvaxxed,caserate,633.9530300897604
2021,49,2021-12-05,12-17,vaxxed,hosprate,1.2047225122480123
2021,49,2021-12-05,12-17,unvaxxed,hosprate,5.41377480862306
2021,49,2021-12-05,12-17,vaxxed,deathrate,0
2021,49,2021-12-05,12-17,unvaxxed,deathrate,0
2021,49,2021-12-05,18-49,vaxxed,caserate,310.4542943036718
2021,49,2021-12-05,18-49,unvaxxed,caserate,851.6188050882029
2021,49,2021-12-05,18-49,vaxxed,hosprate,3.297693566199852
2021,49,2021-12-05,18-49,unvaxxed,hosprate,32.882944136081
2021,49,2021-12-05,18-49,vaxxed,deathrate,0.06729986869795616
2021,49,2021-12-05,18-49,unvaxxed,deathrate,2.1015415425314923
2021,49,2021-12-05,50-64,vaxxed,caserate,255.5919718274467
2021,49,2021-12-05,50-64,unvaxxed,caserate,757.4342095807523
2021,49,2021-12-05,50-64,vaxxed,hosprate,8.615459724520676
2021,49,2021-12-05,50-64,unvaxxed,hosprate,98.45207467985111
2021,49,2021-12-05,50-64,vaxxed,deathrate,0.9572733027245195
2021,49,2021-12-05,50-64,unvaxxed,deathrate,15.809822211362953
2021,49,2021-12-05,65+,vaxxed,caserate,151.73624194849566
2021,49,2021-12-05,65+,unvaxxed,caserate,1456.1103578376467
2021,49,2021-12-05,65+,vaxxed,hosprate,20.73728639962774
2021,49,2021-12-05,65+,unvaxxed,hosprate,443.61256853150974
2021,49,2021-12-05,65+,vaxxed,deathrate,7.586812097424783
2021,49,2021-12-05,65+,unvaxxed,deathrate,150.32718269174086
2021,50,2021-12-12,12-17,vaxxed,caserate,221.51785465724387
2021,50,2021-12-12,12-17,unvaxxed,caserate,537.6137629123306
2021,50,2021-12-12,12-17,vaxxed,hosprate,0.7953962465251126
2021,50,2021-12-12,12-17,unvaxxed,hosprate,3.8400983065166465
2021,50,2021-12-12,12-17,vaxxed,deathrate,0
2021,50,2021-12-12,12-17,unvaxxed,deathrate,0
2021,50,2021-12-12,18-49,vaxxed,caserate,324.4637641948711
2021,50,2021-12-12,18-49,unvaxxed,caserate,780.8289586618496
2021,50,2021-12-12,18-49,vaxxed,hosprate,3.2814704737974583
2021,50,2021-12-12,18-49,unvaxxed,hosprate,27.570410587037664
2021,50,2021-12-12,18-49,vaxxed,deathrate,0.06696878517953996
2021,50,2021-12-12,18-49,unvaxxed,deathrate,3.11882472704046
2021,50,2021-12-12,50-64,vaxxed,caserate,220.56927880529747
2021,50,2021-12-12,50-64,unvaxxed,caserate,645.2243621077329
2021,50,2021-12-12,50-64,vaxxed,hosprate,7.04198455060203
2021,50,2021-12-12,50-64,unvaxxed,hosprate,83.27811632142456
2021,50,2021-12-12,50-64,vaxxed,deathrate,1.1935567034918697
2021,50,2021-12-12,50-64,unvaxxed,deathrate,14.845229431210464
2021,50,2021-12-12,65+,vaxxed,caserate,127.464492485406
2021,50,2021-12-12,65+,unvaxxed,caserate,1244.3186051710006
2021,50,2021-12-12,65+,vaxxed,hosprate,17.30687360802837
2021,50,2021-12-12,65+,unvaxxed,hosprate,380.00149020192237
2021,50,2021-12-12,65+,vaxxed,deathrate,4.80044669419765
2021,50,2021-12-12,65+,unvaxxed,deathrate,108.78474033231504
2021,51,2021-12-19,12-17,vaxxed,caserate,358.67779041840475
2021,51,2021-12-19,12-17,unvaxxed,caserate,438.5819184636343
2021,51,2021-12-19,12-17,vaxxed,hosprate,0
2021,51,2021-12-19,12-17,unvaxxed,hosprate,2.768825242825974
2021,51,2021-12-19,12-17,vaxxed,deathrate,0
2021,51,2021-12-19,12-17,unvaxxed,deathrate,0
2021,51,2021-12-19,18-49,vaxxed,caserate,485.47120715616563
2021,51,2021-12-19,18-49,unvaxxed,caserate,795.8573668677373
2021,51,2021-12-19,18-49,vaxxed,hosprate,3.2009090581725212
2021,51,2021-12-19,18-49,unvaxxed,hosprate,27.790247760747345
2021,51,2021-12-19,18-49,vaxxed,deathrate,0.20005681613578255
2021,51,2021-12-19,18-49,unvaxxed,deathrate,1.005981819393569
2021,51,2021-12-19,50-64,vaxxed,caserate,268.6929801576904
2021,51,2021-12-19,50-64,unvaxxed,caserate,505.84012099345836
2021,51,2021-12-19,50-64,vaxxed,hosprate,6.788785402920369
2021,51,2021-12-19,50-64,unvaxxed,hosprate,64.14111044297455
2021,51,2021-12-19,50-64,vaxxed,deathrate,1.3101164812653343
2021,51,2021-12-19,50-64,unvaxxed,deathrate,12.390896335574627
2021,51,2021-12-19,65+,vaxxed,caserate,127.87094249594486
2021,51,2021-12-19,65+,unvaxxed,caserate,1016.6483690012483
2021,51,2021-12-19,65+,vaxxed,hosprate,15.021364419563117
2021,51,2021-12-19,65+,unvaxxed,hosprate,300.78354112462966
2021,51,2021-12-19,65+,vaxxed,deathrate,3.1557488276393104
2021,51,2021-12-19,65+,unvaxxed,deathrate,112.79382792173612
2021,52,2021-12-26,12-17,vaxxed,caserate,803.5928096698085
2021,52,2021-12-26,12-17,unvaxxed,caserate,751.942704870868
2021,52,2021-12-26,12-17,vaxxed,hosprate,2.3554259198919643
2021,52,2021-12-26,12-17,unvaxxed,hosprate,5.5864985503036255
2021,52,2021-12-26,12-17,vaxxed,deathrate,0
2021,52,2021-12-26,12-17,unvaxxed,deathrate,0
2021,52,2021-12-26,18-49,vaxxed,caserate,1225.6370270697487
2021,52,2021-12-26,18-49,unvaxxed,caserate,1546.7255316156225
2021,52,2021-12-26,18-49,vaxxed,hosprate,6.907242376463306
2021,52,2021-12-26,18-49,unvaxxed,hosprate,30.285712113397814
2021,52,2021-12-26,18-49,vaxxed,deathrate,0.19924737624413383
2021,52,2021-12-26,18-49,unvaxxed,deathrate,1.6473399894316805
2021,52,2021-12-26,50-64,vaxxed,caserate,671.4009805378101
2021,52,2021-12-26,50-64,unvaxxed,caserate,903.3890845070423
2021,52,2021-12-26,50-64,vaxxed,hosprate,11.76645372158669
2021,52,2021-12-26,50-64,unvaxxed,hosprate,55.017605633802816
2021,52,2021-12-26,50-64,vaxxed,deathrate,0.9508245431585202
2021,52,2021-12-26,50-64,unvaxxed,deathrate,10.636737089201878
2021,52,2021-12-26,65+,vaxxed,caserate,321.14633854071405
2021,52,2021-12-26,65+,unvaxxed,caserate,1491.359822796717
2021,52,2021-12-26,65+,vaxxed,hosprate,23.08318144263577
2021,52,2021-12-26,65+,unvaxxed,hosprate,300.3959765144964
2021,52,2021-12-26,65+,vaxxed,deathrate,6.306880175583544
2021,52,2021-12-26,65+,unvaxxed,deathrate,92.54623518880948
2022,01,2022-01-02,12-17,vaxxed,caserate,1686.8006675290874
2022,01,2022-01-02,12-17,unvaxxed,caserate,1740.0837713996568
2022,01,2022-01-02,12-17,vaxxed,hosprate,5.080724902196046
2022,01,2022-01-02,12-17,unvaxxed,hosprate,8.995586540353639
2022,01,2022-01-02,12-17,vaxxed,deathrate,0
2022,01,2022-01-02,12-17,unvaxxed,deathrate,0
2022,01,2022-01-02,18-49,vaxxed,caserate,2182.376004523251
2022,01,2022-01-02,18-49,unvaxxed,caserate,2704.235981942863
2022,01,2022-01-02,18-49,vaxxed,hosprate,12.513092402235673
2022,01,2022-01-02,18-49,unvaxxed,hosprate,42.58037044922291
2022,01,2022-01-02,18-49,vaxxed,deathrate,0.3972410286424023
2022,01,2022-01-02,18-49,unvaxxed,deathrate,1.7848059469734152
2022,01,2022-01-02,50-64,vaxxed,caserate,1120.2859577376869
2022,01,2022-01-02,50-64,unvaxxed,caserate,1542.1578417897138
2022,01,2022-01-02,50-64,vaxxed,hosprate,18.157177069265476
2022,01,2022-01-02,50-64,unvaxxed,hosprate,84.38569791394133
2022,01,2022-01-02,50-64,vaxxed,deathrate,2.492161558526634
2022,01,2022-01-02,50-64,unvaxxed,deathrate,7.738426446256627
2022,01,2022-01-02,65+,vaxxed,caserate,527.4683159716751
2022,01,2022-01-02,65+,unvaxxed,caserate,2507.82741504391
2022,01,2022-01-02,65+,vaxxed,hosprate,43.61951178924464
2022,01,2022-01-02,65+,unvaxxed,hosprate,383.35242458953803
2022,01,2022-01-02,65+,vaxxed,deathrate,10.715776017589
2022,01,2022-01-02,65+,unvaxxed,deathrate,117.60213822069493
2022,02,2022-01-09,12-17,vaxxed,caserate,1780.044073580337
2022,02,2022-01-09,12-17,unvaxxed,caserate,2171.3132732930167
2022,02,2022-01-09,12-17,vaxxed,hosprate,6.218494580193318
2022,02,2022-01-09,12-17,unvaxxed,hosprate,14.736138111620578
2022,02,2022-01-09,12-17,vaxxed,deathrate,0
2022,02,2022-01-09,12-17,unvaxxed,deathrate,0
2022,02,2022-01-09,18-49,vaxxed,caserate,1795.226624522781
2022,02,2022-01-09,18-49,unvaxxed,caserate,2826.100076919027
2022,02,2022-01-09,18-49,vaxxed,hosprate,13.917508093261814
2022,02,2022-01-09,18-49,unvaxxed,hosprate,41.86244206995651
2022,02,2022-01-09,18-49,vaxxed,deathrate,0.39575852397900896
2022,02,2022-01-09,18-49,unvaxxed,deathrate,1.15571159088837
2022,02,2022-01-09,50-64,vaxxed,caserate,1096.3574397714174
2022,02,2022-01-09,50-64,unvaxxed,caserate,1897.6787620064033
2022,02,2022-01-09,50-64,vaxxed,hosprate,20.730691729875534
2022,02,2022-01-09,50-64,unvaxxed,hosprate,70.40792126170996
2022,02,2022-01-09,50-64,vaxxed,deathrate,1.3030720515921763
2022,02,2022-01-09,50-64,unvaxxed,deathrate,7.78192813945215
2022,02,2022-01-09,65+,vaxxed,caserate,577.6989312884765
2022,02,2022-01-09,65+,unvaxxed,caserate,3181.5106409152418
2022,02,2022-01-09,65+,vaxxed,hosprate,38.55526128119385
2022,02,2022-01-09,65+,unvaxxed,hosprate,415.1802189691229
2022,02,2022-01-09,65+,vaxxed,deathrate,13.733736861601733
2022,02,2022-01-09,65+,unvaxxed,deathrate,113.79013408783368
2022,03,2022-01-16,12-17,vaxxed,caserate,1255.141251665476
2022,03,2022-01-16,12-17,unvaxxed,caserate,1274.6068341352068
2022,03,2022-01-16,12-17,vaxxed,hosprate,4.248170390252381
2022,03,2022-01-16,12-17,unvaxxed,hosprate,11.441713053278336
2022,03,2022-01-16,12-17,vaxxed,deathrate,0
2022,03,2022-01-16,12-17,unvaxxed,deathrate,0
2022,03,2022-01-16,18-49,vaxxed,caserate,1479.6795275533666
2022,03,2022-01-16,18-49,unvaxxed,caserate,1774.95176057706
2022,03,2022-01-16,18-49,vaxxed,hosprate,13.135193320491494
2022,03,2022-01-16,18-49,unvaxxed,hosprate,38.203032932309405
2022,03,2022-01-16,18-49,vaxxed,deathrate,0.06567596660245746
2022,03,2022-01-16,18-49,unvaxxed,deathrate,0.5180072262008055
2022,03,2022-01-16,50-64,vaxxed,caserate,985.6497343462933
2022,03,2022-01-16,50-64,unvaxxed,caserate,1229.4119182480229
2022,03,2022-01-16,50-64,vaxxed,hosprate,21.16244481803844
2022,03,2022-01-16,50-64,unvaxxed,hosprate,68.98429022623118
2022,03,2022-01-16,50-64,vaxxed,deathrate,1.3004854357453792
2022,03,2022-01-16,50-64,unvaxxed,deathrate,8.949313326646209
2022,03,2022-01-16,65+,vaxxed,caserate,612.0963639385712
2022,03,2022-01-16,65+,unvaxxed,caserate,2192.3708592854264
2022,03,2022-01-16,65+,vaxxed,hosprate,48.73097980749374
2022,03,2022-01-16,65+,unvaxxed,hosprate,348.61020730686994
2022,03,2022-01-16,65+,vaxxed,deathrate,11.710545535134155
2022,03,2022-01-16,65+,unvaxxed,deathrate,85.21582845279043
2022,04,2022-01-23,12-17,vaxxed,caserate,578.0635255733615
2022,04,2022-01-23,12-17,unvaxxed,caserate,715.8981346234896
2022,04,2022-01-23,12-17,vaxxed,hosprate,5.7576048363880625
2022,04,2022-01-23,12-17,unvaxxed,hosprate,5.196034848073714
2022,04,2022-01-23,12-17,vaxxed,deathrate,0
2022,04,2022-01-23,12-17,unvaxxed,deathrate,0
2022,04,2022-01-23,18-49,vaxxed,caserate,840.3845122224068
2022,04,2022-01-23,18-49,unvaxxed,caserate,1076.3072754821978
2022,04,2022-01-23,18-49,vaxxed,hosprate,9.878410504871823
2022,04,2022-01-23,18-49,unvaxxed,hosprate,28.97298595332217
2022,04,2022-01-23,18-49,vaxxed,deathrate,0.13083987423671287
2022,04,2022-01-23,18-49,unvaxxed,deathrate,0.39152683720705633
2022,04,2022-01-23,50-64,vaxxed,caserate,615.7927594195168
2022,04,2022-01-23,50-64,unvaxxed,caserate,817.5449649730735
2022,04,2022-01-23,50-64,vaxxed,hosprate,19.472174262978204
2022,04,2022-01-23,50-64,unvaxxed,hosprate,45.00247513613249
2022,04,2022-01-23,50-64,vaxxed,deathrate,1.2981449508652136
2022,04,2022-01-23,50-64,unvaxxed,deathrate,4.875268139747687
2022,04,2022-01-23,65+,vaxxed,caserate,438.08756717300747
2022,04,2022-01-23,65+,unvaxxed,caserate,1679.9775379047855
2022,04,2022-01-23,65+,vaxxed,hosprate,40.77574598220466
2022,04,2022-01-23,65+,unvaxxed,hosprate,352.5301054470581
2022,04,2022-01-23,65+,vaxxed,deathrate,10.571489699090098
2022,04,2022-01-23,65+,unvaxxed,deathrate,95.15193111624134
2022,05,2022-01-30,12-17,vaxxed,caserate,295.3510823815829
2022,05,2022-01-30,12-17,unvaxxed,caserate,359.40421615513213
2022,05,2022-01-30,12-17,vaxxed,hosprate,5.342267639976952
2022,05,2022-01-30,12-17,unvaxxed,hosprate,4.660022251606252
2022,05,2022-01-30,12-17,vaxxed,deathrate,0
2022,05,2022-01-30,12-17,unvaxxed,deathrate,0
2022,05,2022-01-30,18-49,vaxxed,caserate,466.4848103939727
2022,05,2022-01-30,18-49,unvaxxed,caserate,610.2456619864521
2022,05,2022-01-30,18-49,vaxxed,hosprate,5.346157156157338
2022,05,2022-01-30,18-49,unvaxxed,hosprate,18.13391502026925
2022,05,2022-01-30,18-49,vaxxed,deathrate,0.06519703848972364
2022,05,2022-01-30,18-49,unvaxxed,deathrate,0.1314051813062989
2022,05,2022-01-30,50-64,vaxxed,caserate,358.70042975705235
2022,05,2022-01-30,50-64,unvaxxed,caserate,506.7898536526549
2022,05,2022-01-30,50-64,vaxxed,hosprate,10.958981592446081
2022,05,2022-01-30,50-64,unvaxxed,hosprate,37.67954302250222
2022,05,2022-01-30,50-64,vaxxed,deathrate,0.8248695822271241
2022,05,2022-01-30,50-64,unvaxxed,deathrate,3.767954302250223
2022,05,2022-01-30,65+,vaxxed,caserate,303.41149240213343
2022,05,2022-01-30,65+,unvaxxed,caserate,1266.1206815400544
2022,05,2022-01-30,65+,vaxxed,hosprate,31.448123176008856
2022,05,2022-01-30,65+,unvaxxed,hosprate,238.4762621983746
2022,05,2022-01-30,65+,vaxxed,deathrate,6.541209620609842
2022,05,2022-01-30,65+,unvaxxed,deathrate,59.61906554959365
2022,06,2022-02-06,12-17,vaxxed,caserate,161.11850360715897
2022,06,2022-02-06,12-17,unvaxxed,caserate,227.12161597618166
2022,06,2022-02-06,12-17,vaxxed,hosprate,4.1701259757147024
2022,06,2022-02-06,12-17,unvaxxed,hosprate,4.7071837508016925
2022,06,2022-02-06,12-17,vaxxed,deathrate,0
2022,06,2022-02-06,12-17,unvaxxed,deathrate,0
2022,06,2022-02-06,18-49,vaxxed,caserate,277.827037890879
2022,06,2022-02-06,18-49,unvaxxed,caserate,361.2799025643062
2022,06,2022-02-06,18-49,vaxxed,hosprate,5.846255181243654
2022,06,2022-02-06,18-49,unvaxxed,hosprate,13.635701709096203
2022,06,2022-02-06,18-49,vaxxed,deathrate,0
2022,06,2022-02-06,18-49,unvaxxed,deathrate,0
2022,06,2022-02-06,50-64,vaxxed,caserate,222.01070875183393
2022,06,2022-02-06,50-64,unvaxxed,caserate,316.22080164813525
2022,06,2022-02-06,50-64,vaxxed,hosprate,8.706302303993487
2022,06,2022-02-06,50-64,unvaxxed,hosprate,23.101160359923654
2022,06,2022-02-06,50-64,vaxxed,deathrate,0.5882636691887491
2022,06,2022-02-06,50-64,unvaxxed,deathrate,2.2722452813039657
2022,06,2022-02-06,65+,vaxxed,caserate,207.59383530553765
2022,06,2022-02-06,65+,unvaxxed,caserate,809.2120829718432
2022,06,2022-02-06,65+,vaxxed,hosprate,23.890265722623955
2022,06,2022-02-06,65+,unvaxxed,hosprate,151.4315009070116
2022,06,2022-02-06,65+,vaxxed,deathrate,4.023623700652456
2022,06,2022-02-06,65+,unvaxxed,deathrate,31.548229355627413
2022,07,2022-02-13,12-17,vaxxed,caserate,91.8553654450656
2022,07,2022-02-13,12-17,unvaxxed,caserate,112.43374440062107
2022,07,2022-02-13,12-17,vaxxed,hosprate,2.2587384945507933
2022,07,2022-02-13,12-17,unvaxxed,hosprate,2.9744376825561125
2022,07,2022-02-13,12-17,vaxxed,deathrate,0
2022,07,2022-02-13,12-17,unvaxxed,deathrate,0
2022,07,2022-02-13,18-49,vaxxed,caserate,167.95848914998513
2022,07,2022-02-13,18-49,unvaxxed,caserate,196.0765993456995
2022,07,2022-02-13,18-49,vaxxed,hosprate,3.170248832183849
2022,07,2022-02-13,18-49,unvaxxed,hosprate,9.209860690846334
2022,07,2022-02-13,18-49,vaxxed,deathrate,0.06469895575885405
2022,07,2022-02-13,18-49,unvaxxed,deathrate,0.2669524837926473
2022,07,2022-02-13,50-64,vaxxed,caserate,138.49390521096532
2022,07,2022-02-13,50-64,unvaxxed,caserate,172.8114984355611
2022,07,2022-02-13,50-64,vaxxed,hosprate,4.933625122019121
2022,07,2022-02-13,50-64,unvaxxed,hosprate,17.128893016740637
2022,07,2022-02-13,50-64,vaxxed,deathrate,0.23493452961995812
2022,07,2022-02-13,50-64,unvaxxed,deathrate,0
2022,07,2022-02-13,65+,vaxxed,caserate,134.22751312111646
2022,07,2022-02-13,65+,unvaxxed,caserate,528.2863216676715
2022,07,2022-02-13,65+,vaxxed,hosprate,14.579018279072573
2022,07,2022-02-13,65+,unvaxxed,hosprate,115.81051496018023
2022,07,2022-02-13,65+,vaxxed,deathrate,2.63930503328038
2022,07,2022-02-13,65+,unvaxxed,deathrate,20.62379033537456
2022,08,2022-02-20,12-17,vaxxed,caserate,63.58349073364128
2022,08,2022-02-20,12-17,unvaxxed,caserate,58.30413117828442
2022,08,2022-02-20,12-17,vaxxed,hosprate,1.122061601181905
2022,08,2022-02-20,12-17,unvaxxed,hosprate,1.8032205519057036
2022,08,2022-02-20,12-17,vaxxed,deathrate,0
2022,08,2022-02-20,12-17,unvaxxed,deathrate,0
2022,08,2022-02-20,18-49,vaxxed,caserate,98.62397000799949
2022,08,2022-02-20,18-49,unvaxxed,caserate,116.21181755820679
2022,08,2022-02-20,18-49,vaxxed,hosprate,2.3205640001882237
2022,08,2022-02-20,18-49,unvaxxed,hosprate,7.532247434328218
2022,08,2022-02-20,18-49,vaxxed,deathrate,0
2022,08,2022-02-20,18-49,unvaxxed,deathrate,0
2022,08,2022-02-20,50-64,vaxxed,caserate,76.71698237151665
2022,08,2022-02-20,50-64,unvaxxed,caserate,104.38533099326656
2022,08,2022-02-20,50-64,vaxxed,hosprate,4.574865921237231
2022,08,2022-02-20,50-64,unvaxxed,hosprate,9.941460094596817
2022,08,2022-02-20,50-64,vaxxed,deathrate,0.2346085087813965
2022,08,2022-02-20,50-64,unvaxxed,deathrate,0.7647276995843706
2022,08,2022-02-20,65+,vaxxed,caserate,85.17641442471373
2022,08,2022-02-20,65+,unvaxxed,caserate,271.1194041752388
2022,08,2022-02-20,65+,vaxxed,hosprate,12.437264053166162
2022,08,2022-02-20,65+,unvaxxed,hosprate,73.3617211297705
2022,08,2022-02-20,65+,vaxxed,deathrate,2.01006287727938
2022,08,2022-02-20,65+,unvaxxed,deathrate,6.379280098240913
2022,09,2022-02-27,12-17,vaxxed,caserate,41.272686033843605
2022,09,2022-02-27,12-17,unvaxxed,caserate,49.75999902907319
2022,09,2022-02-27,12-17,vaxxed,hosprate,2.602782002134281
2022,09,2022-02-27,12-17,unvaxxed,hosprate,2.427317025808448
2022,09,2022-02-27,12-17,vaxxed,deathrate,0
2022,09,2022-02-27,12-17,unvaxxed,deathrate,0
2022,09,2022-02-27,18-49,vaxxed,caserate,74.47624053705144
2022,09,2022-02-27,18-49,unvaxxed,caserate,85.15927085251334
2022,09,2022-02-27,18-49,vaxxed,hosprate,1.5422172328638781
2022,09,2022-02-27,18-49,unvaxxed,hosprate,5.686310613363371
2022,09,2022-02-27,18-49,vaxxed,deathrate,0
2022,09,2022-02-27,18-49,unvaxxed,deathrate,0.13538834793722312
2022,09,2022-02-27,50-64,vaxxed,caserate,54.13766434648105
2022,09,2022-02-27,50-64,unvaxxed,caserate,74.81727319815067
2022,09,2022-02-27,50-64,vaxxed,hosprate,3.398251658112447
2022,09,2022-02-27,50-64,unvaxxed,hosprate,9.591958102327009
2022,09,2022-02-27,50-64,vaxxed,deathrate,0.4687243666361996
2022,09,2022-02-27,50-64,unvaxxed,deathrate,0.38367832409308034
2022,09,2022-02-27,65+,vaxxed,caserate,67.44138439454089
2022,09,2022-02-27,65+,unvaxxed,caserate,252.99835070695426
2022,09,2022-02-27,65+,vaxxed,hosprate,11.30302531752082
2022,09,2022-02-27,65+,unvaxxed,hosprate,60.847704600406715
2022,09,2022-02-27,65+,vaxxed,deathrate,1.2558917019467577
2022,09,2022-02-27,65+,unvaxxed,deathrate,6.4050215368849175
2022,10,2022-03-06,12-17,vaxxed,caserate,24.046376211104988
2022,10,2022-03-06,12-17,unvaxxed,caserate,26.923994786535555
2022,10,2022-03-06,12-17,vaxxed,hosprate,1.4797769976064608
2022,10,2022-03-06,12-17,unvaxxed,hosprate,0
2022,10,2022-03-06,12-17,vaxxed,deathrate,0
2022,10,2022-03-06,12-17,unvaxxed,deathrate,0
2022,10,2022-03-06,18-49,vaxxed,caserate,46.53729810600889
2022,10,2022-03-06,18-49,unvaxxed,caserate,83.15436771378566
2022,10,2022-03-06,18-49,vaxxed,hosprate,1.410221154727542
2022,10,2022-03-06,18-49,unvaxxed,hosprate,4.491152429713464
2022,10,2022-03-06,18-49,vaxxed,deathrate,0
2022,10,2022-03-06,18-49,unvaxxed,deathrate,0
2022,10,2022-03-06,50-64,vaxxed,caserate,35.00679061490189
2022,10,2022-03-06,50-64,unvaxxed,caserate,79.26277919929203
2022,10,2022-03-06,50-64,vaxxed,hosprate,2.5757504800262256
2022,10,2022-03-06,50-64,unvaxxed,hosprate,8.464957001866138
2022,10,2022-03-06,50-64,vaxxed,deathrate,0.35123870182175804
2022,10,2022-03-06,50-64,unvaxxed,deathrate,0
2022,10,2022-03-06,65+,vaxxed,caserate,43.69235559550923
2022,10,2022-03-06,65+,unvaxxed,caserate,233.04403728704597
2022,10,2022-03-06,65+,vaxxed,hosprate,8.035375741702847
2022,10,2022-03-06,65+,unvaxxed,hosprate,49.82320797171328
2022,10,2022-03-06,65+,vaxxed,deathrate,0.5022109838564279
2022,10,2022-03-06,65+,unvaxxed,deathrate,3.2144005143040824
