year,week,week_start,age,metric,vax_status,metric_type,value
2021,24,2021-06-13,12-17,pop,vaxxed,count,73565
2021,24,2021-06-13,12-17,pop,unvaxxed,count,360169
2021,24,2021-06-13,12-17,cases,vaxxed,count,3
2021,24,2021-06-13,12-17,cases,vaxxed,rate,4.078026235
2021,24,2021-06-13,12-17,cases,unvaxxed,count,56
2021,24,2021-06-13,12-17,cases,unvaxxed,rate,15.548256513
2021,24,2021-06-13,12-17,hosp,vaxxed,count,0
2021,24,2021-06-13,12-17,hosp,vaxxed,rate,0
2021,24,2021-06-13,12-17,hosp,unvaxxed,count,2
2021,24,2021-06-13,12-17,hosp,unvaxxed,rate,0.555294875
2021,25,2021-06-20,12-17,pop,vaxxed,count,119722
2021,25,2021-06-20,12-17,pop,unvaxxed,count,314012
2021,25,2021-06-20,12-17,cases,vaxxed,count,1
2021,25,2021-06-20,12-17,cases,vaxxed,rate,0.835268372
2021,25,2021-06-20,12-17,cases,unvaxxed,count,54
2021,25,2021-06-20,12-17,cases,unvaxxed,rate,17.196795027
2021,25,2021-06-20,12-17,hosp,vaxxed,count,0
2021,25,2021-06-20,12-17,hosp,vaxxed,rate,0
2021,25,2021-06-20,12-17,hosp,unvaxxed,count,1
2021,25,2021-06-20,12-17,hosp,unvaxxed,rate,0.318459167
2021,26,2021-06-27,12-17,pop,vaxxed,count,139334
2021,26,2021-06-27,12-17,pop,unvaxxed,count,294400
2021,26,2021-06-27,12-17,cases,vaxxed,count,2
2021,26,2021-06-27,12-17,cases,vaxxed,rate,1.435399831
2021,26,2021-06-27,12-17,cases,unvaxxed,count,77
2021,26,2021-06-27,12-17,cases,unvaxxed,rate,26.154891304
2021,26,2021-06-27,12-17,hosp,vaxxed,count,0
2021,26,2021-06-27,12-17,hosp,vaxxed,rate,0
2021,26,2021-06-27,12-17,hosp,unvaxxed,count,4
2021,26,2021-06-27,12-17,hosp,unvaxxed,rate,1.358695652
2021,27,2021-07-04,12-17,pop,vaxxed,count,149659
2021,27,2021-07-04,12-17,pop,unvaxxed,count,284075
2021,27,2021-07-04,12-17,cases,vaxxed,count,4
2021,27,2021-07-04,12-17,cases,vaxxed,rate,2.672742702
2021,27,2021-07-04,12-17,cases,unvaxxed,count,71
2021,27,2021-07-04,12-17,cases,unvaxxed,rate,24.99339963
2021,27,2021-07-04,12-17,hosp,vaxxed,count,0
2021,27,2021-07-04,12-17,hosp,vaxxed,rate,0
2021,27,2021-07-04,12-17,hosp,unvaxxed,count,5
2021,27,2021-07-04,12-17,hosp,unvaxxed,rate,1.760098566
2021,28,2021-07-11,12-17,pop,vaxxed,count,157637
2021,28,2021-07-11,12-17,pop,unvaxxed,count,276097
2021,28,2021-07-11,12-17,cases,vaxxed,count,5
2021,28,2021-07-11,12-17,cases,vaxxed,rate,3.171844174
2021,28,2021-07-11,12-17,cases,unvaxxed,count,93
2021,28,2021-07-11,12-17,cases,unvaxxed,rate,33.683814022
2021,28,2021-07-11,12-17,hosp,vaxxed,count,0
2021,28,2021-07-11,12-17,hosp,vaxxed,rate,0
2021,28,2021-07-11,12-17,hosp,unvaxxed,count,2
2021,28,2021-07-11,12-17,hosp,unvaxxed,rate,0.724383097
2021,29,2021-07-18,12-17,pop,vaxxed,count,163849
2021,29,2021-07-18,12-17,pop,unvaxxed,count,269885
2021,29,2021-07-18,12-17,cases,vaxxed,count,17
2021,29,2021-07-18,12-17,cases,vaxxed,rate,10.375406624
2021,29,2021-07-18,12-17,cases,unvaxxed,count,177
2021,29,2021-07-18,12-17,cases,unvaxxed,rate,65.583489264
2021,29,2021-07-18,12-17,hosp,vaxxed,count,1
2021,29,2021-07-18,12-17,hosp,vaxxed,rate,0.610318037
2021,29,2021-07-18,12-17,hosp,unvaxxed,count,1
2021,29,2021-07-18,12-17,hosp,unvaxxed,rate,0.370528188
2021,30,2021-07-25,12-17,pop,vaxxed,count,169351
2021,30,2021-07-25,12-17,pop,unvaxxed,count,264383
2021,30,2021-07-25,12-17,cases,vaxxed,count,21
2021,30,2021-07-25,12-17,cases,vaxxed,rate,12.400281073
2021,30,2021-07-25,12-17,cases,unvaxxed,count,310
2021,30,2021-07-25,12-17,cases,unvaxxed,rate,117.254135099
2021,30,2021-07-25,12-17,hosp,vaxxed,count,0
2021,30,2021-07-25,12-17,hosp,vaxxed,rate,0
2021,30,2021-07-25,12-17,hosp,unvaxxed,count,2
2021,30,2021-07-25,12-17,hosp,unvaxxed,rate,0.756478291
2021,31,2021-08-01,12-17,pop,vaxxed,count,174085
2021,31,2021-08-01,12-17,pop,unvaxxed,count,259649
2021,31,2021-08-01,12-17,cases,vaxxed,count,32
2021,31,2021-08-01,12-17,cases,vaxxed,rate,18.381824971
2021,31,2021-08-01,12-17,cases,unvaxxed,count,438
2021,31,2021-08-01,12-17,cases,unvaxxed,rate,168.689268975
2021,31,2021-08-01,12-17,hosp,vaxxed,count,0
2021,31,2021-08-01,12-17,hosp,vaxxed,rate,0
2021,31,2021-08-01,12-17,hosp,unvaxxed,count,8
2021,31,2021-08-01,12-17,hosp,unvaxxed,rate,3.081082538
2021,32,2021-08-08,12-17,pop,vaxxed,count,178105
2021,32,2021-08-08,12-17,pop,unvaxxed,count,255629
2021,32,2021-08-08,12-17,cases,vaxxed,count,55
2021,32,2021-08-08,12-17,cases,vaxxed,rate,30.880660285
2021,32,2021-08-08,12-17,cases,unvaxxed,count,548
2021,32,2021-08-08,12-17,cases,unvaxxed,rate,214.373173623
2021,32,2021-08-08,12-17,hosp,vaxxed,count,0
2021,32,2021-08-08,12-17,hosp,vaxxed,rate,0
2021,32,2021-08-08,12-17,hosp,unvaxxed,count,3
2021,32,2021-08-08,12-17,hosp,unvaxxed,rate,1.173575768
2021,33,2021-08-15,12-17,pop,vaxxed,count,182471
2021,33,2021-08-15,12-17,pop,unvaxxed,count,251263
2021,33,2021-08-15,12-17,cases,vaxxed,count,71
2021,33,2021-08-15,12-17,cases,vaxxed,rate,38.910292594
2021,33,2021-08-15,12-17,cases,unvaxxed,count,605
2021,33,2021-08-15,12-17,cases,unvaxxed,rate,240.783561448
2021,33,2021-08-15,12-17,hosp,vaxxed,count,0
2021,33,2021-08-15,12-17,hosp,vaxxed,rate,0
2021,33,2021-08-15,12-17,hosp,unvaxxed,count,8
2021,33,2021-08-15,12-17,hosp,unvaxxed,rate,3.183914862
2021,34,2021-08-22,12-17,pop,vaxxed,count,187630
2021,34,2021-08-22,12-17,pop,unvaxxed,count,246104
2021,34,2021-08-22,12-17,cases,vaxxed,count,78
2021,34,2021-08-22,12-17,cases,vaxxed,rate,41.571177317
2021,34,2021-08-22,12-17,cases,unvaxxed,count,632
2021,34,2021-08-22,12-17,cases,unvaxxed,rate,256.802002405
2021,34,2021-08-22,12-17,hosp,vaxxed,count,1
2021,34,2021-08-22,12-17,hosp,vaxxed,rate,0.532963812
2021,34,2021-08-22,12-17,hosp,unvaxxed,count,6
2021,34,2021-08-22,12-17,hosp,unvaxxed,rate,2.437993694
2021,35,2021-08-29,12-17,pop,vaxxed,count,194643
2021,35,2021-08-29,12-17,pop,unvaxxed,count,239091
2021,35,2021-08-29,12-17,cases,vaxxed,count,85
2021,35,2021-08-29,12-17,cases,vaxxed,rate,43.669692719
2021,35,2021-08-29,12-17,cases,unvaxxed,count,760
2021,35,2021-08-29,12-17,cases,unvaxxed,rate,317.87060157
2021,35,2021-08-29,12-17,hosp,vaxxed,count,0
2021,35,2021-08-29,12-17,hosp,vaxxed,rate,0
2021,35,2021-08-29,12-17,hosp,unvaxxed,count,9
2021,35,2021-08-29,12-17,hosp,unvaxxed,rate,3.764257124
2021,36,2021-09-05,12-17,pop,vaxxed,count,204481
2021,36,2021-09-05,12-17,pop,unvaxxed,count,229253
2021,36,2021-09-05,12-17,cases,vaxxed,count,104
2021,36,2021-09-05,12-17,cases,vaxxed,rate,50.860471144
2021,36,2021-09-05,12-17,cases,unvaxxed,count,903
2021,36,2021-09-05,12-17,cases,unvaxxed,rate,393.887975294
2021,36,2021-09-05,12-17,hosp,vaxxed,count,1
2021,36,2021-09-05,12-17,hosp,vaxxed,rate,0.489042992
2021,36,2021-09-05,12-17,hosp,unvaxxed,count,5
2021,36,2021-09-05,12-17,hosp,unvaxxed,rate,2.180996541
2021,37,2021-09-12,12-17,pop,vaxxed,count,214401
2021,37,2021-09-12,12-17,pop,unvaxxed,count,219333
2021,37,2021-09-12,12-17,cases,vaxxed,count,194
2021,37,2021-09-12,12-17,cases,vaxxed,rate,90.48465259
2021,37,2021-09-12,12-17,cases,unvaxxed,count,1614
2021,37,2021-09-12,12-17,cases,unvaxxed,rate,735.867379738
2021,37,2021-09-12,12-17,hosp,vaxxed,count,0
2021,37,2021-09-12,12-17,hosp,vaxxed,rate,0
2021,37,2021-09-12,12-17,hosp,unvaxxed,count,8
2021,37,2021-09-12,12-17,hosp,unvaxxed,rate,3.647421957
2021,38,2021-09-19,12-17,pop,vaxxed,count,221093
2021,38,2021-09-19,12-17,pop,unvaxxed,count,212641
2021,38,2021-09-19,12-17,cases,vaxxed,count,243
2021,38,2021-09-19,12-17,cases,vaxxed,rate,109.908500043
2021,38,2021-09-19,12-17,cases,unvaxxed,count,2021
2021,38,2021-09-19,12-17,cases,unvaxxed,rate,950.428186474
2021,38,2021-09-19,12-17,hosp,vaxxed,count,1
2021,38,2021-09-19,12-17,hosp,vaxxed,rate,0.452298354
2021,38,2021-09-19,12-17,hosp,unvaxxed,count,10
2021,38,2021-09-19,12-17,hosp,unvaxxed,rate,4.702761932
2021,39,2021-09-26,12-17,pop,vaxxed,count,226574
2021,39,2021-09-26,12-17,pop,unvaxxed,count,207160
2021,39,2021-09-26,12-17,cases,vaxxed,count,227
2021,39,2021-09-26,12-17,cases,vaxxed,rate,100.188018043
2021,39,2021-09-26,12-17,cases,unvaxxed,count,2088
2021,39,2021-09-26,12-17,cases,unvaxxed,rate,1007.916586214
2021,39,2021-09-26,12-17,hosp,vaxxed,count,0
2021,39,2021-09-26,12-17,hosp,vaxxed,rate,0
2021,39,2021-09-26,12-17,hosp,unvaxxed,count,10
2021,39,2021-09-26,12-17,hosp,unvaxxed,rate,4.827186716
2021,40,2021-10-03,12-17,pop,vaxxed,count,231254
2021,40,2021-10-03,12-17,pop,unvaxxed,count,202480
2021,40,2021-10-03,12-17,cases,vaxxed,count,250
2021,40,2021-10-03,12-17,cases,vaxxed,rate,108.106238162
2021,40,2021-10-03,12-17,cases,unvaxxed,count,1825
2021,40,2021-10-03,12-17,cases,unvaxxed,rate,901.323587515
2021,40,2021-10-03,12-17,hosp,vaxxed,count,0
2021,40,2021-10-03,12-17,hosp,vaxxed,rate,0
2021,40,2021-10-03,12-17,hosp,unvaxxed,count,17
2021,40,2021-10-03,12-17,hosp,unvaxxed,rate,8.395890952
2021,41,2021-10-10,12-17,pop,vaxxed,count,234053
2021,41,2021-10-10,12-17,pop,unvaxxed,count,199681
2021,41,2021-10-10,12-17,cases,vaxxed,count,187
2021,41,2021-10-10,12-17,cases,vaxxed,rate,79.896433714
2021,41,2021-10-10,12-17,cases,unvaxxed,count,1348
2021,41,2021-10-10,12-17,cases,unvaxxed,rate,675.076747412
2021,41,2021-10-10,12-17,hosp,vaxxed,count,1
2021,41,2021-10-10,12-17,hosp,vaxxed,rate,0.427253656
2021,41,2021-10-10,12-17,hosp,unvaxxed,count,9
2021,41,2021-10-10,12-17,hosp,unvaxxed,rate,4.507188966
2021,42,2021-10-17,12-17,pop,vaxxed,count,236463
2021,42,2021-10-17,12-17,pop,unvaxxed,count,197271
2021,42,2021-10-17,12-17,cases,vaxxed,count,177
2021,42,2021-10-17,12-17,cases,vaxxed,rate,74.853148273
2021,42,2021-10-17,12-17,cases,unvaxxed,count,993
2021,42,2021-10-17,12-17,cases,unvaxxed,rate,503.368462673
2021,42,2021-10-17,12-17,hosp,vaxxed,count,2
2021,42,2021-10-17,12-17,hosp,vaxxed,rate,0.845798286
2021,42,2021-10-17,12-17,hosp,unvaxxed,count,5
2021,42,2021-10-17,12-17,hosp,unvaxxed,rate,2.534584404
2021,43,2021-10-24,12-17,pop,vaxxed,count,238759
2021,43,2021-10-24,12-17,pop,unvaxxed,count,194975
2021,43,2021-10-24,12-17,cases,vaxxed,count,212
2021,43,2021-10-24,12-17,cases,vaxxed,rate,88.792464368
2021,43,2021-10-24,12-17,cases,unvaxxed,count,1185
2021,43,2021-10-24,12-17,cases,unvaxxed,rate,607.770226952
2021,43,2021-10-24,12-17,hosp,vaxxed,count,0
2021,43,2021-10-24,12-17,hosp,vaxxed,rate,0
2021,43,2021-10-24,12-17,hosp,unvaxxed,count,6
2021,43,2021-10-24,12-17,hosp,unvaxxed,rate,3.077317605
2021,44,2021-10-31,12-17,pop,vaxxed,count,240811
2021,44,2021-10-31,12-17,pop,unvaxxed,count,192923
2021,44,2021-10-31,12-17,cases,vaxxed,count,294
2021,44,2021-10-31,12-17,cases,vaxxed,rate,122.087446171
2021,44,2021-10-31,12-17,cases,unvaxxed,count,1226
2021,44,2021-10-31,12-17,cases,unvaxxed,rate,635.486696765
2021,44,2021-10-31,12-17,hosp,vaxxed,count,1
2021,44,2021-10-31,12-17,hosp,vaxxed,rate,0.415263422
2021,44,2021-10-31,12-17,hosp,unvaxxed,count,5
2021,44,2021-10-31,12-17,hosp,unvaxxed,rate,2.591707572
2021,45,2021-11-07,12-17,pop,vaxxed,count,242570
2021,45,2021-11-07,12-17,pop,unvaxxed,count,191164
2021,45,2021-11-07,12-17,cases,vaxxed,count,374
2021,45,2021-11-07,12-17,cases,vaxxed,rate,154.182297893
2021,45,2021-11-07,12-17,cases,unvaxxed,count,1534
2021,45,2021-11-07,12-17,cases,unvaxxed,rate,802.452344584
2021,45,2021-11-07,12-17,hosp,vaxxed,count,1
2021,45,2021-11-07,12-17,hosp,vaxxed,rate,0.412252133
2021,45,2021-11-07,12-17,hosp,unvaxxed,count,4
2021,45,2021-11-07,12-17,hosp,unvaxxed,rate,2.092444184
2021,46,2021-11-14,12-17,pop,vaxxed,count,244167
2021,46,2021-11-14,12-17,pop,unvaxxed,count,189567
2021,46,2021-11-14,12-17,cases,vaxxed,count,452
2021,46,2021-11-14,12-17,cases,vaxxed,rate,185.119201202
2021,46,2021-11-14,12-17,cases,unvaxxed,count,1743
2021,46,2021-11-14,12-17,cases,unvaxxed,rate,919.46383073
2021,46,2021-11-14,12-17,hosp,vaxxed,count,5
2021,46,2021-11-14,12-17,hosp,vaxxed,rate,2.047778774
2021,46,2021-11-14,12-17,hosp,unvaxxed,count,11
2021,46,2021-11-14,12-17,hosp,unvaxxed,rate,5.802697727
2021,47,2021-11-21,12-17,pop,vaxxed,count,246108
2021,47,2021-11-21,12-17,pop,unvaxxed,count,187626
2021,47,2021-11-21,12-17,cases,vaxxed,count,412
2021,47,2021-11-21,12-17,cases,vaxxed,rate,167.406179401
2021,47,2021-11-21,12-17,cases,unvaxxed,count,1143
2021,47,2021-11-21,12-17,cases,unvaxxed,rate,609.190623901
2021,47,2021-11-21,12-17,hosp,vaxxed,count,0
2021,47,2021-11-21,12-17,hosp,vaxxed,rate,0
2021,47,2021-11-21,12-17,hosp,unvaxxed,count,7
2021,47,2021-11-21,12-17,hosp,unvaxxed,rate,3.730826218
2021,48,2021-11-28,12-17,pop,vaxxed,count,248087
2021,48,2021-11-28,12-17,pop,unvaxxed,count,185647
2021,48,2021-11-28,12-17,cases,vaxxed,count,556
2021,48,2021-11-28,12-17,cases,vaxxed,rate,224.114927425
2021,48,2021-11-28,12-17,cases,unvaxxed,count,1731
2021,48,2021-11-28,12-17,cases,unvaxxed,rate,932.414744111
2021,48,2021-11-28,12-17,hosp,vaxxed,count,2
2021,48,2021-11-28,12-17,hosp,vaxxed,rate,0.806168804
2021,48,2021-11-28,12-17,hosp,unvaxxed,count,16
2021,48,2021-11-28,12-17,hosp,unvaxxed,rate,8.618507167
2021,49,2021-12-05,5-11,pop,vaxxed,count,6912
2021,49,2021-12-05,5-11,pop,unvaxxed,count,502823
2021,49,2021-12-05,5-11,cases,vaxxed,count,3
2021,49,2021-12-05,5-11,cases,vaxxed,rate,43.402777778
2021,49,2021-12-05,5-11,cases,unvaxxed,count,2204
2021,49,2021-12-05,5-11,cases,unvaxxed,rate,438.325215831
2021,49,2021-12-05,5-11,hosp,vaxxed,count,0
2021,49,2021-12-05,5-11,hosp,vaxxed,rate,0
2021,49,2021-12-05,5-11,hosp,unvaxxed,count,3
2021,49,2021-12-05,5-11,hosp,unvaxxed,rate,0.596631419
2021,49,2021-12-05,12-17,pop,vaxxed,count,250006
2021,49,2021-12-05,12-17,pop,unvaxxed,count,183728
2021,49,2021-12-05,12-17,cases,vaxxed,count,495
2021,49,2021-12-05,12-17,cases,vaxxed,rate,197.995248114
2021,49,2021-12-05,12-17,cases,unvaxxed,count,1169
2021,49,2021-12-05,12-17,cases,unvaxxed,rate,636.266655055
2021,49,2021-12-05,12-17,hosp,vaxxed,count,3
2021,49,2021-12-05,12-17,hosp,vaxxed,rate,1.199971201
2021,49,2021-12-05,12-17,hosp,unvaxxed,count,10
2021,49,2021-12-05,12-17,hosp,unvaxxed,rate,5.442828529
2021,50,2021-12-12,5-11,pop,vaxxed,count,50239
2021,50,2021-12-12,5-11,pop,unvaxxed,count,459496
2021,50,2021-12-12,5-11,cases,vaxxed,count,29
2021,50,2021-12-12,5-11,cases,vaxxed,rate,57.724078903
2021,50,2021-12-12,5-11,cases,unvaxxed,count,1750
2021,50,2021-12-12,5-11,cases,unvaxxed,rate,380.852064001
2021,50,2021-12-12,5-11,hosp,vaxxed,count,0
2021,50,2021-12-12,5-11,hosp,vaxxed,rate,0
2021,50,2021-12-12,5-11,hosp,unvaxxed,count,7
2021,50,2021-12-12,5-11,hosp,unvaxxed,rate,1.523408256
2021,50,2021-12-12,12-17,pop,vaxxed,count,252366
2021,50,2021-12-12,12-17,pop,unvaxxed,count,181368
2021,50,2021-12-12,12-17,cases,vaxxed,count,572
2021,50,2021-12-12,12-17,cases,vaxxed,rate,226.65493767
2021,50,2021-12-12,12-17,cases,unvaxxed,count,964
2021,50,2021-12-12,12-17,cases,unvaxxed,rate,531.516033699
2021,50,2021-12-12,12-17,hosp,vaxxed,count,2
2021,50,2021-12-12,12-17,hosp,vaxxed,rate,0.792499782
2021,50,2021-12-12,12-17,hosp,unvaxxed,count,7
2021,50,2021-12-12,12-17,hosp,unvaxxed,rate,3.859556261
2021,51,2021-12-19,5-11,pop,vaxxed,count,85596
2021,51,2021-12-19,5-11,pop,unvaxxed,count,424139
2021,51,2021-12-19,5-11,cases,vaxxed,count,131
2021,51,2021-12-19,5-11,cases,vaxxed,rate,153.044534791
2021,51,2021-12-19,5-11,cases,unvaxxed,count,1259
2021,51,2021-12-19,5-11,cases,unvaxxed,rate,296.836650249
2021,51,2021-12-19,5-11,hosp,vaxxed,count,0
2021,51,2021-12-19,5-11,hosp,vaxxed,rate,0
2021,51,2021-12-19,5-11,hosp,unvaxxed,count,4
2021,51,2021-12-19,5-11,hosp,unvaxxed,rate,0.943087054
2021,51,2021-12-19,12-17,pop,vaxxed,count,254030
2021,51,2021-12-19,12-17,pop,unvaxxed,count,179704
2021,51,2021-12-19,12-17,cases,vaxxed,count,925
2021,51,2021-12-19,12-17,cases,vaxxed,rate,364.13022084
2021,51,2021-12-19,12-17,cases,unvaxxed,count,775
2021,51,2021-12-19,12-17,cases,unvaxxed,rate,431.264746472
2021,51,2021-12-19,12-17,hosp,vaxxed,count,0
2021,51,2021-12-19,12-17,hosp,vaxxed,rate,0
2021,51,2021-12-19,12-17,hosp,unvaxxed,count,5
2021,51,2021-12-19,12-17,hosp,unvaxxed,rate,2.782353203
2021,52,2021-12-26,5-11,pop,vaxxed,count,106497
2021,52,2021-12-26,5-11,pop,unvaxxed,count,403238
2021,52,2021-12-26,5-11,cases,vaxxed,count,617
2021,52,2021-12-26,5-11,cases,vaxxed,rate,579.359042978
2021,52,2021-12-26,5-11,cases,unvaxxed,count,2382
2021,52,2021-12-26,5-11,cases,unvaxxed,rate,590.718136684
2021,52,2021-12-26,5-11,hosp,vaxxed,count,2
2021,52,2021-12-26,5-11,hosp,vaxxed,rate,1.877987173
2021,52,2021-12-26,5-11,hosp,unvaxxed,count,6
2021,52,2021-12-26,5-11,hosp,unvaxxed,rate,1.487955004
2021,52,2021-12-26,12-17,pop,vaxxed,count,255570
2021,52,2021-12-26,12-17,pop,unvaxxed,count,178164
2021,52,2021-12-26,12-17,cases,vaxxed,count,2108
2021,52,2021-12-26,12-17,cases,vaxxed,rate,824.82294479
2021,52,2021-12-26,12-17,cases,unvaxxed,count,1287
2021,52,2021-12-26,12-17,cases,unvaxxed,rate,722.368155183
2021,52,2021-12-26,12-17,hosp,vaxxed,count,6
2021,52,2021-12-26,12-17,hosp,vaxxed,rate,2.347693391
2021,52,2021-12-26,12-17,hosp,unvaxxed,count,10
2021,52,2021-12-26,12-17,hosp,unvaxxed,rate,5.612806179
2022,01,2022-01-02,5-11,pop,vaxxed,count,115730
2022,01,2022-01-02,5-11,pop,unvaxxed,count,394005
2022,01,2022-01-02,5-11,cases,vaxxed,count,1469
2022,01,2022-01-02,5-11,cases,vaxxed,rate,1269.333794176
2022,01,2022-01-02,5-11,cases,unvaxxed,count,4815
2022,01,2022-01-02,5-11,cases,unvaxxed,rate,1222.065709826
2022,01,2022-01-02,5-11,hosp,vaxxed,count,3
2022,01,2022-01-02,5-11,hosp,vaxxed,rate,2.59224056
2022,01,2022-01-02,5-11,hosp,unvaxxed,count,9
2022,01,2022-01-02,5-11,hosp,unvaxxed,rate,2.284234972
2022,01,2022-01-02,12-17,pop,vaxxed,count,256688
2022,01,2022-01-02,12-17,pop,unvaxxed,count,177046
2022,01,2022-01-02,12-17,cases,vaxxed,count,4473
2022,01,2022-01-02,12-17,cases,vaxxed,rate,1742.582434707
2022,01,2022-01-02,12-17,cases,unvaxxed,count,2946
2022,01,2022-01-02,12-17,cases,unvaxxed,rate,1663.974334354
2022,01,2022-01-02,12-17,hosp,vaxxed,count,12
2022,01,2022-01-02,12-17,hosp,vaxxed,rate,4.674936109
2022,01,2022-01-02,12-17,hosp,unvaxxed,count,17
2022,01,2022-01-02,12-17,hosp,unvaxxed,rate,9.602024333
2022,02,2022-01-09,5-11,pop,vaxxed,count,124981
2022,02,2022-01-09,5-11,pop,unvaxxed,count,384754
2022,02,2022-01-09,5-11,cases,vaxxed,count,2072
2022,02,2022-01-09,5-11,cases,vaxxed,rate,1657.851993503
2022,02,2022-01-09,5-11,cases,unvaxxed,count,5555
2022,02,2022-01-09,5-11,cases,unvaxxed,rate,1443.77966181
2022,02,2022-01-09,5-11,hosp,vaxxed,count,4
2022,02,2022-01-09,5-11,hosp,vaxxed,rate,3.200486474
2022,02,2022-01-09,5-11,hosp,unvaxxed,count,20
2022,02,2022-01-09,5-11,hosp,unvaxxed,rate,5.198126595
2022,02,2022-01-09,12-17,pop,vaxxed,count,258103
2022,02,2022-01-09,12-17,pop,unvaxxed,count,175631
2022,02,2022-01-09,12-17,cases,vaxxed,count,5178
2022,02,2022-01-09,12-17,cases,vaxxed,rate,2006.175829029
2022,02,2022-01-09,12-17,cases,unvaxxed,count,3246
2022,02,2022-01-09,12-17,cases,unvaxxed,rate,1848.193086642
2022,02,2022-01-09,12-17,hosp,vaxxed,count,17
2022,02,2022-01-09,12-17,hosp,vaxxed,rate,6.586517786
2022,02,2022-01-09,12-17,hosp,unvaxxed,count,25
2022,02,2022-01-09,12-17,hosp,unvaxxed,rate,14.234389145
2022,03,2022-01-16,5-11,pop,vaxxed,count,136459
2022,03,2022-01-16,5-11,pop,unvaxxed,count,373276
2022,03,2022-01-16,5-11,cases,vaxxed,count,1836
2022,03,2022-01-16,5-11,cases,vaxxed,rate,1345.45907562
2022,03,2022-01-16,5-11,cases,unvaxxed,count,3942
2022,03,2022-01-16,5-11,cases,unvaxxed,rate,1056.055037024
2022,03,2022-01-16,5-11,hosp,vaxxed,count,1
2022,03,2022-01-16,5-11,hosp,vaxxed,rate,0.732820847
2022,03,2022-01-16,5-11,hosp,unvaxxed,count,18
2022,03,2022-01-16,5-11,hosp,unvaxxed,rate,4.822169119
2022,03,2022-01-16,12-17,pop,vaxxed,count,259728
2022,03,2022-01-16,12-17,pop,unvaxxed,count,174006
2022,03,2022-01-16,12-17,cases,vaxxed,count,3250
2022,03,2022-01-16,12-17,cases,vaxxed,rate,1251.309061788
2022,03,2022-01-16,12-17,cases,unvaxxed,count,2227
2022,03,2022-01-16,12-17,cases,unvaxxed,rate,1279.840925026
2022,03,2022-01-16,12-17,hosp,vaxxed,count,10
2022,03,2022-01-16,12-17,hosp,vaxxed,rate,3.850181729
2022,03,2022-01-16,12-17,hosp,unvaxxed,count,21
2022,03,2022-01-16,12-17,hosp,unvaxxed,rate,12.06854936
2022,04,2022-01-23,5-11,pop,vaxxed,count,143680
2022,04,2022-01-23,5-11,pop,unvaxxed,count,366055
2022,04,2022-01-23,5-11,cases,vaxxed,count,1032
2022,04,2022-01-23,5-11,cases,vaxxed,rate,718.262806236
2022,04,2022-01-23,5-11,cases,unvaxxed,count,2177
2022,04,2022-01-23,5-11,cases,unvaxxed,rate,594.719372772
2022,04,2022-01-23,5-11,hosp,vaxxed,count,5
2022,04,2022-01-23,5-11,hosp,vaxxed,rate,3.479955457
2022,04,2022-01-23,5-11,hosp,unvaxxed,count,8
2022,04,2022-01-23,5-11,hosp,unvaxxed,rate,2.185463933
2022,04,2022-01-23,12-17,pop,vaxxed,count,261320
2022,04,2022-01-23,12-17,pop,unvaxxed,count,172414
2022,04,2022-01-23,12-17,cases,vaxxed,count,1510
2022,04,2022-01-23,12-17,cases,vaxxed,rate,577.835603857
2022,04,2022-01-23,12-17,cases,unvaxxed,count,1236
2022,04,2022-01-23,12-17,cases,unvaxxed,rate,716.879139745
2022,04,2022-01-23,12-17,hosp,vaxxed,count,15
2022,04,2022-01-23,12-17,hosp,vaxxed,rate,5.74008878
2022,04,2022-01-23,12-17,hosp,unvaxxed,count,9
2022,04,2022-01-23,12-17,hosp,unvaxxed,rate,5.219993736
2022,05,2022-01-30,5-11,pop,vaxxed,count,150010
2022,05,2022-01-30,5-11,pop,unvaxxed,count,359725
2022,05,2022-01-30,5-11,cases,vaxxed,count,683
2022,05,2022-01-30,5-11,cases,vaxxed,rate,455.302979801
2022,05,2022-01-30,5-11,cases,unvaxxed,count,1132
2022,05,2022-01-30,5-11,cases,unvaxxed,rate,314.684828689
2022,05,2022-01-30,5-11,hosp,vaxxed,count,1
2022,05,2022-01-30,5-11,hosp,vaxxed,rate,0.666622225
2022,05,2022-01-30,5-11,hosp,unvaxxed,count,5
2022,05,2022-01-30,5-11,hosp,unvaxxed,rate,1.389950657
2022,05,2022-01-30,12-17,pop,vaxxed,count,262866
2022,05,2022-01-30,12-17,pop,unvaxxed,count,170868
2022,05,2022-01-30,12-17,cases,vaxxed,count,778
2022,05,2022-01-30,12-17,cases,vaxxed,rate,295.968288025
2022,05,2022-01-30,12-17,cases,unvaxxed,count,613
2022,05,2022-01-30,12-17,cases,unvaxxed,rate,358.75646698
2022,05,2022-01-30,12-17,hosp,vaxxed,count,14
2022,05,2022-01-30,12-17,hosp,vaxxed,rate,5.325907497
2022,05,2022-01-30,12-17,hosp,unvaxxed,count,8
2022,05,2022-01-30,12-17,hosp,unvaxxed,rate,4.681976731
2022,06,2022-02-06,5-11,pop,vaxxed,count,156679
2022,06,2022-02-06,5-11,pop,unvaxxed,count,353056
2022,06,2022-02-06,5-11,cases,vaxxed,count,408
2022,06,2022-02-06,5-11,cases,vaxxed,rate,260.405031944
2022,06,2022-02-06,5-11,cases,unvaxxed,count,800
2022,06,2022-02-06,5-11,cases,unvaxxed,rate,226.592948427
2022,06,2022-02-06,5-11,hosp,vaxxed,count,2
2022,06,2022-02-06,5-11,hosp,vaxxed,rate,1.276495255
2022,06,2022-02-06,5-11,hosp,unvaxxed,count,4
2022,06,2022-02-06,5-11,hosp,unvaxxed,rate,1.132964742
2022,06,2022-02-06,12-17,pop,vaxxed,count,264607
2022,06,2022-02-06,12-17,pop,unvaxxed,count,169127
2022,06,2022-02-06,12-17,cases,vaxxed,count,431
2022,06,2022-02-06,12-17,cases,vaxxed,rate,162.883068097
2022,06,2022-02-06,12-17,cases,unvaxxed,count,380
2022,06,2022-02-06,12-17,cases,unvaxxed,rate,224.683226215
2022,06,2022-02-06,12-17,hosp,vaxxed,count,12
2022,06,2022-02-06,12-17,hosp,vaxxed,rate,4.535027418
2022,06,2022-02-06,12-17,hosp,unvaxxed,count,7
2022,06,2022-02-06,12-17,hosp,unvaxxed,rate,4.138901536
2022,07,2022-02-13,5-11,pop,vaxxed,count,163628
2022,07,2022-02-13,5-11,pop,unvaxxed,count,346107
2022,07,2022-02-13,5-11,cases,vaxxed,count,226
2022,07,2022-02-13,5-11,cases,vaxxed,rate,138.118170484
2022,07,2022-02-13,5-11,cases,unvaxxed,count,318
2022,07,2022-02-13,5-11,cases,unvaxxed,rate,91.879100972
2022,07,2022-02-13,5-11,hosp,vaxxed,count,2
2022,07,2022-02-13,5-11,hosp,vaxxed,rate,1.222284695
2022,07,2022-02-13,5-11,hosp,unvaxxed,count,5
2022,07,2022-02-13,5-11,hosp,unvaxxed,rate,1.444639952
2022,07,2022-02-13,12-17,pop,vaxxed,count,266460
2022,07,2022-02-13,12-17,pop,unvaxxed,count,167274
2022,07,2022-02-13,12-17,cases,vaxxed,count,246
2022,07,2022-02-13,12-17,cases,vaxxed,rate,92.321549201
2022,07,2022-02-13,12-17,cases,unvaxxed,count,188
2022,07,2022-02-13,12-17,cases,unvaxxed,rate,112.390449203
2022,07,2022-02-13,12-17,hosp,vaxxed,count,6
2022,07,2022-02-13,12-17,hosp,vaxxed,rate,2.251745102
2022,07,2022-02-13,12-17,hosp,unvaxxed,count,5
2022,07,2022-02-13,12-17,hosp,unvaxxed,rate,2.989107692
2022,08,2022-02-20,5-11,pop,vaxxed,count,170411
2022,08,2022-02-20,5-11,pop,unvaxxed,count,339324
2022,08,2022-02-20,5-11,cases,vaxxed,count,167
2022,08,2022-02-20,5-11,cases,vaxxed,rate,97.99836865
2022,08,2022-02-20,5-11,cases,unvaxxed,count,190
2022,08,2022-02-20,5-11,cases,unvaxxed,rate,55.993681555
2022,08,2022-02-20,5-11,hosp,vaxxed,count,0
2022,08,2022-02-20,5-11,hosp,vaxxed,rate,0
2022,08,2022-02-20,5-11,hosp,unvaxxed,count,5
2022,08,2022-02-20,5-11,hosp,unvaxxed,rate,1.473517936
2022,08,2022-02-20,12-17,pop,vaxxed,count,268184
2022,08,2022-02-20,12-17,pop,unvaxxed,count,165550
2022,08,2022-02-20,12-17,cases,vaxxed,count,170
2022,08,2022-02-20,12-17,cases,vaxxed,rate,63.389314799
2022,08,2022-02-20,12-17,cases,unvaxxed,count,97
2022,08,2022-02-20,12-17,cases,unvaxxed,rate,58.59257022
2022,08,2022-02-20,12-17,hosp,vaxxed,count,3
2022,08,2022-02-20,12-17,hosp,vaxxed,rate,1.118634967
2022,08,2022-02-20,12-17,hosp,unvaxxed,count,3
2022,08,2022-02-20,12-17,hosp,unvaxxed,rate,1.812141347
2022,09,2022-02-27,5-11,pop,vaxxed,count,176785
2022,09,2022-02-27,5-11,pop,unvaxxed,count,332950
2022,09,2022-02-27,5-11,cases,vaxxed,count,129
2022,09,2022-02-27,5-11,cases,vaxxed,rate,72.969991798
2022,09,2022-02-27,5-11,cases,unvaxxed,count,133
2022,09,2022-02-27,5-11,cases,unvaxxed,rate,39.945937829
2022,09,2022-02-27,5-11,hosp,vaxxed,count,0
2022,09,2022-02-27,5-11,hosp,vaxxed,rate,0
2022,09,2022-02-27,5-11,hosp,unvaxxed,count,1
2022,09,2022-02-27,5-11,hosp,unvaxxed,rate,0.300345397
2022,09,2022-02-27,12-17,pop,vaxxed,count,269766
2022,09,2022-02-27,12-17,pop,unvaxxed,count,163968
2022,09,2022-02-27,12-17,cases,vaxxed,count,110
2022,09,2022-02-27,12-17,cases,vaxxed,rate,40.77608001
2022,09,2022-02-27,12-17,cases,unvaxxed,count,82
2022,09,2022-02-27,12-17,cases,unvaxxed,rate,50.009758002
2022,09,2022-02-27,12-17,hosp,vaxxed,count,7
2022,09,2022-02-27,12-17,hosp,vaxxed,rate,2.594841455
2022,09,2022-02-27,12-17,hosp,unvaxxed,count,4
2022,09,2022-02-27,12-17,hosp,unvaxxed,rate,2.43950039
2022,10,2022-03-06,5-11,pop,vaxxed,count,182831
2022,10,2022-03-06,5-11,pop,unvaxxed,count,326904
2022,10,2022-03-06,5-11,cases,vaxxed,count,92
2022,10,2022-03-06,5-11,cases,vaxxed,rate,50.319694144
2022,10,2022-03-06,5-11,cases,unvaxxed,count,87
2022,10,2022-03-06,5-11,cases,unvaxxed,rate,26.613317671
2022,10,2022-03-06,5-11,hosp,vaxxed,count,0
2022,10,2022-03-06,5-11,hosp,vaxxed,rate,0
2022,10,2022-03-06,5-11,hosp,unvaxxed,count,6
2022,10,2022-03-06,5-11,hosp,unvaxxed,rate,1.835401219
2022,10,2022-03-06,12-17,pop,vaxxed,count,271136
2022,10,2022-03-06,12-17,pop,unvaxxed,count,162598
2022,10,2022-03-06,12-17,cases,vaxxed,count,73
2022,10,2022-03-06,12-17,cases,vaxxed,rate,26.923757819
2022,10,2022-03-06,12-17,cases,unvaxxed,count,37
2022,10,2022-03-06,12-17,cases,unvaxxed,rate,22.755507448
2022,10,2022-03-06,12-17,hosp,vaxxed,count,4
2022,10,2022-03-06,12-17,hosp,vaxxed,rate,1.475274401
2022,10,2022-03-06,12-17,hosp,unvaxxed,count,0
2022,10,2022-03-06,12-17,hosp,unvaxxed,rate,0
2022,11,2022-03-13,5-11,pop,vaxxed,count,185963
2022,11,2022-03-13,5-11,pop,unvaxxed,count,323772
2022,11,2022-03-13,5-11,cases,vaxxed,count,81
2022,11,2022-03-13,5-11,cases,vaxxed,rate,43.557051672
2022,11,2022-03-13,5-11,cases,unvaxxed,count,87
2022,11,2022-03-13,5-11,cases,unvaxxed,rate,26.870760906
2022,11,2022-03-13,5-11,hosp,vaxxed,count,2
2022,11,2022-03-13,5-11,hosp,vaxxed,rate,1.075482757
2022,11,2022-03-13,5-11,hosp,unvaxxed,count,2
2022,11,2022-03-13,5-11,hosp,unvaxxed,rate,0.617718642
2022,11,2022-03-13,12-17,pop,vaxxed,count,272063
2022,11,2022-03-13,12-17,pop,unvaxxed,count,161671
2022,11,2022-03-13,12-17,cases,vaxxed,count,78
2022,11,2022-03-13,12-17,cases,vaxxed,rate,28.66983015
2022,11,2022-03-13,12-17,cases,unvaxxed,count,50
2022,11,2022-03-13,12-17,cases,unvaxxed,rate,30.92700608
2022,11,2022-03-13,12-17,hosp,vaxxed,count,5
2022,11,2022-03-13,12-17,hosp,vaxxed,rate,1.837809625
2022,11,2022-03-13,12-17,hosp,unvaxxed,count,1
2022,11,2022-03-13,12-17,hosp,unvaxxed,rate,0.618540122
2022,12,2022-03-20,5-11,pop,vaxxed,count,187711
2022,12,2022-03-20,5-11,pop,unvaxxed,count,322024
2022,12,2022-03-20,5-11,cases,vaxxed,count,79
2022,12,2022-03-20,5-11,cases,vaxxed,rate,42.085972586
2022,12,2022-03-20,5-11,cases,unvaxxed,count,48
2022,12,2022-03-20,5-11,cases,unvaxxed,rate,14.905721313
2022,12,2022-03-20,5-11,hosp,vaxxed,count,1
2022,12,2022-03-20,5-11,hosp,vaxxed,rate,0.53273383
2022,12,2022-03-20,5-11,hosp,unvaxxed,count,2
2022,12,2022-03-20,5-11,hosp,unvaxxed,rate,0.621071721
2022,12,2022-03-20,12-17,pop,vaxxed,count,272775
2022,12,2022-03-20,12-17,pop,unvaxxed,count,160959
2022,12,2022-03-20,12-17,cases,vaxxed,count,67
2022,12,2022-03-20,12-17,cases,vaxxed,rate,24.562368252
2022,12,2022-03-20,12-17,cases,unvaxxed,count,41
2022,12,2022-03-20,12-17,cases,unvaxxed,rate,25.472325251
2022,12,2022-03-20,12-17,hosp,vaxxed,count,3
2022,12,2022-03-20,12-17,hosp,vaxxed,rate,1.099807534
2022,12,2022-03-20,12-17,hosp,unvaxxed,count,0
2022,12,2022-03-20,12-17,hosp,unvaxxed,rate,0
2022,13,2022-03-27,5-11,pop,vaxxed,count,189222
2022,13,2022-03-27,5-11,pop,unvaxxed,count,320513
2022,13,2022-03-27,5-11,cases,vaxxed,count,76
2022,13,2022-03-27,5-11,cases,vaxxed,rate,40.164462906
2022,13,2022-03-27,5-11,cases,unvaxxed,count,59
2022,13,2022-03-27,5-11,cases,unvaxxed,rate,18.407989692
2022,13,2022-03-27,5-11,hosp,vaxxed,count,0
2022,13,2022-03-27,5-11,hosp,vaxxed,rate,0
2022,13,2022-03-27,5-11,hosp,unvaxxed,count,2
2022,13,2022-03-27,5-11,hosp,unvaxxed,rate,0.623999651
2022,13,2022-03-27,12-17,pop,vaxxed,count,273371
2022,13,2022-03-27,12-17,pop,unvaxxed,count,160363
2022,13,2022-03-27,12-17,cases,vaxxed,count,66
2022,13,2022-03-27,12-17,cases,vaxxed,rate,24.143014438
2022,13,2022-03-27,12-17,cases,unvaxxed,count,36
2022,13,2022-03-27,12-17,cases,unvaxxed,rate,22.449068675
2022,13,2022-03-27,12-17,hosp,vaxxed,count,2
2022,13,2022-03-27,12-17,hosp,vaxxed,rate,0.731606498
2022,13,2022-03-27,12-17,hosp,unvaxxed,count,1
2022,13,2022-03-27,12-17,hosp,unvaxxed,rate,0.623585241
2022,14,2022-04-03,5-11,pop,vaxxed,count,190422
2022,14,2022-04-03,5-11,pop,unvaxxed,count,319313
2022,14,2022-04-03,5-11,cases,vaxxed,count,96
2022,14,2022-04-03,5-11,cases,vaxxed,rate,50.414342881
2022,14,2022-04-03,5-11,cases,unvaxxed,count,76
2022,14,2022-04-03,5-11,cases,unvaxxed,rate,23.801097982
2022,14,2022-04-03,5-11,hosp,vaxxed,count,0
2022,14,2022-04-03,5-11,hosp,vaxxed,rate,0
2022,14,2022-04-03,5-11,hosp,unvaxxed,count,0
2022,14,2022-04-03,5-11,hosp,unvaxxed,rate,0
2022,14,2022-04-03,12-17,pop,vaxxed,count,273822
2022,14,2022-04-03,12-17,pop,unvaxxed,count,159912
2022,14,2022-04-03,12-17,cases,vaxxed,count,86
2022,14,2022-04-03,12-17,cases,vaxxed,rate,31.407264573
2022,14,2022-04-03,12-17,cases,unvaxxed,count,42
2022,14,2022-04-03,12-17,cases,unvaxxed,rate,26.264445445
2022,14,2022-04-03,12-17,hosp,vaxxed,count,2
2022,14,2022-04-03,12-17,hosp,vaxxed,rate,0.730401502
2022,14,2022-04-03,12-17,hosp,unvaxxed,count,1
2022,14,2022-04-03,12-17,hosp,unvaxxed,rate,0.625343939
2022,15,2022-04-10,5-11,pop,vaxxed,count,191357
2022,15,2022-04-10,5-11,pop,unvaxxed,count,318378
2022,15,2022-04-10,5-11,cases,vaxxed,count,175
2022,15,2022-04-10,5-11,cases,vaxxed,rate,91.452102614
2022,15,2022-04-10,5-11,cases,unvaxxed,count,118
2022,15,2022-04-10,5-11,cases,unvaxxed,rate,37.062862384
2022,15,2022-04-10,5-11,hosp,vaxxed,count,1
2022,15,2022-04-10,5-11,hosp,vaxxed,rate,0.522583444
2022,15,2022-04-10,5-11,hosp,unvaxxed,count,2
2022,15,2022-04-10,5-11,hosp,unvaxxed,rate,0.628184108
2022,15,2022-04-10,12-17,pop,vaxxed,count,274258
2022,15,2022-04-10,12-17,pop,unvaxxed,count,159476
2022,15,2022-04-10,12-17,cases,vaxxed,count,130
2022,15,2022-04-10,12-17,cases,vaxxed,rate,47.400622771
2022,15,2022-04-10,12-17,cases,unvaxxed,count,58
2022,15,2022-04-10,12-17,cases,unvaxxed,rate,36.369108831
2022,15,2022-04-10,12-17,hosp,vaxxed,count,3
2022,15,2022-04-10,12-17,hosp,vaxxed,rate,1.093860525
2022,15,2022-04-10,12-17,hosp,unvaxxed,count,1
2022,15,2022-04-10,12-17,hosp,unvaxxed,rate,0.627053601
2022,16,2022-04-17,5-11,pop,vaxxed,count,192161
2022,16,2022-04-17,5-11,pop,unvaxxed,count,317574
2022,16,2022-04-17,5-11,cases,vaxxed,count,274
2022,16,2022-04-17,5-11,cases,vaxxed,rate,142.588766711
2022,16,2022-04-17,5-11,cases,unvaxxed,count,156
2022,16,2022-04-17,5-11,cases,unvaxxed,rate,49.122409265
2022,16,2022-04-17,5-11,hosp,vaxxed,count,1
2022,16,2022-04-17,5-11,hosp,vaxxed,rate,0.520396959
2022,16,2022-04-17,5-11,hosp,unvaxxed,count,1
2022,16,2022-04-17,5-11,hosp,unvaxxed,rate,0.314887239
2022,16,2022-04-17,12-17,pop,vaxxed,count,274591
2022,16,2022-04-17,12-17,pop,unvaxxed,count,159143
2022,16,2022-04-17,12-17,cases,vaxxed,count,181
2022,16,2022-04-17,12-17,cases,vaxxed,rate,65.91621721
2022,16,2022-04-17,12-17,cases,unvaxxed,count,107
2022,16,2022-04-17,12-17,cases,unvaxxed,rate,67.235128155
2022,16,2022-04-17,12-17,hosp,vaxxed,count,3
2022,16,2022-04-17,12-17,hosp,vaxxed,rate,1.092533987
2022,16,2022-04-17,12-17,hosp,unvaxxed,count,3
2022,16,2022-04-17,12-17,hosp,unvaxxed,rate,1.885097051
2022,17,2022-04-24,5-11,pop,vaxxed,count,192865
2022,17,2022-04-24,5-11,pop,unvaxxed,count,316870
2022,17,2022-04-24,5-11,cases,vaxxed,count,390
2022,17,2022-04-24,5-11,cases,vaxxed,rate,202.213983875
2022,17,2022-04-24,5-11,cases,unvaxxed,count,260
2022,17,2022-04-24,5-11,cases,unvaxxed,rate,82.052576766
2022,17,2022-04-24,5-11,hosp,vaxxed,count,0
2022,17,2022-04-24,5-11,hosp,vaxxed,rate,0
2022,17,2022-04-24,5-11,hosp,unvaxxed,count,6
2022,17,2022-04-24,5-11,hosp,unvaxxed,rate,1.893521002
2022,17,2022-04-24,12-17,pop,vaxxed,count,274865
2022,17,2022-04-24,12-17,pop,unvaxxed,count,158869
2022,17,2022-04-24,12-17,cases,vaxxed,count,329
2022,17,2022-04-24,12-17,cases,vaxxed,rate,119.69512306
2022,17,2022-04-24,12-17,cases,unvaxxed,count,163
2022,17,2022-04-24,12-17,cases,unvaxxed,rate,102.600255556
2022,17,2022-04-24,12-17,hosp,vaxxed,count,7
2022,17,2022-04-24,12-17,hosp,vaxxed,rate,2.546704746
2022,17,2022-04-24,12-17,hosp,unvaxxed,count,4
2022,17,2022-04-24,12-17,hosp,unvaxxed,rate,2.517797682
2022,18,2022-05-01,5-11,pop,vaxxed,count,193535
2022,18,2022-05-01,5-11,pop,unvaxxed,count,316200
2022,18,2022-05-01,5-11,cases,vaxxed,count,487
2022,18,2022-05-01,5-11,cases,vaxxed,rate,251.634071357
2022,18,2022-05-01,5-11,cases,unvaxxed,count,361
2022,18,2022-05-01,5-11,cases,unvaxxed,rate,114.168247944
2022,18,2022-05-01,5-11,hosp,vaxxed,count,0
2022,18,2022-05-01,5-11,hosp,vaxxed,rate,0
2022,18,2022-05-01,5-11,hosp,unvaxxed,count,3
2022,18,2022-05-01,5-11,hosp,unvaxxed,rate,0.948766603
2022,18,2022-05-01,12-17,pop,vaxxed,count,275120
2022,18,2022-05-01,12-17,pop,unvaxxed,count,158614
2022,18,2022-05-01,12-17,cases,vaxxed,count,432
2022,18,2022-05-01,12-17,cases,vaxxed,rate,157.02239023
2022,18,2022-05-01,12-17,cases,unvaxxed,count,191
2022,18,2022-05-01,12-17,cases,unvaxxed,rate,120.418121982
2022,18,2022-05-01,12-17,hosp,vaxxed,count,6
2022,18,2022-05-01,12-17,hosp,vaxxed,rate,2.180866531
2022,18,2022-05-01,12-17,hosp,unvaxxed,count,2
2022,18,2022-05-01,12-17,hosp,unvaxxed,rate,1.260922743
2022,19,2022-05-08,5-11,pop,vaxxed,count,194155
2022,19,2022-05-08,5-11,pop,unvaxxed,count,315580
2022,19,2022-05-08,5-11,cases,vaxxed,count,464
2022,19,2022-05-08,5-11,cases,vaxxed,rate,238.984316654
2022,19,2022-05-08,5-11,cases,unvaxxed,count,349
2022,19,2022-05-08,5-11,cases,unvaxxed,rate,110.590024716
2022,19,2022-05-08,5-11,hosp,vaxxed,count,0
2022,19,2022-05-08,5-11,hosp,vaxxed,rate,0
2022,19,2022-05-08,5-11,hosp,unvaxxed,count,5
2022,19,2022-05-08,5-11,hosp,unvaxxed,rate,1.584384308
2022,19,2022-05-08,12-17,pop,vaxxed,count,275376
2022,19,2022-05-08,12-17,pop,unvaxxed,count,158358
2022,19,2022-05-08,12-17,cases,vaxxed,count,457
2022,19,2022-05-08,12-17,cases,vaxxed,rate,165.954912556
2022,19,2022-05-08,12-17,cases,unvaxxed,count,192
2022,19,2022-05-08,12-17,cases,unvaxxed,rate,121.244269314
2022,19,2022-05-08,12-17,hosp,vaxxed,count,4
2022,19,2022-05-08,12-17,hosp,vaxxed,rate,1.45255941
2022,19,2022-05-08,12-17,hosp,unvaxxed,count,3
2022,19,2022-05-08,12-17,hosp,unvaxxed,rate,1.894441708
2022,20,2022-05-15,5-11,pop,vaxxed,count,194706
2022,20,2022-05-15,5-11,pop,unvaxxed,count,315029
2022,20,2022-05-15,5-11,cases,vaxxed,count,366
2022,20,2022-05-15,5-11,cases,vaxxed,rate,187.975717235
2022,20,2022-05-15,5-11,cases,unvaxxed,count,313
2022,20,2022-05-15,5-11,cases,unvaxxed,rate,99.355932311
2022,20,2022-05-15,5-11,hosp,vaxxed,count,1
2022,20,2022-05-15,5-11,hosp,vaxxed,rate,0.513594856
2022,20,2022-05-15,5-11,hosp,unvaxxed,count,4
2022,20,2022-05-15,5-11,hosp,unvaxxed,rate,1.269724375
2022,20,2022-05-15,12-17,pop,vaxxed,count,275621
2022,20,2022-05-15,12-17,pop,unvaxxed,count,158113
2022,20,2022-05-15,12-17,cases,vaxxed,count,428
2022,20,2022-05-15,12-17,cases,vaxxed,rate,155.285700291
2022,20,2022-05-15,12-17,cases,unvaxxed,count,182
2022,20,2022-05-15,12-17,cases,unvaxxed,rate,115.107549664
2022,20,2022-05-15,12-17,hosp,vaxxed,count,3
2022,20,2022-05-15,12-17,hosp,vaxxed,rate,1.08845117
2022,20,2022-05-15,12-17,hosp,unvaxxed,count,3
2022,20,2022-05-15,12-17,hosp,unvaxxed,rate,1.897377192
2022,21,2022-05-22,5-11,pop,vaxxed,count,195257
2022,21,2022-05-22,5-11,pop,unvaxxed,count,314478
2022,21,2022-05-22,5-11,cases,vaxxed,count,355
2022,21,2022-05-22,5-11,cases,vaxxed,rate,181.811663602
2022,21,2022-05-22,5-11,cases,unvaxxed,count,304
2022,21,2022-05-22,5-11,cases,unvaxxed,rate,96.668129408
2022,21,2022-05-22,5-11,hosp,vaxxed,count,2
2022,21,2022-05-22,5-11,hosp,vaxxed,rate,1.024291063
2022,21,2022-05-22,5-11,hosp,unvaxxed,count,4
2022,21,2022-05-22,5-11,hosp,unvaxxed,rate,1.271949071
2022,21,2022-05-22,12-17,pop,vaxxed,count,275862
2022,21,2022-05-22,12-17,pop,unvaxxed,count,157872
2022,21,2022-05-22,12-17,cases,vaxxed,count,371
2022,21,2022-05-22,12-17,cases,vaxxed,rate,134.487533622
2022,21,2022-05-22,12-17,cases,unvaxxed,count,198
2022,21,2022-05-22,12-17,cases,unvaxxed,rate,125.418060201
2022,21,2022-05-22,12-17,hosp,vaxxed,count,3
2022,21,2022-05-22,12-17,hosp,vaxxed,rate,1.087500272
2022,21,2022-05-22,12-17,hosp,unvaxxed,count,9
2022,21,2022-05-22,12-17,hosp,unvaxxed,rate,5.700820918
2022,22,2022-05-29,5-11,pop,vaxxed,count,195807
2022,22,2022-05-29,5-11,pop,unvaxxed,count,313928
2022,22,2022-05-29,5-11,cases,vaxxed,count,263
2022,22,2022-05-29,5-11,cases,vaxxed,rate,134.315933547
2022,22,2022-05-29,5-11,cases,unvaxxed,count,232
2022,22,2022-05-29,5-11,cases,unvaxxed,rate,73.902296068
2022,22,2022-05-29,5-11,hosp,vaxxed,count,1
2022,22,2022-05-29,5-11,hosp,vaxxed,rate,0.510706972
2022,22,2022-05-29,5-11,hosp,unvaxxed,count,7
2022,22,2022-05-29,5-11,hosp,unvaxxed,rate,2.229810657
2022,22,2022-05-29,12-17,pop,vaxxed,count,276130
2022,22,2022-05-29,12-17,pop,unvaxxed,count,157604
2022,22,2022-05-29,12-17,cases,vaxxed,count,294
2022,22,2022-05-29,12-17,cases,vaxxed,rate,106.471589469
2022,22,2022-05-29,12-17,cases,unvaxxed,count,140
2022,22,2022-05-29,12-17,cases,unvaxxed,rate,88.830232735
2022,22,2022-05-29,12-17,hosp,vaxxed,count,1
2022,22,2022-05-29,12-17,hosp,vaxxed,rate,0.362148263
2022,22,2022-05-29,12-17,hosp,unvaxxed,count,3
2022,22,2022-05-29,12-17,hosp,unvaxxed,rate,1.903504987
2022,23,2022-06-05,5-11,pop,vaxxed,count,196449
2022,23,2022-06-05,5-11,pop,unvaxxed,count,313286
2022,23,2022-06-05,5-11,cases,vaxxed,count,196
2022,23,2022-06-05,5-11,cases,vaxxed,rate,99.771441952
2022,23,2022-06-05,5-11,cases,unvaxxed,count,190
2022,23,2022-06-05,5-11,cases,unvaxxed,rate,60.64745951
2022,23,2022-06-05,5-11,hosp,vaxxed,count,4
2022,23,2022-06-05,5-11,hosp,vaxxed,rate,2.036151877
2022,23,2022-06-05,5-11,hosp,unvaxxed,count,3
2022,23,2022-06-05,5-11,hosp,unvaxxed,rate,0.957591466
2022,23,2022-06-05,12-17,pop,vaxxed,count,276402
2022,23,2022-06-05,12-17,pop,unvaxxed,count,157332
2022,23,2022-06-05,12-17,cases,vaxxed,count,262
2022,23,2022-06-05,12-17,cases,vaxxed,rate,94.789473303
2022,23,2022-06-05,12-17,cases,unvaxxed,count,132
2022,23,2022-06-05,12-17,cases,unvaxxed,rate,83.899016093
2022,23,2022-06-05,12-17,hosp,vaxxed,count,12
2022,23,2022-06-05,12-17,hosp,vaxxed,rate,4.341502594
2022,23,2022-06-05,12-17,hosp,unvaxxed,count,7
2022,23,2022-06-05,12-17,hosp,unvaxxed,rate,4.449190247
2022,24,2022-06-12,5-11,pop,vaxxed,count,196998
2022,24,2022-06-12,5-11,pop,unvaxxed,count,312737
2022,24,2022-06-12,5-11,cases,vaxxed,count,179
2022,24,2022-06-12,5-11,cases,vaxxed,rate,90.863866638
2022,24,2022-06-12,5-11,cases,unvaxxed,count,148
2022,24,2022-06-12,5-11,cases,unvaxxed,rate,47.324109395
2022,24,2022-06-12,5-11,hosp,vaxxed,count,1
2022,24,2022-06-12,5-11,hosp,vaxxed,rate,0.507619367
2022,24,2022-06-12,5-11,hosp,unvaxxed,count,2
2022,24,2022-06-12,5-11,hosp,unvaxxed,rate,0.639514992
2022,24,2022-06-12,12-17,pop,vaxxed,count,276632
2022,24,2022-06-12,12-17,pop,unvaxxed,count,157102
2022,24,2022-06-12,12-17,cases,vaxxed,count,200
2022,24,2022-06-12,12-17,cases,vaxxed,rate,72.29821568
2022,24,2022-06-12,12-17,cases,unvaxxed,count,109
2022,24,2022-06-12,12-17,cases,unvaxxed,rate,69.381675599
2022,24,2022-06-12,12-17,hosp,vaxxed,count,4
2022,24,2022-06-12,12-17,hosp,vaxxed,rate,1.445964314
2022,24,2022-06-12,12-17,hosp,unvaxxed,count,2
2022,24,2022-06-12,12-17,hosp,unvaxxed,rate,1.273058268
2022,25,2022-06-19,5-11,pop,vaxxed,count,197587
2022,25,2022-06-19,5-11,pop,unvaxxed,count,312148
2022,25,2022-06-19,5-11,cases,vaxxed,count,173
2022,25,2022-06-19,5-11,cases,vaxxed,rate,87.556367575
2022,25,2022-06-19,5-11,cases,unvaxxed,count,176
2022,25,2022-06-19,5-11,cases,unvaxxed,rate,56.383510386
2022,25,2022-06-19,5-11,hosp,vaxxed,count,1
2022,25,2022-06-19,5-11,hosp,vaxxed,rate,0.506106171
2022,25,2022-06-19,5-11,hosp,unvaxxed,count,1
2022,25,2022-06-19,5-11,hosp,unvaxxed,rate,0.320360854
2022,25,2022-06-19,12-17,pop,vaxxed,count,276922
2022,25,2022-06-19,12-17,pop,unvaxxed,count,156812
2022,25,2022-06-19,12-17,cases,vaxxed,count,206
2022,25,2022-06-19,12-17,cases,vaxxed,rate,74.38917818
2022,25,2022-06-19,12-17,cases,unvaxxed,count,82
2022,25,2022-06-19,12-17,cases,unvaxxed,rate,52.291916435
2022,25,2022-06-19,12-17,hosp,vaxxed,count,4
2022,25,2022-06-19,12-17,hosp,vaxxed,rate,1.444450062
2022,25,2022-06-19,12-17,hosp,unvaxxed,count,5
2022,25,2022-06-19,12-17,hosp,unvaxxed,rate,3.18853149
2022,26,2022-06-26,5-11,pop,vaxxed,count,198194
2022,26,2022-06-26,5-11,pop,unvaxxed,count,311541
2022,26,2022-06-26,5-11,cases,vaxxed,count,155
2022,26,2022-06-26,5-11,cases,vaxxed,rate,78.206202004
2022,26,2022-06-26,5-11,cases,unvaxxed,count,140
2022,26,2022-06-26,5-11,cases,unvaxxed,rate,44.937905444
2022,26,2022-06-26,5-11,hosp,vaxxed,count,3
2022,26,2022-06-26,5-11,hosp,vaxxed,rate,1.513668426
2022,26,2022-06-26,5-11,hosp,unvaxxed,count,1
2022,26,2022-06-26,5-11,hosp,unvaxxed,rate,0.320985039
2022,26,2022-06-26,12-17,pop,vaxxed,count,277165
2022,26,2022-06-26,12-17,pop,unvaxxed,count,156569
2022,26,2022-06-26,12-17,cases,vaxxed,count,187
2022,26,2022-06-26,12-17,cases,vaxxed,rate,67.468836253
2022,26,2022-06-26,12-17,cases,unvaxxed,count,86
2022,26,2022-06-26,12-17,cases,unvaxxed,rate,54.927859282
2022,26,2022-06-26,12-17,hosp,vaxxed,count,6
2022,26,2022-06-26,12-17,hosp,vaxxed,rate,2.164775495
2022,26,2022-06-26,12-17,hosp,unvaxxed,count,2
2022,26,2022-06-26,12-17,hosp,unvaxxed,rate,1.277392076
2022,27,2022-07-03,5-11,pop,vaxxed,count,198770
2022,27,2022-07-03,5-11,pop,unvaxxed,count,310965
2022,27,2022-07-03,5-11,cases,vaxxed,count,143
2022,27,2022-07-03,5-11,cases,vaxxed,rate,71.942446043
2022,27,2022-07-03,5-11,cases,unvaxxed,count,154
2022,27,2022-07-03,5-11,cases,unvaxxed,rate,49.523258244
2022,27,2022-07-03,5-11,hosp,vaxxed,count,1
2022,27,2022-07-03,5-11,hosp,vaxxed,rate,0.503094028
2022,27,2022-07-03,5-11,hosp,unvaxxed,count,2
2022,27,2022-07-03,5-11,hosp,unvaxxed,rate,0.643159198
2022,27,2022-07-03,12-17,pop,vaxxed,count,277382
2022,27,2022-07-03,12-17,pop,unvaxxed,count,156352
2022,27,2022-07-03,12-17,cases,vaxxed,count,150
2022,27,2022-07-03,12-17,cases,vaxxed,rate,54.077048979
2022,27,2022-07-03,12-17,cases,unvaxxed,count,84
2022,27,2022-07-03,12-17,cases,unvaxxed,rate,53.724928367
2022,27,2022-07-03,12-17,hosp,vaxxed,count,4
2022,27,2022-07-03,12-17,hosp,vaxxed,rate,1.442054639
2022,27,2022-07-03,12-17,hosp,unvaxxed,count,4
2022,27,2022-07-03,12-17,hosp,unvaxxed,rate,2.558329922
2022,28,2022-07-10,5-11,pop,vaxxed,count,199309
2022,28,2022-07-10,5-11,pop,unvaxxed,count,310426
2022,28,2022-07-10,5-11,cases,vaxxed,count,169
2022,28,2022-07-10,5-11,cases,vaxxed,rate,84.792959676
2022,28,2022-07-10,5-11,cases,unvaxxed,count,178
2022,28,2022-07-10,5-11,cases,unvaxxed,rate,57.340557814
2022,28,2022-07-10,5-11,hosp,vaxxed,count,3
2022,28,2022-07-10,5-11,hosp,vaxxed,rate,1.505200468
2022,28,2022-07-10,5-11,hosp,unvaxxed,count,8
2022,28,2022-07-10,5-11,hosp,unvaxxed,rate,2.577103722
2022,28,2022-07-10,12-17,pop,vaxxed,count,277607
2022,28,2022-07-10,12-17,pop,unvaxxed,count,156127
2022,28,2022-07-10,12-17,cases,vaxxed,count,185
2022,28,2022-07-10,12-17,cases,vaxxed,rate,66.640970869
2022,28,2022-07-10,12-17,cases,unvaxxed,count,112
2022,28,2022-07-10,12-17,cases,unvaxxed,rate,71.73647095
2022,28,2022-07-10,12-17,hosp,vaxxed,count,2
2022,28,2022-07-10,12-17,hosp,vaxxed,rate,0.720442928
2022,28,2022-07-10,12-17,hosp,unvaxxed,count,0
2022,28,2022-07-10,12-17,hosp,unvaxxed,rate,0
2022,29,2022-07-17,5-11,pop,vaxxed,count,199814
2022,29,2022-07-17,5-11,pop,unvaxxed,count,309921
2022,29,2022-07-17,5-11,cases,vaxxed,count,190
2022,29,2022-07-17,5-11,cases,vaxxed,rate,95.088432242
2022,29,2022-07-17,5-11,cases,unvaxxed,count,226
2022,29,2022-07-17,5-11,cases,unvaxxed,rate,72.921809106
2022,29,2022-07-17,5-11,hosp,vaxxed,count,4
2022,29,2022-07-17,5-11,hosp,vaxxed,rate,2.001861731
2022,29,2022-07-17,5-11,hosp,unvaxxed,count,2
2022,29,2022-07-17,5-11,hosp,unvaxxed,rate,0.645325744
2022,29,2022-07-17,12-17,pop,vaxxed,count,277791
2022,29,2022-07-17,12-17,pop,unvaxxed,count,155943
2022,29,2022-07-17,12-17,cases,vaxxed,count,224
2022,29,2022-07-17,12-17,cases,vaxxed,rate,80.636161719
2022,29,2022-07-17,12-17,cases,unvaxxed,count,123
2022,29,2022-07-17,12-17,cases,unvaxxed,rate,78.874973548
2022,29,2022-07-17,12-17,hosp,vaxxed,count,1
2022,29,2022-07-17,12-17,hosp,vaxxed,rate,0.359982865
2022,29,2022-07-17,12-17,hosp,unvaxxed,count,4
2022,29,2022-07-17,12-17,hosp,unvaxxed,rate,2.56503979
2022,30,2022-07-24,5-11,pop,vaxxed,count,200361
2022,30,2022-07-24,5-11,pop,unvaxxed,count,309374
2022,30,2022-07-24,5-11,cases,vaxxed,count,143
2022,30,2022-07-24,5-11,cases,vaxxed,rate,71.371175029
2022,30,2022-07-24,5-11,cases,unvaxxed,count,221
2022,30,2022-07-24,5-11,cases,unvaxxed,rate,71.434574334
2022,30,2022-07-24,5-11,hosp,vaxxed,count,1
2022,30,2022-07-24,5-11,hosp,vaxxed,rate,0.499099126
2022,30,2022-07-24,5-11,hosp,unvaxxed,count,2
2022,30,2022-07-24,5-11,hosp,unvaxxed,rate,0.646466736
2022,30,2022-07-24,12-17,pop,vaxxed,count,278010
2022,30,2022-07-24,12-17,pop,unvaxxed,count,155724
2022,30,2022-07-24,12-17,cases,vaxxed,count,208
2022,30,2022-07-24,12-17,cases,vaxxed,rate,74.81745261
2022,30,2022-07-24,12-17,cases,unvaxxed,count,120
2022,30,2022-07-24,12-17,cases,unvaxxed,rate,77.059412807
2022,30,2022-07-24,12-17,hosp,vaxxed,count,4
2022,30,2022-07-24,12-17,hosp,vaxxed,rate,1.438797166
2022,30,2022-07-24,12-17,hosp,unvaxxed,count,5
2022,30,2022-07-24,12-17,hosp,unvaxxed,rate,3.210808867
2022,31,2022-07-31,5-11,pop,vaxxed,count,200942
2022,31,2022-07-31,5-11,pop,unvaxxed,count,308793
2022,31,2022-07-31,5-11,cases,vaxxed,count,169
2022,31,2022-07-31,5-11,cases,vaxxed,rate,84.103870769
2022,31,2022-07-31,5-11,cases,unvaxxed,count,213
2022,31,2022-07-31,5-11,cases,unvaxxed,rate,68.978247564
2022,31,2022-07-31,5-11,hosp,vaxxed,count,1
2022,31,2022-07-31,5-11,hosp,vaxxed,rate,0.49765604
2022,31,2022-07-31,5-11,hosp,unvaxxed,count,2
2022,31,2022-07-31,5-11,hosp,unvaxxed,rate,0.647683076
2022,31,2022-07-31,12-17,pop,vaxxed,count,278217
2022,31,2022-07-31,12-17,pop,unvaxxed,count,155517
2022,31,2022-07-31,12-17,cases,vaxxed,count,171
2022,31,2022-07-31,12-17,cases,vaxxed,rate,61.462814997
2022,31,2022-07-31,12-17,cases,unvaxxed,count,122
2022,31,2022-07-31,12-17,cases,unvaxxed,rate,78.44801533
2022,31,2022-07-31,12-17,hosp,vaxxed,count,7
2022,31,2022-07-31,12-17,hosp,vaxxed,rate,2.516021667
2022,31,2022-07-31,12-17,hosp,unvaxxed,count,5
2022,31,2022-07-31,12-17,hosp,unvaxxed,rate,3.215082595
2022,32,2022-08-07,5-11,pop,vaxxed,count,201567
2022,32,2022-08-07,5-11,pop,unvaxxed,count,308168
2022,32,2022-08-07,5-11,cases,vaxxed,count,142
2022,32,2022-08-07,5-11,cases,vaxxed,rate,70.44803961
2022,32,2022-08-07,5-11,cases,unvaxxed,count,216
2022,32,2022-08-07,5-11,cases,unvaxxed,rate,70.091638327
2022,32,2022-08-07,5-11,hosp,vaxxed,count,0
2022,32,2022-08-07,5-11,hosp,vaxxed,rate,0
2022,32,2022-08-07,5-11,hosp,unvaxxed,count,4
2022,32,2022-08-07,5-11,hosp,unvaxxed,rate,1.297993302
2022,32,2022-08-07,12-17,pop,vaxxed,count,278410
2022,32,2022-08-07,12-17,pop,unvaxxed,count,155324
2022,32,2022-08-07,12-17,cases,vaxxed,count,179
2022,32,2022-08-07,12-17,cases,vaxxed,rate,64.293667613
2022,32,2022-08-07,12-17,cases,unvaxxed,count,125
2022,32,2022-08-07,12-17,cases,unvaxxed,rate,80.476938528
2022,32,2022-08-07,12-17,hosp,vaxxed,count,1
2022,32,2022-08-07,12-17,hosp,vaxxed,rate,0.359182501
2022,32,2022-08-07,12-17,hosp,unvaxxed,count,3
2022,32,2022-08-07,12-17,hosp,unvaxxed,rate,1.931446525
2022,33,2022-08-14,5-11,pop,vaxxed,count,202144
2022,33,2022-08-14,5-11,pop,unvaxxed,count,307591
2022,33,2022-08-14,5-11,cases,vaxxed,count,145
2022,33,2022-08-14,5-11,cases,vaxxed,rate,71.731043217
2022,33,2022-08-14,5-11,cases,unvaxxed,count,183
2022,33,2022-08-14,5-11,cases,unvaxxed,rate,59.494588593
2022,33,2022-08-14,5-11,hosp,vaxxed,count,1
2022,33,2022-08-14,5-11,hosp,vaxxed,rate,0.49469685
2022,33,2022-08-14,5-11,hosp,unvaxxed,count,4
2022,33,2022-08-14,5-11,hosp,unvaxxed,rate,1.300428166
2022,33,2022-08-14,12-17,pop,vaxxed,count,278606
2022,33,2022-08-14,12-17,pop,unvaxxed,count,155128
2022,33,2022-08-14,12-17,cases,vaxxed,count,165
2022,33,2022-08-14,12-17,cases,vaxxed,rate,59.223419453
2022,33,2022-08-14,12-17,cases,unvaxxed,count,115
2022,33,2022-08-14,12-17,cases,unvaxxed,rate,74.132329431
2022,33,2022-08-14,12-17,hosp,vaxxed,count,3
2022,33,2022-08-14,12-17,hosp,vaxxed,rate,1.076789445
2022,33,2022-08-14,12-17,hosp,unvaxxed,count,0
2022,33,2022-08-14,12-17,hosp,unvaxxed,rate,0
2022,34,2022-08-21,5-11,pop,vaxxed,count,202823
2022,34,2022-08-21,5-11,pop,unvaxxed,count,306912
2022,34,2022-08-21,5-11,cases,vaxxed,count,115
2022,34,2022-08-21,5-11,cases,vaxxed,rate,56.699683961
2022,34,2022-08-21,5-11,cases,unvaxxed,count,144
2022,34,2022-08-21,5-11,cases,unvaxxed,rate,46.91898655
2022,34,2022-08-21,5-11,hosp,vaxxed,count,1
2022,34,2022-08-21,5-11,hosp,vaxxed,rate,0.49304073
2022,34,2022-08-21,5-11,hosp,unvaxxed,count,6
2022,34,2022-08-21,5-11,hosp,unvaxxed,rate,1.954957773
2022,34,2022-08-21,12-17,pop,vaxxed,count,278846
2022,34,2022-08-21,12-17,pop,unvaxxed,count,154888
2022,34,2022-08-21,12-17,cases,vaxxed,count,155
2022,34,2022-08-21,12-17,cases,vaxxed,rate,55.586237565
2022,34,2022-08-21,12-17,cases,unvaxxed,count,89
2022,34,2022-08-21,12-17,cases,unvaxxed,rate,57.460874955
2022,34,2022-08-21,12-17,hosp,vaxxed,count,5
2022,34,2022-08-21,12-17,hosp,vaxxed,rate,1.793104438
2022,34,2022-08-21,12-17,hosp,unvaxxed,count,3
2022,34,2022-08-21,12-17,hosp,unvaxxed,rate,1.936883425
2022,35,2022-08-28,5-11,pop,vaxxed,count,203549
2022,35,2022-08-28,5-11,pop,unvaxxed,count,306186
2022,35,2022-08-28,5-11,cases,vaxxed,count,91
2022,35,2022-08-28,5-11,cases,vaxxed,rate,44.706679964
2022,35,2022-08-28,5-11,cases,unvaxxed,count,149
2022,35,2022-08-28,5-11,cases,unvaxxed,rate,48.663230847
2022,35,2022-08-28,5-11,hosp,vaxxed,count,1
2022,35,2022-08-28,5-11,hosp,vaxxed,rate,0.491282197
2022,35,2022-08-28,5-11,hosp,unvaxxed,count,4
2022,35,2022-08-28,5-11,hosp,unvaxxed,rate,1.306395459
2022,35,2022-08-28,12-17,pop,vaxxed,count,279074
2022,35,2022-08-28,12-17,pop,unvaxxed,count,154660
2022,35,2022-08-28,12-17,cases,vaxxed,count,130
2022,35,2022-08-28,12-17,cases,vaxxed,rate,46.58262683
2022,35,2022-08-28,12-17,cases,unvaxxed,count,78
2022,35,2022-08-28,12-17,cases,unvaxxed,rate,50.433208328
2022,35,2022-08-28,12-17,hosp,vaxxed,count,1
2022,35,2022-08-28,12-17,hosp,vaxxed,rate,0.358327899
2022,35,2022-08-28,12-17,hosp,unvaxxed,count,3
2022,35,2022-08-28,12-17,hosp,unvaxxed,rate,1.939738782
2022,36,2022-09-04,5-11,pop,vaxxed,count,204360
2022,36,2022-09-04,5-11,pop,unvaxxed,count,305375
2022,36,2022-09-04,5-11,cases,vaxxed,count,75
2022,36,2022-09-04,5-11,cases,vaxxed,rate,36.69994128
2022,36,2022-09-04,5-11,cases,unvaxxed,count,152
2022,36,2022-09-04,5-11,cases,unvaxxed,rate,49.774866967
2022,36,2022-09-04,5-11,hosp,vaxxed,count,1
2022,36,2022-09-04,5-11,hosp,vaxxed,rate,0.48933255
2022,36,2022-09-04,5-11,hosp,unvaxxed,count,9
2022,36,2022-09-04,5-11,hosp,unvaxxed,rate,2.94719607
2022,36,2022-09-04,12-17,pop,vaxxed,count,279297
2022,36,2022-09-04,12-17,pop,unvaxxed,count,154437
2022,36,2022-09-04,12-17,cases,vaxxed,count,118
2022,36,2022-09-04,12-17,cases,vaxxed,rate,42.24893214
2022,36,2022-09-04,12-17,cases,unvaxxed,count,86
2022,36,2022-09-04,12-17,cases,unvaxxed,rate,55.686137389
2022,36,2022-09-04,12-17,hosp,vaxxed,count,4
2022,36,2022-09-04,12-17,hosp,vaxxed,rate,1.432167191
2022,36,2022-09-04,12-17,hosp,unvaxxed,count,2
2022,36,2022-09-04,12-17,hosp,unvaxxed,rate,1.295026451
2022,37,2022-09-11,5-11,pop,vaxxed,count,205190
2022,37,2022-09-11,5-11,pop,unvaxxed,count,304545
2022,37,2022-09-11,5-11,cases,vaxxed,count,158
2022,37,2022-09-11,5-11,cases,vaxxed,rate,77.001803207
2022,37,2022-09-11,5-11,cases,unvaxxed,count,231
2022,37,2022-09-11,5-11,cases,unvaxxed,rate,75.850859479
2022,37,2022-09-11,5-11,hosp,vaxxed,count,0
2022,37,2022-09-11,5-11,hosp,vaxxed,rate,0
2022,37,2022-09-11,5-11,hosp,unvaxxed,count,2
2022,37,2022-09-11,5-11,hosp,unvaxxed,rate,0.656717398
2022,37,2022-09-11,12-17,pop,vaxxed,count,279532
2022,37,2022-09-11,12-17,pop,unvaxxed,count,154202
2022,37,2022-09-11,12-17,cases,vaxxed,count,220
2022,37,2022-09-11,12-17,cases,vaxxed,rate,78.702974972
2022,37,2022-09-11,12-17,cases,unvaxxed,count,197
2022,37,2022-09-11,12-17,cases,unvaxxed,rate,127.754503833
2022,37,2022-09-11,12-17,hosp,vaxxed,count,3
2022,37,2022-09-11,12-17,hosp,vaxxed,rate,1.073222386
2022,37,2022-09-11,12-17,hosp,unvaxxed,count,5
2022,37,2022-09-11,12-17,hosp,unvaxxed,rate,3.242500097
2022,38,2022-09-18,5-11,pop,vaxxed,count,205642
2022,38,2022-09-18,5-11,pop,unvaxxed,count,304093
2022,38,2022-09-18,5-11,cases,vaxxed,count,134
2022,38,2022-09-18,5-11,cases,vaxxed,rate,65.161786016
2022,38,2022-09-18,5-11,cases,unvaxxed,count,205
2022,38,2022-09-18,5-11,cases,unvaxxed,rate,67.413587291
2022,38,2022-09-18,5-11,hosp,vaxxed,count,2
2022,38,2022-09-18,5-11,hosp,vaxxed,rate,0.97256397000000006
2022,38,2022-09-18,5-11,hosp,unvaxxed,count,5
2022,38,2022-09-18,5-11,hosp,unvaxxed,rate,1.644233836
2022,38,2022-09-18,12-17,pop,vaxxed,count,279639
2022,38,2022-09-18,12-17,pop,unvaxxed,count,154095
2022,38,2022-09-18,12-17,cases,vaxxed,count,262
2022,38,2022-09-18,12-17,cases,vaxxed,rate,93.692224618
2022,38,2022-09-18,12-17,cases,unvaxxed,count,180
2022,38,2022-09-18,12-17,cases,unvaxxed,rate,116.811058114
2022,38,2022-09-18,12-17,hosp,vaxxed,count,5
2022,38,2022-09-18,12-17,hosp,vaxxed,rate,1.788019554
2022,38,2022-09-18,12-17,hosp,unvaxxed,count,9
2022,38,2022-09-18,12-17,hosp,unvaxxed,rate,5.840552906
2022,39,2022-09-25,5-11,pop,vaxxed,count,206264
2022,39,2022-09-25,5-11,pop,unvaxxed,count,303471
2022,39,2022-09-25,5-11,cases,vaxxed,count,87
2022,39,2022-09-25,5-11,cases,vaxxed,rate,42.178955125
2022,39,2022-09-25,5-11,cases,unvaxxed,count,117
2022,39,2022-09-25,5-11,cases,unvaxxed,rate,38.553931018
2022,39,2022-09-25,5-11,hosp,vaxxed,count,2
2022,39,2022-09-25,5-11,hosp,vaxxed,rate,0.969631152
2022,39,2022-09-25,5-11,hosp,unvaxxed,count,2
2022,39,2022-09-25,5-11,hosp,unvaxxed,rate,0.659041556
2022,39,2022-09-25,12-17,pop,vaxxed,count,279792
2022,39,2022-09-25,12-17,pop,unvaxxed,count,153942
2022,39,2022-09-25,12-17,cases,vaxxed,count,140
2022,39,2022-09-25,12-17,cases,vaxxed,rate,50.037170469
2022,39,2022-09-25,12-17,cases,unvaxxed,count,114
2022,39,2022-09-25,12-17,cases,unvaxxed,rate,74.053864442
2022,39,2022-09-25,12-17,hosp,vaxxed,count,3
2022,39,2022-09-25,12-17,hosp,vaxxed,rate,1.072225081
2022,39,2022-09-25,12-17,hosp,unvaxxed,count,3
2022,39,2022-09-25,12-17,hosp,unvaxxed,rate,1.948785906
2022,40,2022-10-02,5-11,pop,vaxxed,count,206879
2022,40,2022-10-02,5-11,pop,unvaxxed,count,302856
2022,40,2022-10-02,5-11,cases,vaxxed,count,59
2022,40,2022-10-02,5-11,cases,vaxxed,rate,28.519086036
2022,40,2022-10-02,5-11,cases,unvaxxed,count,84
2022,40,2022-10-02,5-11,cases,unvaxxed,rate,27.735953721
2022,40,2022-10-02,5-11,hosp,vaxxed,count,2
2022,40,2022-10-02,5-11,hosp,vaxxed,rate,0.966748679
2022,40,2022-10-02,5-11,hosp,unvaxxed,count,1
2022,40,2022-10-02,5-11,hosp,unvaxxed,rate,0.330189925
2022,40,2022-10-02,12-17,pop,vaxxed,count,279948
2022,40,2022-10-02,12-17,pop,unvaxxed,count,153786
2022,40,2022-10-02,12-17,cases,vaxxed,count,111
2022,40,2022-10-02,12-17,cases,vaxxed,rate,39.650220755
2022,40,2022-10-02,12-17,cases,unvaxxed,count,74
2022,40,2022-10-02,12-17,cases,unvaxxed,rate,48.118814456
2022,40,2022-10-02,12-17,hosp,vaxxed,count,4
2022,40,2022-10-02,12-17,hosp,vaxxed,rate,1.428836784
2022,40,2022-10-02,12-17,hosp,unvaxxed,count,3
2022,40,2022-10-02,12-17,hosp,unvaxxed,rate,1.950762748
2022,41,2022-10-09,5-11,pop,vaxxed,count,207329
2022,41,2022-10-09,5-11,pop,unvaxxed,count,302406
2022,41,2022-10-09,5-11,cases,vaxxed,count,52
2022,41,2022-10-09,5-11,cases,vaxxed,rate,25.080910051
2022,41,2022-10-09,5-11,cases,unvaxxed,count,71
2022,41,2022-10-09,5-11,cases,unvaxxed,rate,23.478370138
2022,41,2022-10-09,5-11,hosp,vaxxed,count,0
2022,41,2022-10-09,5-11,hosp,vaxxed,rate,0
2022,41,2022-10-09,5-11,hosp,unvaxxed,count,2
2022,41,2022-10-09,5-11,hosp,unvaxxed,rate,0.661362539
2022,41,2022-10-09,12-17,pop,vaxxed,count,280067
2022,41,2022-10-09,12-17,pop,unvaxxed,count,153667
2022,41,2022-10-09,12-17,cases,vaxxed,count,86
2022,41,2022-10-09,12-17,cases,vaxxed,rate,30.706937983
2022,41,2022-10-09,12-17,cases,unvaxxed,count,63
2022,41,2022-10-09,12-17,cases,unvaxxed,rate,40.99774187
2022,41,2022-10-09,12-17,hosp,vaxxed,count,1
2022,41,2022-10-09,12-17,hosp,vaxxed,rate,0.357057418
2022,41,2022-10-09,12-17,hosp,unvaxxed,count,3
2022,41,2022-10-09,12-17,hosp,unvaxxed,rate,1.952273422
2022,42,2022-10-16,5-11,pop,vaxxed,count,207730
2022,42,2022-10-16,5-11,pop,unvaxxed,count,302005
2022,42,2022-10-16,5-11,cases,vaxxed,count,54
2022,42,2022-10-16,5-11,cases,vaxxed,rate,25.995282338
2022,42,2022-10-16,5-11,cases,unvaxxed,count,62
2022,42,2022-10-16,5-11,cases,unvaxxed,rate,20.529461433
2022,42,2022-10-16,5-11,hosp,vaxxed,count,1
2022,42,2022-10-16,5-11,hosp,vaxxed,rate,0.481394117
2022,42,2022-10-16,5-11,hosp,unvaxxed,count,1
2022,42,2022-10-16,5-11,hosp,unvaxxed,rate,0.331120346
2022,42,2022-10-16,12-17,pop,vaxxed,count,280184
2022,42,2022-10-16,12-17,pop,unvaxxed,count,153550
2022,42,2022-10-16,12-17,cases,vaxxed,count,91
2022,42,2022-10-16,12-17,cases,vaxxed,rate,32.478656883
2022,42,2022-10-16,12-17,cases,unvaxxed,count,41
2022,42,2022-10-16,12-17,cases,unvaxxed,rate,26.701400195
2022,42,2022-10-16,12-17,hosp,vaxxed,count,3
2022,42,2022-10-16,12-17,hosp,vaxxed,rate,1.070724952
2022,42,2022-10-16,12-17,hosp,unvaxxed,count,2
2022,42,2022-10-16,12-17,hosp,unvaxxed,rate,1.302507327
2022,43,2022-10-23,5-11,pop,vaxxed,count,208089
2022,43,2022-10-23,5-11,pop,unvaxxed,count,301646
2022,43,2022-10-23,5-11,cases,vaxxed,count,60
2022,43,2022-10-23,5-11,cases,vaxxed,rate,28.8338163
2022,43,2022-10-23,5-11,cases,unvaxxed,count,80
2022,43,2022-10-23,5-11,cases,unvaxxed,rate,26.521153935
2022,43,2022-10-23,5-11,hosp,vaxxed,count,2
2022,43,2022-10-23,5-11,hosp,vaxxed,rate,0.96112721
2022,43,2022-10-23,5-11,hosp,unvaxxed,count,1
2022,43,2022-10-23,5-11,hosp,unvaxxed,rate,0.331514424
2022,43,2022-10-23,12-17,pop,vaxxed,count,280289
2022,43,2022-10-23,12-17,pop,unvaxxed,count,153445
2022,43,2022-10-23,12-17,cases,vaxxed,count,105
2022,43,2022-10-23,12-17,cases,vaxxed,rate,37.461334551
2022,43,2022-10-23,12-17,cases,unvaxxed,count,58
2022,43,2022-10-23,12-17,cases,unvaxxed,rate,37.798559745
2022,43,2022-10-23,12-17,hosp,vaxxed,count,4
2022,43,2022-10-23,12-17,hosp,vaxxed,rate,1.427098459
2022,43,2022-10-23,12-17,hosp,unvaxxed,count,2
2022,43,2022-10-23,12-17,hosp,unvaxxed,rate,1.303398612
2022,44,2022-10-30,5-11,pop,vaxxed,count,208494
2022,44,2022-10-30,5-11,pop,unvaxxed,count,301241
2022,44,2022-10-30,5-11,cases,vaxxed,count,86
2022,44,2022-10-30,5-11,cases,vaxxed,rate,41.248189396
2022,44,2022-10-30,5-11,cases,unvaxxed,count,115
2022,44,2022-10-30,5-11,cases,unvaxxed,rate,38.175414369
2022,44,2022-10-30,5-11,hosp,vaxxed,count,1
2022,44,2022-10-30,5-11,hosp,vaxxed,rate,0.479630109
2022,44,2022-10-30,5-11,hosp,unvaxxed,count,1
2022,44,2022-10-30,5-11,hosp,unvaxxed,rate,0.331960125
2022,44,2022-10-30,12-17,pop,vaxxed,count,280382
2022,44,2022-10-30,12-17,pop,unvaxxed,count,153352
2022,44,2022-10-30,12-17,cases,vaxxed,count,89
2022,44,2022-10-30,12-17,cases,vaxxed,rate,31.742408571
2022,44,2022-10-30,12-17,cases,unvaxxed,count,85
2022,44,2022-10-30,12-17,cases,unvaxxed,rate,55.428034848
2022,44,2022-10-30,12-17,hosp,vaxxed,count,1
2022,44,2022-10-30,12-17,hosp,vaxxed,rate,0.356656276
2022,44,2022-10-30,12-17,hosp,unvaxxed,count,2
2022,44,2022-10-30,12-17,hosp,unvaxxed,rate,1.304189055
2022,45,2022-11-06,5-11,pop,vaxxed,count,208790
2022,45,2022-11-06,5-11,pop,unvaxxed,count,300945
2022,45,2022-11-06,5-11,cases,vaxxed,count,79
2022,45,2022-11-06,5-11,cases,vaxxed,rate,37.837061162
2022,45,2022-11-06,5-11,cases,unvaxxed,count,117
2022,45,2022-11-06,5-11,cases,unvaxxed,rate,38.877535762
2022,45,2022-11-06,5-11,hosp,vaxxed,count,1
2022,45,2022-11-06,5-11,hosp,vaxxed,rate,0.478950141
2022,45,2022-11-06,5-11,hosp,unvaxxed,count,0
2022,45,2022-11-06,5-11,hosp,unvaxxed,rate,0
2022,45,2022-11-06,12-17,pop,vaxxed,count,280475
2022,45,2022-11-06,12-17,pop,unvaxxed,count,153259
2022,45,2022-11-06,12-17,cases,vaxxed,count,97
2022,45,2022-11-06,12-17,cases,vaxxed,rate,34.584187539
2022,45,2022-11-06,12-17,cases,unvaxxed,count,77
2022,45,2022-11-06,12-17,cases,unvaxxed,rate,50.24174763
2022,45,2022-11-06,12-17,hosp,vaxxed,count,2
2022,45,2022-11-06,12-17,hosp,vaxxed,rate,0.713076032
2022,45,2022-11-06,12-17,hosp,unvaxxed,count,4
2022,45,2022-11-06,12-17,hosp,unvaxxed,rate,2.609960916
2022,46,2022-11-13,5-11,pop,vaxxed,count,209080
2022,46,2022-11-13,5-11,pop,unvaxxed,count,300655
2022,46,2022-11-13,5-11,cases,vaxxed,count,83
2022,46,2022-11-13,5-11,cases,vaxxed,rate,39.697723359
2022,46,2022-11-13,5-11,cases,unvaxxed,count,114
2022,46,2022-11-13,5-11,cases,unvaxxed,rate,37.917214083
2022,46,2022-11-13,5-11,hosp,vaxxed,count,0
2022,46,2022-11-13,5-11,hosp,vaxxed,rate,0
2022,46,2022-11-13,5-11,hosp,unvaxxed,count,2
2022,46,2022-11-13,5-11,hosp,unvaxxed,rate,0.665214282
2022,46,2022-11-13,12-17,pop,vaxxed,count,280561
2022,46,2022-11-13,12-17,pop,unvaxxed,count,153173
2022,46,2022-11-13,12-17,cases,vaxxed,count,93
2022,46,2022-11-13,12-17,cases,vaxxed,rate,33.147871586
2022,46,2022-11-13,12-17,cases,unvaxxed,count,79
2022,46,2022-11-13,12-17,cases,unvaxxed,rate,51.575669341
2022,46,2022-11-13,12-17,hosp,vaxxed,count,2
2022,46,2022-11-13,12-17,hosp,vaxxed,rate,0.712857453
2022,46,2022-11-13,12-17,hosp,unvaxxed,count,1
2022,46,2022-11-13,12-17,hosp,unvaxxed,rate,0.652856574
2022,47,2022-11-20,5-11,pop,vaxxed,count,209422
2022,47,2022-11-20,5-11,pop,unvaxxed,count,300313
2022,47,2022-11-20,5-11,cases,vaxxed,count,68
2022,47,2022-11-20,5-11,cases,vaxxed,rate,32.47032308
2022,47,2022-11-20,5-11,cases,unvaxxed,count,127
2022,47,2022-11-20,5-11,cases,unvaxxed,rate,42.289211589
2022,47,2022-11-20,5-11,hosp,vaxxed,count,0
2022,47,2022-11-20,5-11,hosp,vaxxed,rate,0
2022,47,2022-11-20,5-11,hosp,unvaxxed,count,1
2022,47,2022-11-20,5-11,hosp,unvaxxed,rate,0.332985918
2022,47,2022-11-20,12-17,pop,vaxxed,count,280662
2022,47,2022-11-20,12-17,pop,unvaxxed,count,153072
2022,47,2022-11-20,12-17,cases,vaxxed,count,83
2022,47,2022-11-20,12-17,cases,vaxxed,rate,29.572938267
2022,47,2022-11-20,12-17,cases,unvaxxed,count,56
2022,47,2022-11-20,12-17,cases,unvaxxed,rate,36.584091147
2022,47,2022-11-20,12-17,hosp,vaxxed,count,1
2022,47,2022-11-20,12-17,hosp,vaxxed,rate,0.356300461
2022,47,2022-11-20,12-17,hosp,unvaxxed,count,0
2022,47,2022-11-20,12-17,hosp,unvaxxed,rate,0
2022,48,2022-11-27,5-11,pop,vaxxed,count,209749
2022,48,2022-11-27,5-11,pop,unvaxxed,count,299986
2022,48,2022-11-27,5-11,cases,vaxxed,count,46
2022,48,2022-11-27,5-11,cases,vaxxed,rate,21.930974641
2022,48,2022-11-27,5-11,cases,unvaxxed,count,107
2022,48,2022-11-27,5-11,cases,unvaxxed,rate,35.668331189
2022,48,2022-11-27,5-11,hosp,vaxxed,count,0
2022,48,2022-11-27,5-11,hosp,vaxxed,rate,0
2022,48,2022-11-27,5-11,hosp,unvaxxed,count,3
2022,48,2022-11-27,5-11,hosp,unvaxxed,rate,1.000046669
2022,48,2022-11-27,12-17,pop,vaxxed,count,280752
2022,48,2022-11-27,12-17,pop,unvaxxed,count,152982
2022,48,2022-11-27,12-17,cases,vaxxed,count,83
2022,48,2022-11-27,12-17,cases,vaxxed,rate,29.563458141
2022,48,2022-11-27,12-17,cases,unvaxxed,count,84
2022,48,2022-11-27,12-17,cases,unvaxxed,rate,54.908420599
2022,48,2022-11-27,12-17,hosp,vaxxed,count,1
2022,48,2022-11-27,12-17,hosp,vaxxed,rate,0.356186243
2022,48,2022-11-27,12-17,hosp,unvaxxed,count,1
2022,48,2022-11-27,12-17,hosp,unvaxxed,rate,0.653671674
2022,49,2022-12-04,5-11,pop,vaxxed,count,210000
2022,49,2022-12-04,5-11,pop,unvaxxed,count,299735
2022,49,2022-12-04,5-11,cases,vaxxed,count,66
2022,49,2022-12-04,5-11,cases,vaxxed,rate,31.428571429
2022,49,2022-12-04,5-11,cases,unvaxxed,count,111
2022,49,2022-12-04,5-11,cases,unvaxxed,rate,37.032712229
2022,49,2022-12-04,5-11,hosp,vaxxed,count,0
2022,49,2022-12-04,5-11,hosp,vaxxed,rate,0
2022,49,2022-12-04,5-11,hosp,unvaxxed,count,1
2022,49,2022-12-04,5-11,hosp,unvaxxed,rate,0.333628038
2022,49,2022-12-04,12-17,pop,vaxxed,count,280818
2022,49,2022-12-04,12-17,pop,unvaxxed,count,152916
2022,49,2022-12-04,12-17,cases,vaxxed,count,108
2022,49,2022-12-04,12-17,cases,vaxxed,rate,38.459073136
2022,49,2022-12-04,12-17,cases,unvaxxed,count,91
2022,49,2022-12-04,12-17,cases,unvaxxed,rate,59.509796228
2022,49,2022-12-04,12-17,hosp,vaxxed,count,4
2022,49,2022-12-04,12-17,hosp,vaxxed,rate,1.424410116
2022,49,2022-12-04,12-17,hosp,unvaxxed,count,5
2022,49,2022-12-04,12-17,hosp,unvaxxed,rate,3.269769024
2022,50,2022-12-11,5-11,pop,vaxxed,count,210364
2022,50,2022-12-11,5-11,pop,unvaxxed,count,299371
2022,50,2022-12-11,5-11,cases,vaxxed,count,61
2022,50,2022-12-11,5-11,cases,vaxxed,rate,28.997356962
2022,50,2022-12-11,5-11,cases,unvaxxed,count,125
2022,50,2022-12-11,5-11,cases,unvaxxed,rate,41.75421133
2022,50,2022-12-11,5-11,hosp,vaxxed,count,0
2022,50,2022-12-11,5-11,hosp,vaxxed,rate,0
2022,50,2022-12-11,5-11,hosp,unvaxxed,count,3
2022,50,2022-12-11,5-11,hosp,unvaxxed,rate,1.002101072
2022,50,2022-12-11,12-17,pop,vaxxed,count,280914
2022,50,2022-12-11,12-17,pop,unvaxxed,count,152820
2022,50,2022-12-11,12-17,cases,vaxxed,count,118
2022,50,2022-12-11,12-17,cases,vaxxed,rate,42.005738411
2022,50,2022-12-11,12-17,cases,unvaxxed,count,59
2022,50,2022-12-11,12-17,cases,unvaxxed,rate,38.607512106
2022,50,2022-12-11,12-17,hosp,vaxxed,count,4
2022,50,2022-12-11,12-17,hosp,vaxxed,rate,1.423923336
2022,50,2022-12-11,12-17,hosp,unvaxxed,count,1
2022,50,2022-12-11,12-17,hosp,unvaxxed,rate,0.654364612
2022,51,2022-12-18,5-11,pop,vaxxed,count,210702
2022,51,2022-12-18,5-11,pop,unvaxxed,count,299033
2022,51,2022-12-18,5-11,cases,vaxxed,count,72
2022,51,2022-12-18,5-11,cases,vaxxed,rate,34.171483897
2022,51,2022-12-18,5-11,cases,unvaxxed,count,97
2022,51,2022-12-18,5-11,cases,unvaxxed,rate,32.43789147
2022,51,2022-12-18,5-11,hosp,vaxxed,count,1
2022,51,2022-12-18,5-11,hosp,vaxxed,rate,0.474603943
2022,51,2022-12-18,5-11,hosp,unvaxxed,count,1
2022,51,2022-12-18,5-11,hosp,unvaxxed,rate,0.334411252
2022,51,2022-12-18,12-17,pop,vaxxed,count,280981
2022,51,2022-12-18,12-17,pop,unvaxxed,count,152753
2022,51,2022-12-18,12-17,cases,vaxxed,count,104
2022,51,2022-12-18,12-17,cases,vaxxed,rate,37.013178827
2022,51,2022-12-18,12-17,cases,unvaxxed,count,59
2022,51,2022-12-18,12-17,cases,unvaxxed,rate,38.624446001
2022,51,2022-12-18,12-17,hosp,vaxxed,count,1
2022,51,2022-12-18,12-17,hosp,vaxxed,rate,0.35589595
2022,51,2022-12-18,12-17,hosp,unvaxxed,count,1
2022,51,2022-12-18,12-17,hosp,unvaxxed,rate,0.654651627
2022,52,2022-12-25,5-11,pop,vaxxed,count,210959
2022,52,2022-12-25,5-11,pop,unvaxxed,count,298776
2022,52,2022-12-25,5-11,cases,vaxxed,count,37
2022,52,2022-12-25,5-11,cases,vaxxed,rate,17.538953067
2022,52,2022-12-25,5-11,cases,unvaxxed,count,54
2022,52,2022-12-25,5-11,cases,unvaxxed,rate,18.073740863
2022,52,2022-12-25,5-11,hosp,vaxxed,count,1
2022,52,2022-12-25,5-11,hosp,vaxxed,rate,0.474025759
2022,52,2022-12-25,5-11,hosp,unvaxxed,count,2
2022,52,2022-12-25,5-11,hosp,unvaxxed,rate,0.66939781
2022,52,2022-12-25,12-17,pop,vaxxed,count,281046
2022,52,2022-12-25,12-17,pop,unvaxxed,count,152688
2022,52,2022-12-25,12-17,cases,vaxxed,count,58
2022,52,2022-12-25,12-17,cases,vaxxed,rate,20.637191065
2022,52,2022-12-25,12-17,cases,unvaxxed,count,28
2022,52,2022-12-25,12-17,cases,unvaxxed,rate,18.338048832
2022,52,2022-12-25,12-17,hosp,vaxxed,count,4
2022,52,2022-12-25,12-17,hosp,vaxxed,rate,1.423254556
2022,52,2022-12-25,12-17,hosp,unvaxxed,count,0
2022,52,2022-12-25,12-17,hosp,unvaxxed,rate,0
