gender,doses,filed_date,report_date
MALE,5506091,2023-02-18,2023-02-23
Unknown/Missing,40697,2023-02-18,2023-02-23
OTHER,205,2023-02-18,2023-02-23
FEMALE,6449167,2023-02-18,2023-02-23
MALE,5500697,2023-02-11,2023-02-16
Unknown/Missing,40718,2023-02-11,2023-02-16
OTHER,206,2023-02-11,2023-02-16
FEMALE,6442692,2023-02-11,2023-02-16
MALE,5494684,2023-02-04,2023-02-09
Unknown/Missing,40798,2023-02-04,2023-02-09
OTHER,206,2023-02-04,2023-02-09
FEMALE,6435274,2023-02-04,2023-02-09
MALE,5487626,2023-01-28,2023-02-02
Unknown/Missing,40905,2023-01-28,2023-02-02
OTHER,206,2023-01-28,2023-02-02
FEMALE,6426893,2023-01-28,2023-02-02
MALE,5479691,2023-01-21,2023-01-26
Unknown/Missing,40978,2023-01-21,2023-01-26
OTHER,206,2023-01-21,2023-01-26
FEMALE,6417681,2023-01-21,2023-01-26
MALE,5471085,2023-01-14,2023-01-19
Unknown/Missing,41098,2023-01-14,2023-01-19
OTHER,203,2023-01-14,2023-01-19
FEMALE,6407824,2023-01-14,2023-01-19
MALE,5458983,2023-01-07,2023-01-12
Unknown/Missing,41155,2023-01-07,2023-01-12
OTHER,203,2023-01-07,2023-01-12
FEMALE,6394264,2023-01-07,2023-01-12
MALE,5449630,2022-12-31,2023-01-05
Unknown/Missing,41282,2022-12-31,2023-01-05
OTHER,205,2022-12-31,2023-01-05
FEMALE,6383317,2022-12-31,2023-01-05
MALE,5437264,2022-12-24,2022-12-29
Unknown/Missing,41407,2022-12-24,2022-12-29
OTHER,205,2022-12-24,2022-12-29
FEMALE,6368715,2022-12-24,2022-12-29
MALE,5420972,2022-12-17,2022-12-22
Unknown/Missing,41427,2022-12-17,2022-12-22
OTHER,207,2022-12-17,2022-12-22
FEMALE,6351525,2022-12-17,2022-12-22
MALE,5398626,2022-12-10,2022-12-15
Unknown/Missing,41483,2022-12-10,2022-12-15
OTHER,211,2022-12-10,2022-12-15
FEMALE,6327263,2022-12-10,2022-12-15
MALE,5371117,2022-12-03,2022-12-08
Unknown/Missing,41649,2022-12-03,2022-12-08
OTHER,213,2022-12-03,2022-12-08
FEMALE,6296180,2022-12-03,2022-12-08
MALE,5344363,2022-11-26,2022-12-01
Unknown/Missing,41839,2022-11-26,2022-12-01
OTHER,213,2022-11-26,2022-12-01
FEMALE,6265303,2022-11-26,2022-12-01
MALE,5320060,2022-11-19,2022-11-24
Unknown/Missing,41915,2022-11-19,2022-11-24
OTHER,216,2022-11-19,2022-11-24
FEMALE,6237785,2022-11-19,2022-11-24
MALE,5283004,2022-11-12,2022-11-17
Unknown/Missing,42079,2022-11-12,2022-11-17
OTHER,221,2022-11-12,2022-11-17
FEMALE,6193138,2022-11-12,2022-11-17
MALE,5241666,2022-11-05,2022-11-10
Unknown/Missing,42262,2022-11-05,2022-11-10
OTHER,219,2022-11-05,2022-11-10
FEMALE,6140737,2022-11-05,2022-11-10
MALE,5195330,2022-10-29,2022-11-03
Unknown/Missing,42530,2022-10-29,2022-11-03
OTHER,217,2022-10-29,2022-11-03
FEMALE,6081477,2022-10-29,2022-11-03
MALE,5140883,2022-10-22,2022-10-27
Unknown/Missing,42594,2022-10-22,2022-10-27
OTHER,222,2022-10-22,2022-10-27
FEMALE,6012732,2022-10-22,2022-10-27
MALE,5084117,2022-10-15,2022-10-20
Unknown/Missing,42815,2022-10-15,2022-10-20
OTHER,229,2022-10-15,2022-10-20
FEMALE,5938181,2022-10-15,2022-10-20
MALE,5032744,2022-10-08,2022-10-13
Unknown/Missing,42939,2022-10-08,2022-10-13
OTHER,222,2022-10-08,2022-10-13
FEMALE,5871304,2022-10-08,2022-10-13
MALE,4979916,2022-10-01,2022-10-06
Unknown/Missing,43106,2022-10-01,2022-10-06
OTHER,222,2022-10-01,2022-10-06
FEMALE,5801186,2022-10-01,2022-10-06
MALE,4931891,2022-09-24,2022-09-29
Unknown/Missing,43308,2022-09-24,2022-09-29
OTHER,224,2022-09-24,2022-09-29
FEMALE,5737806,2022-09-24,2022-09-29
Female,5696059,2022-09-20,2022-09-22
Male,4899154,2022-09-20,2022-09-22
Unknown/Missing,43529,2022-09-20,2022-09-22
Other,225,2022-09-20,2022-09-22
Female,5646167,2022-09-13,2022-09-15
Male,4859479,2022-09-13,2022-09-15
Unknown/Missing,43712,2022-09-13,2022-09-15
Other,227,2022-09-13,2022-09-15
Male,4835564,2022-09-06,2022-09-08
Female,5617124,2022-09-06,2022-09-08
Unknown/Missing,43866,2022-09-06,2022-09-08
Other,227,2022-09-06,2022-09-08
Female,5611172,2022-08-30,2022-09-01
Male,4830241,2022-08-30,2022-09-01
Unknown/Missing,43947,2022-08-30,2022-09-01
Other,228,2022-08-30,2022-09-01
Female,5599847,2022-08-23,2022-08-25
Male,4820493,2022-08-23,2022-08-25
Unknown/Missing,44027,2022-08-23,2022-08-25
Other,228,2022-08-23,2022-08-25
Male,4811306,2022-08-17,2022-08-19
Female,5588987,2022-08-17,2022-08-19
Unknown/Missing,44037,2022-08-17,2022-08-19
Other,228,2022-08-17,2022-08-19
Male,4808717,2022-08-16,2022-08-18
Female,5586033,2022-08-16,2022-08-18
Unknown/Missing,44034,2022-08-16,2022-08-18
Other,228,2022-08-16,2022-08-18
Female,5570013,2022-08-09,2022-08-11
Male,4794875,2022-08-09,2022-08-11
Unknown/Missing,44141,2022-08-09,2022-08-11
Other,231,2022-08-09,2022-08-11
Male,4779294,2022-08-01,2022-08-03
Female,5551318,2022-08-01,2022-08-03
Unknown/Missing,44212,2022-08-01,2022-08-03
Other,234,2022-08-01,2022-08-03
Female,5534469,2022-07-26,2022-07-28
Male,4765286,2022-07-26,2022-07-28
Unknown/Missing,44274,2022-07-26,2022-07-28
Other,234,2022-07-26,2022-07-28
Female,5512469,2022-07-19,2022-07-21
Male,4746847,2022-07-19,2022-07-21
Unknown/Missing,44354,2022-07-19,2022-07-21
Other,236,2022-07-19,2022-07-21
Male,4727149,2022-07-12,2022-07-14
Female,5488310,2022-07-12,2022-07-14
Unknown/Missing,44484,2022-07-12,2022-07-14
Other,238,2022-07-12,2022-07-14
Female,5470677,2022-07-05,2022-07-07
Male,4712506,2022-07-05,2022-07-07
Unknown/Missing,44579,2022-07-05,2022-07-07
Other,238,2022-07-05,2022-07-07
Female,5461236,2022-06-29,2022-07-01
Male,4704728,2022-06-29,2022-07-01
Unknown/Missing,44621,2022-06-29,2022-07-01
Other,240,2022-06-29,2022-07-01
Female,5453427,2022-06-27,2022-06-29
Male,4698537,2022-06-27,2022-06-29
Unknown/Missing,44645,2022-06-27,2022-06-29
Other,240,2022-06-27,2022-06-29
Male,4696170,2022-06-26,2022-06-28
Female,5450441,2022-06-26,2022-06-28
Unknown/Missing,44671,2022-06-26,2022-06-28
Other,240,2022-06-26,2022-06-28
Female,5445895,2022-06-23,2022-06-27
Male,4692702,2022-06-23,2022-06-27
Unknown/Missing,44677,2022-06-23,2022-06-27
Other,240,2022-06-23,2022-06-27
Female,5442339,2022-06-22,2022-06-24
Male,4689832,2022-06-22,2022-06-24
Unknown/Missing,44680,2022-06-22,2022-06-24
Other,240,2022-06-22,2022-06-24
Female,5438428,2022-06-21,2022-06-23
Male,4686799,2022-06-21,2022-06-23
Unknown/Missing,44704,2022-06-21,2022-06-23
Other,240,2022-06-21,2022-06-23
Male,4683867,2022-06-20,2022-06-22
Female,5434770,2022-06-20,2022-06-22
Unknown/Missing,44731,2022-06-20,2022-06-22
Other,240,2022-06-20,2022-06-22
Female,5428108,2022-06-16,2022-06-21
Male,4678791,2022-06-16,2022-06-21
Unknown/Missing,44795,2022-06-16,2022-06-21
Other,240,2022-06-16,2022-06-21
Female,5424210,2022-06-15,2022-06-17
Male,4675749,2022-06-15,2022-06-17
Unknown/Missing,44822,2022-06-15,2022-06-17
Other,240,2022-06-15,2022-06-17
Female,5420299,2022-06-14,2022-06-16
Unknown/Missing,44846,2022-06-14,2022-06-16
Male,4672456,2022-06-14,2022-06-16
Other,240,2022-06-14,2022-06-16
Female,5416352,2022-06-13,2022-06-15
Male,4669170,2022-06-13,2022-06-15
Unknown/Missing,44841,2022-06-13,2022-06-15
Other,240,2022-06-13,2022-06-15
Female,5413051,2022-06-12,2022-06-14
Male,4666482,2022-06-12,2022-06-14
Unknown/Missing,44843,2022-06-12,2022-06-14
Other,240,2022-06-12,2022-06-14
Female,5408169,2022-06-09,2022-06-13
Male,4662863,2022-06-09,2022-06-13
Unknown/Missing,44858,2022-06-09,2022-06-13
Other,240,2022-06-09,2022-06-13
Male,4659673,2022-06-08,2022-06-10
Female,5404216,2022-06-08,2022-06-10
Unknown/Missing,44891,2022-06-08,2022-06-10
Other,242,2022-06-08,2022-06-10
Male,4652411,2022-06-06,2022-06-08
Female,5394703,2022-06-06,2022-06-08
Unknown/Missing,44945,2022-06-06,2022-06-08
Other,238,2022-06-06,2022-06-08
Female,5384233,2022-06-02,2022-06-07
Male,4644506,2022-06-02,2022-06-07
Unknown/Missing,44998,2022-06-02,2022-06-07
Other,241,2022-06-02,2022-06-07
Female,5384233,2022-06-02,2022-06-06
Male,4644506,2022-06-02,2022-06-06
Unknown/Missing,44998,2022-06-02,2022-06-06
Other,241,2022-06-02,2022-06-06
Female,5379116,2022-06-01,2022-06-03
Male,4640510,2022-06-01,2022-06-03
Unknown/Missing,45017,2022-06-01,2022-06-03
Other,241,2022-06-01,2022-06-03
Female,5373747,2022-05-31,2022-06-02
Male,4636430,2022-05-31,2022-06-02
Unknown/Missing,45044,2022-05-31,2022-06-02
Other,241,2022-05-31,2022-06-02
Female,5370049,2022-05-30,2022-06-01
Male,4633559,2022-05-30,2022-06-01
Unknown/Missing,45053,2022-05-30,2022-06-01
Other,241,2022-05-30,2022-06-01
Male,4626640,2022-05-26,2022-05-31
Female,5361188,2022-05-26,2022-05-31
Unknown/Missing,45048,2022-05-26,2022-05-31
Other,240,2022-05-26,2022-05-31
Female,5355499,2022-05-25,2022-05-27
Male,4622010,2022-05-25,2022-05-27
Unknown/Missing,45051,2022-05-25,2022-05-27
Other,240,2022-05-25,2022-05-27
Male,4616283,2022-05-24,2022-05-26
Female,5348450,2022-05-24,2022-05-26
Unknown/Missing,45085,2022-05-24,2022-05-26
Other,240,2022-05-24,2022-05-26
Male,4610870,2022-05-23,2022-05-25
Female,5341378,2022-05-23,2022-05-25
Unknown/Missing,45109,2022-05-23,2022-05-25
Other,242,2022-05-23,2022-05-25
Male,4606653,2022-05-22,2022-05-24
Female,5335864,2022-05-22,2022-05-24
Unknown/Missing,45104,2022-05-22,2022-05-24
Other,242,2022-05-22,2022-05-24
Female,5326108,2022-05-19,2022-05-23
Male,4599746,2022-05-19,2022-05-23
Unknown/Missing,45129,2022-05-19,2022-05-23
Other,237,2022-05-19,2022-05-23
Male,4594648,2022-05-18,2022-05-20
Female,5319326,2022-05-18,2022-05-20
Unknown/Missing,45094,2022-05-18,2022-05-20
Other,237,2022-05-18,2022-05-20
Female,5313267,2022-05-17,2022-05-19
Male,4590027,2022-05-17,2022-05-19
Unknown/Missing,45125,2022-05-17,2022-05-19
Other,237,2022-05-17,2022-05-19
Male,4585890,2022-05-16,2022-05-18
Female,5307671,2022-05-16,2022-05-18
Unknown/Missing,45147,2022-05-16,2022-05-18
Other,237,2022-05-16,2022-05-18
Female,5303217,2022-05-15,2022-05-17
Male,4582532,2022-05-15,2022-05-17
Unknown/Missing,45164,2022-05-15,2022-05-17
Other,237,2022-05-15,2022-05-17
Female,5295422,2022-05-12,2022-05-16
Male,4576990,2022-05-12,2022-05-16
Unknown/Missing,45175,2022-05-12,2022-05-16
Other,237,2022-05-12,2022-05-16
Female,5289127,2022-05-11,2022-05-13
Male,4572287,2022-05-11,2022-05-13
Unknown/Missing,45156,2022-05-11,2022-05-13
Other,237,2022-05-11,2022-05-13
Female,5282850,2022-05-10,2022-05-12
Male,4567450,2022-05-10,2022-05-12
Unknown/Missing,45169,2022-05-10,2022-05-12
Other,239,2022-05-10,2022-05-12
Female,5276417,2022-05-09,2022-05-11
Male,4562645,2022-05-09,2022-05-11
Unknown/Missing,45185,2022-05-09,2022-05-11
Other,241,2022-05-09,2022-05-11
Female,5271778,2022-05-08,2022-05-10
Male,4558987,2022-05-08,2022-05-10
Unknown/Missing,45224,2022-05-08,2022-05-10
Other,241,2022-05-08,2022-05-10
Female,5263052,2022-05-05,2022-05-09
Male,4552762,2022-05-05,2022-05-09
Unknown/Missing,45267,2022-05-05,2022-05-09
Other,241,2022-05-05,2022-05-09
Female,5256393,2022-05-04,2022-05-06
Male,4547803,2022-05-04,2022-05-06
Unknown/Missing,45282,2022-05-04,2022-05-06
Other,241,2022-05-04,2022-05-06
Female,5249899,2022-05-03,2022-05-05
Male,4542907,2022-05-03,2022-05-05
Unknown/Missing,45331,2022-05-03,2022-05-05
Other,241,2022-05-03,2022-05-05
Female,5243869,2022-05-02,2022-05-04
Male,4538291,2022-05-02,2022-05-04
Unknown/Missing,45366,2022-05-02,2022-05-04
Other,241,2022-05-02,2022-05-04
Female,5238884,2022-05-01,2022-05-03
Male,4534561,2022-05-01,2022-05-03
Unknown/Missing,45353,2022-05-01,2022-05-03
Other,241,2022-05-01,2022-05-03
Female,5229040,2022-04-28,2022-05-02
Male,4527325,2022-04-28,2022-05-02
Unknown/Missing,45358,2022-04-28,2022-05-02
Other,245,2022-04-28,2022-05-02
Female,5223132,2022-04-27,2022-04-29
Male,4522842,2022-04-27,2022-04-29
Unknown/Missing,45388,2022-04-27,2022-04-29
Other,245,2022-04-27,2022-04-29
Female,5216239,2022-04-26,2022-04-28
Male,4517442,2022-04-26,2022-04-28
Unknown/Missing,45433,2022-04-26,2022-04-28
Other,246,2022-04-26,2022-04-28
Female,5210029,2022-04-25,2022-04-27
Male,4512434,2022-04-25,2022-04-27
Unknown/Missing,45451,2022-04-25,2022-04-27
Other,246,2022-04-25,2022-04-27
Female,5205368,2022-04-24,2022-04-26
Male,4508500,2022-04-24,2022-04-26
Unknown/Missing,45434,2022-04-24,2022-04-26
Other,246,2022-04-24,2022-04-26
Female,5195125,2022-04-21,2022-04-25
Male,4500717,2022-04-21,2022-04-25
Unknown/Missing,45496,2022-04-21,2022-04-25
Other,246,2022-04-21,2022-04-25
Female,5187608,2022-04-20,2022-04-22
Male,4494698,2022-04-20,2022-04-22
Unknown/Missing,45516,2022-04-20,2022-04-22
Other,246,2022-04-20,2022-04-22
Female,5180114,2022-04-19,2022-04-21
Male,4488270,2022-04-19,2022-04-21
Unknown/Missing,45557,2022-04-19,2022-04-21
Other,246,2022-04-19,2022-04-21
Male,4481777,2022-04-18,2022-04-20
Female,5172207,2022-04-18,2022-04-20
Unknown/Missing,45601,2022-04-18,2022-04-20
Other,243,2022-04-18,2022-04-20
Female,5167513,2022-04-17,2022-04-19
Male,4477764,2022-04-17,2022-04-19
Unknown/Missing,45602,2022-04-17,2022-04-19
Other,243,2022-04-17,2022-04-19
Female,5157265,2022-04-14,2022-04-18
Male,4469324,2022-04-14,2022-04-18
Unknown/Missing,45655,2022-04-14,2022-04-18
Other,246,2022-04-14,2022-04-18
Female,5157265,2022-04-14,2022-04-16
Male,4469324,2022-04-14,2022-04-16
Unknown/Missing,45655,2022-04-14,2022-04-16
Other,246,2022-04-14,2022-04-16
Female,5150312,2022-04-13,2022-04-15
Male,4463341,2022-04-13,2022-04-15
Unknown/Missing,45683,2022-04-13,2022-04-15
Other,246,2022-04-13,2022-04-15
Female,5142004,2022-04-12,2022-04-14
Male,4456340,2022-04-12,2022-04-14
Unknown/Missing,45695,2022-04-12,2022-04-14
Other,249,2022-04-12,2022-04-14
Male,4449600,2022-04-11,2022-04-13
Female,5133889,2022-04-11,2022-04-13
Unknown/Missing,45730,2022-04-11,2022-04-13
Other,251,2022-04-11,2022-04-13
Female,5127865,2022-04-10,2022-04-12
Male,4444738,2022-04-10,2022-04-12
Unknown/Missing,45724,2022-04-10,2022-04-12
Other,251,2022-04-10,2022-04-12
Female,5114068,2022-04-07,2022-04-11
Male,4433326,2022-04-07,2022-04-11
Unknown/Missing,45747,2022-04-07,2022-04-11
Other,251,2022-04-07,2022-04-11
Female,5107922,2022-04-06,2022-04-08
Male,4427852,2022-04-06,2022-04-08
Unknown/Missing,45784,2022-04-06,2022-04-08
Other,254,2022-04-06,2022-04-08
Female,5102439,2022-04-05,2022-04-07
Male,4422865,2022-04-05,2022-04-07
Unknown/Missing,45831,2022-04-05,2022-04-07
Other,255,2022-04-05,2022-04-07
Female,5097334,2022-04-04,2022-04-06
Male,4418500,2022-04-04,2022-04-06
Unknown/Missing,45854,2022-04-04,2022-04-06
Other,255,2022-04-04,2022-04-06
Male,4414596,2022-04-03,2022-04-05
Female,5092988,2022-04-03,2022-04-05
Unknown/Missing,45866,2022-04-03,2022-04-05
Other,254,2022-04-03,2022-04-05
Female,5080715,2022-03-31,2022-04-04
Male,4403685,2022-03-31,2022-04-04
Unknown/Missing,45899,2022-03-31,2022-04-04
Other,254,2022-03-31,2022-04-04
Female,5074258,2022-03-30,2022-04-01
Male,4397534,2022-03-30,2022-04-01
Unknown/Missing,44439,2022-03-30,2022-04-01
Other,254,2022-03-30,2022-04-01
Female,5071727,2022-03-29,2022-03-31
Male,4395312,2022-03-29,2022-03-31
Unknown/Missing,44445,2022-03-29,2022-03-31
Other,257,2022-03-29,2022-03-31
Female,5070871,2022-03-28,2022-03-30
Male,4394780,2022-03-28,2022-03-30
Unknown/Missing,44493,2022-03-28,2022-03-30
Other,261,2022-03-28,2022-03-30
Male,4393307,2022-03-27,2022-03-29
Female,5069050,2022-03-27,2022-03-29
Other,277,2022-03-27,2022-03-29
Unknown/Missing,44508,2022-03-27,2022-03-29
Female,5065991,2022-03-24,2022-03-28
Male,4390590,2022-03-24,2022-03-28
Unknown/Missing,44528,2022-03-24,2022-03-28
Other,275,2022-03-24,2022-03-28
Female,5063989,2022-03-23,2022-03-25
Male,4388843,2022-03-23,2022-03-25
Unknown/Missing,44543,2022-03-23,2022-03-25
Other,275,2022-03-23,2022-03-25
Unknown/Missing,44598,2022-03-22,2022-03-24
Female,5062079,2022-03-22,2022-03-24
Male,4387163,2022-03-22,2022-03-24
Other,276,2022-03-22,2022-03-24
Male,4386248,2022-03-21,2022-03-23
Female,5061184,2022-03-21,2022-03-23
Unknown/Missing,44604,2022-03-21,2022-03-23
Other,276,2022-03-21,2022-03-23
Male,4384768,2022-03-20,2022-03-22
Female,5059399,2022-03-20,2022-03-22
Unknown/Missing,44598,2022-03-20,2022-03-22
Other,276,2022-03-20,2022-03-22
Male,4382030,2022-03-17,2022-03-21
Female,5056217,2022-03-17,2022-03-21
Other,280,2022-03-17,2022-03-21
Unknown/Missing,44636,2022-03-17,2022-03-21
Female,5053989,2022-03-16,2022-03-18
Male,4380128,2022-03-16,2022-03-18
Unknown/Missing,44706,2022-03-16,2022-03-18
Other,280,2022-03-16,2022-03-18
Male,4378379,2022-03-15,2022-03-17
Female,5052010,2022-03-15,2022-03-17
Other,280,2022-03-15,2022-03-17
Unknown/Missing,44724,2022-03-15,2022-03-17
Female,5050989,2022-03-14,2022-03-16
Male,4377671,2022-03-14,2022-03-16
Unknown/Missing,44763,2022-03-14,2022-03-16
Other,280,2022-03-14,2022-03-16
Female,5049244,2022-03-13,2022-03-15
Male,4376159,2022-03-13,2022-03-15
Unknown/Missing,44769,2022-03-13,2022-03-15
Other,287,2022-03-13,2022-03-15
Female,5045545,2022-03-10,2022-03-14
Male,4372933,2022-03-10,2022-03-14
Unknown/Missing,44803,2022-03-10,2022-03-14
Other,290,2022-03-10,2022-03-14
Female,5043424,2022-03-09,2022-03-11
Male,4371101,2022-03-09,2022-03-11
Unknown/Missing,44829,2022-03-09,2022-03-11
Other,290,2022-03-09,2022-03-11
Female,5041268,2022-03-08,2022-03-10
Male,4369217,2022-03-08,2022-03-10
Unknown/Missing,44827,2022-03-08,2022-03-10
Other,290,2022-03-08,2022-03-10
Female,5039881,2022-03-07,2022-03-09
Male,4368110,2022-03-07,2022-03-09
Unknown/Missing,44882,2022-03-07,2022-03-09
Other,290,2022-03-07,2022-03-09
Female,5037699,2022-03-06,2022-03-08
Male,4366256,2022-03-06,2022-03-08
Unknown/Missing,44901,2022-03-06,2022-03-08
Other,290,2022-03-06,2022-03-08
Female,5032120,2022-03-03,2022-03-05
Male,4361753,2022-03-03,2022-03-05
Unknown/Missing,45102,2022-03-03,2022-03-05
Other,292,2022-03-03,2022-03-05
Female,5029598,2022-03-02,2022-03-04
Male,4359581,2022-03-02,2022-03-04
Unknown/Missing,45115,2022-03-02,2022-03-04
Other,292,2022-03-02,2022-03-04
Male,4357371,2022-03-01,2022-03-03
Female,5026949,2022-03-01,2022-03-03
Unknown/Missing,45107,2022-03-01,2022-03-03
Other,292,2022-03-01,2022-03-03
Female,5024612,2022-02-28,2022-03-02
Male,4355521,2022-02-28,2022-03-02
Unknown/Missing,45162,2022-02-28,2022-03-02
Other,292,2022-02-28,2022-03-02
Male,4352542,2022-02-27,2022-03-01
Female,5021040,2022-02-27,2022-03-01
Other,291,2022-02-27,2022-03-01
Unknown/Missing,45090,2022-02-27,2022-03-01
Female,5014338,2022-02-24,2022-02-26
Male,4346682,2022-02-24,2022-02-26
Unknown/Missing,45126,2022-02-24,2022-02-26
Other,295,2022-02-24,2022-02-26
Female,5010905,2022-02-23,2022-02-25
Male,4343746,2022-02-23,2022-02-25
Unknown/Missing,45147,2022-02-23,2022-02-25
Other,295,2022-02-23,2022-02-25
Male,4341813,2022-02-22,2022-02-24
Female,5008780,2022-02-22,2022-02-24
Unknown/Missing,45178,2022-02-22,2022-02-24
Other,295,2022-02-22,2022-02-24
Male,4338795,2022-02-21,2022-02-23
Female,5005463,2022-02-21,2022-02-23
Unknown/Missing,45157,2022-02-21,2022-02-23
Other,295,2022-02-21,2022-02-23
Female,4990393,2022-02-16,2022-02-18
Male,4325583,2022-02-16,2022-02-18
Unknown/Missing,45224,2022-02-16,2022-02-18
Other,296,2022-02-16,2022-02-18
Female,4986587,2022-02-15,2022-02-17
Male,4322466,2022-02-15,2022-02-17
Unknown/Missing,45210,2022-02-15,2022-02-17
Other,296,2022-02-15,2022-02-17
Female,4982750,2022-02-14,2022-02-16
Male,4319174,2022-02-14,2022-02-16
Unknown/Missing,45260,2022-02-14,2022-02-16
Other,296,2022-02-14,2022-02-16
Female,4979681,2022-02-13,2022-02-15
Unknown/Missing,45199,2022-02-13,2022-02-15
Male,4316548,2022-02-13,2022-02-15
Other,296,2022-02-13,2022-02-15
Female,4970499,2022-02-10,2022-02-14
Unknown/Missing,45234,2022-02-10,2022-02-14
Male,4308045,2022-02-10,2022-02-14
Other,296,2022-02-10,2022-02-14
Female,4965543,2022-02-09,2022-02-11
Male,4303398,2022-02-09,2022-02-11
Unknown/Missing,45195,2022-02-09,2022-02-11
Other,295,2022-02-09,2022-02-11
Female,4959903,2022-02-08,2022-02-10
Male,4298080,2022-02-08,2022-02-10
Unknown/Missing,45207,2022-02-08,2022-02-10
Other,295,2022-02-08,2022-02-10
Male,4294423,2022-02-07,2022-02-09
Female,4956037,2022-02-07,2022-02-09
Unknown/Missing,45224,2022-02-07,2022-02-09
Other,295,2022-02-07,2022-02-09
Female,4951589,2022-02-06,2022-02-08
Male,4290310,2022-02-06,2022-02-08
Unknown/Missing,45072,2022-02-06,2022-02-08
Other,295,2022-02-06,2022-02-08
Male,4278118,2022-02-03,2022-02-05
Female,4938682,2022-02-03,2022-02-05
Unknown/Missing,45199,2022-02-03,2022-02-05
Other,293,2022-02-03,2022-02-05
Male,4272261,2022-02-02,2022-02-04
Female,4932222,2022-02-02,2022-02-04
Unknown/Missing,45188,2022-02-02,2022-02-04
Other,293,2022-02-02,2022-02-04
Female,4924693,2022-02-01,2022-02-03
Unknown/Missing,45272,2022-02-01,2022-02-03
Male,4265093,2022-02-01,2022-02-03
Other,295,2022-02-01,2022-02-03
Female,4919276,2022-01-31,2022-02-02
Unknown/Missing,45340,2022-01-31,2022-02-02
Male,4259842,2022-01-31,2022-02-02
Other,295,2022-01-31,2022-02-02
Female,4913495,2022-01-30,2022-02-01
Unknown/Missing,45170,2022-01-30,2022-02-01
Male,4254281,2022-01-30,2022-02-01
Other,299,2022-01-30,2022-02-01
Female,4891404,2022-01-26,2022-01-28
Unknown/Missing,45408,2022-01-26,2022-01-28
Male,4234058,2022-01-26,2022-01-28
Other,301,2022-01-26,2022-01-28
Female,4883271,2022-01-25,2022-01-27
Unknown/Missing,45515,2022-01-25,2022-01-27
Male,4225812,2022-01-25,2022-01-27
Other,303,2022-01-25,2022-01-27
Female,4877022,2022-01-24,2022-01-26
Male,4219727,2022-01-24,2022-01-26
Unknown/Missing,45523,2022-01-24,2022-01-26
Other,306,2022-01-24,2022-01-26
Male,4213582,2022-01-23,2022-01-25
Female,4870544,2022-01-23,2022-01-25
Unknown/Missing,45503,2022-01-23,2022-01-25
Other,310,2022-01-23,2022-01-25
Female,4856436,2022-01-20,2022-01-24
Male,4200423,2022-01-20,2022-01-24
Unknown/Missing,45481,2022-01-20,2022-01-24
Other,305,2022-01-20,2022-01-24
Female,4845628,2022-01-19,2022-01-21
Unknown/Missing,45515,2022-01-19,2022-01-21
Male,4190202,2022-01-19,2022-01-21
Other,301,2022-01-19,2022-01-21
Female,4837611,2022-01-18,2022-01-20
Male,4182470,2022-01-18,2022-01-20
Unknown/Missing,45628,2022-01-18,2022-01-20
Other,300,2022-01-18,2022-01-20
Unknown/Missing,45607,2022-01-17,2022-01-19
Female,4828534,2022-01-17,2022-01-19
Male,4173934,2022-01-17,2022-01-19
Other,300,2022-01-17,2022-01-19
Female,4797700,2022-01-13,2022-01-18
Unknown/Missing,46014,2022-01-13,2022-01-18
Male,4145216,2022-01-13,2022-01-18
Other,292,2022-01-13,2022-01-18
Female,4786196,2022-01-12,2022-01-14
Unknown/Missing,46054,2022-01-12,2022-01-14
Male,4134616,2022-01-12,2022-01-14
Other,294,2022-01-12,2022-01-14
Female,4774825,2022-01-11,2022-01-13
Unknown/Missing,46126,2022-01-11,2022-01-13
Male,4123768,2022-01-11,2022-01-13
Other,293,2022-01-11,2022-01-13
Male,4114511,2022-01-10,2022-01-12
Female,4765214,2022-01-10,2022-01-12
Unknown/Missing,46255,2022-01-10,2022-01-12
Other,293,2022-01-10,2022-01-12
Male,4106066,2022-01-09,2022-01-11
Female,4756445,2022-01-09,2022-01-11
Unknown/Missing,46247,2022-01-09,2022-01-11
Other,293,2022-01-09,2022-01-11
Male,4078167,2022-01-06,2022-01-10
Female,4725097,2022-01-06,2022-01-10
Unknown/Missing,46356,2022-01-06,2022-01-10
Other,283,2022-01-06,2022-01-10
Female,4712455,2022-01-05,2022-01-07
Unknown/Missing,46494,2022-01-05,2022-01-07
Male,4065800,2022-01-05,2022-01-07
Other,276,2022-01-05,2022-01-07
Female,4700863,2022-01-04,2022-01-06
Unknown/Missing,46554,2022-01-04,2022-01-06
Male,4054331,2022-01-04,2022-01-06
Other,276,2022-01-04,2022-01-06
Male,4045059,2022-01-03,2022-01-05
Female,4691349,2022-01-03,2022-01-05
Unknown/Missing,46703,2022-01-03,2022-01-05
Other,276,2022-01-03,2022-01-05
Female,4681808,2022-01-02,2022-01-04
Unknown/Missing,46836,2022-01-02,2022-01-04
Male,4036179,2022-01-02,2022-01-04
Other,276,2022-01-02,2022-01-04
Male,4009815,2021-12-29,2022-01-03
Female,4654506,2021-12-29,2022-01-03
Unknown/Missing,47246,2021-12-29,2022-01-03
Other,278,2021-12-29,2022-01-03
Male,3997053,2021-12-28,2021-12-30
Female,4640917,2021-12-28,2021-12-30
Unknown/Missing,47394,2021-12-28,2021-12-30
Other,282,2021-12-28,2021-12-30
Male,3985823,2021-12-27,2021-12-29
Female,4629026,2021-12-27,2021-12-29
Unknown/Missing,47576,2021-12-27,2021-12-29
Other,282,2021-12-27,2021-12-29
Male,3974643,2021-12-26,2021-12-28
Female,4617095,2021-12-26,2021-12-28
Unknown/Missing,47711,2021-12-26,2021-12-28
Other,287,2021-12-26,2021-12-28
Male,3952312,2021-12-22,2021-12-27
Female,4596546,2021-12-22,2021-12-27
Unknown/Missing,48144,2021-12-22,2021-12-27
Other,290,2021-12-22,2021-12-27
Female,4580417,2021-12-21,2021-12-23
Male,3935701,2021-12-21,2021-12-23
Unknown/Missing,48295,2021-12-21,2021-12-23
Other,291,2021-12-21,2021-12-23
Female,4550903,2021-12-19,2021-12-21
Male,3906035,2021-12-19,2021-12-21
Unknown/Missing,48438,2021-12-19,2021-12-21
Other,292,2021-12-19,2021-12-21
Female,4517314,2021-12-16,2021-12-20
Male,3873299,2021-12-16,2021-12-20
Unknown/Missing,48953,2021-12-16,2021-12-20
Other,293,2021-12-16,2021-12-20
Male,3857192,2021-12-15,2021-12-17
Female,4500480,2021-12-15,2021-12-17
Unknown/Missing,49104,2021-12-15,2021-12-17
Other,293,2021-12-15,2021-12-17
Male,3838788,2021-12-14,2021-12-16
Female,4481141,2021-12-14,2021-12-16
Unknown/Missing,49261,2021-12-14,2021-12-16
Other,292,2021-12-14,2021-12-16
Male,3823196,2021-12-13,2021-12-15
Female,4464614,2021-12-13,2021-12-15
Unknown/Missing,49402,2021-12-13,2021-12-15
Other,292,2021-12-13,2021-12-15
Female,4446721,2021-12-12,2021-12-14
Male,3807201,2021-12-12,2021-12-14
Unknown/Missing,49393,2021-12-12,2021-12-14
Other,296,2021-12-12,2021-12-14
Male,3766347,2021-12-09,2021-12-13
Female,4404403,2021-12-09,2021-12-13
Unknown/Missing,50020,2021-12-09,2021-12-13
Other,299,2021-12-09,2021-12-13
Male,3753426,2021-12-08,2021-12-10
Female,4390471,2021-12-08,2021-12-10
Unknown/Missing,50004,2021-12-08,2021-12-10
Other,295,2021-12-08,2021-12-10
Male,3730565,2021-12-07,2021-12-09
Female,4366229,2021-12-07,2021-12-09
Unknown/Missing,50007,2021-12-07,2021-12-09
Other,295,2021-12-07,2021-12-09
Male,3714241,2021-12-06,2021-12-08
Female,4348399,2021-12-06,2021-12-08
Unknown/Missing,50157,2021-12-06,2021-12-08
Other,299,2021-12-06,2021-12-08
Female,4331754,2021-12-05,2021-12-07
Male,3698466,2021-12-05,2021-12-07
Unknown/Missing,50248,2021-12-05,2021-12-07
Other,292,2021-12-05,2021-12-07
Male,3657962,2021-12-02,2021-12-06
Female,4287644,2021-12-02,2021-12-06
Unknown/Missing,50689,2021-12-02,2021-12-06
Other,290,2021-12-02,2021-12-06
Male,3629917,2021-12-01,2021-12-03
Female,4257486,2021-12-01,2021-12-03
Unknown/Missing,50914,2021-12-01,2021-12-03
Other,288,2021-12-01,2021-12-03
Male,3608864,2021-11-30,2021-12-02
Female,4234269,2021-11-30,2021-12-02
Unknown/Missing,51144,2021-11-30,2021-12-02
Other,284,2021-11-30,2021-12-02
Male,3591138,2021-11-29,2021-12-01
Female,4214376,2021-11-29,2021-12-01
Unknown/Missing,51344,2021-11-29,2021-12-01
Other,286,2021-11-29,2021-12-01
Female,4197104,2021-11-28,2021-11-30
Male,3576163,2021-11-28,2021-11-30
Unknown/Missing,51454,2021-11-28,2021-11-30
Other,287,2021-11-28,2021-11-30
Male,3530299,2021-11-23,2021-11-26
Female,4146436,2021-11-23,2021-11-26
Unknown/Missing,51836,2021-11-23,2021-11-26
Other,290,2021-11-23,2021-11-26
Male,3512309,2021-11-22,2021-11-24
Female,4126505,2021-11-22,2021-11-24
Unknown/Missing,52087,2021-11-22,2021-11-24
Other,296,2021-11-22,2021-11-24
Male,3494946,2021-11-21,2021-11-23
Female,4106016,2021-11-21,2021-11-23
Unknown/Missing,51993,2021-11-21,2021-11-23
Other,295,2021-11-21,2021-11-23
Female,4053507,2021-11-18,2021-11-22
Male,3450900,2021-11-18,2021-11-22
Unknown/Missing,52438,2021-11-18,2021-11-22
Other,296,2021-11-18,2021-11-22
Male,3430735,2021-11-17,2021-11-19
Female,4029088,2021-11-17,2021-11-19
Unknown/Missing,52560,2021-11-17,2021-11-19
Other,299,2021-11-17,2021-11-19
Male,3410584,2021-11-16,2021-11-18
Female,4005351,2021-11-16,2021-11-18
Unknown/Missing,52593,2021-11-16,2021-11-18
Other,301,2021-11-16,2021-11-18
Male,3392819,2021-11-15,2021-11-17
Female,3984357,2021-11-15,2021-11-17
Unknown/Missing,52769,2021-11-15,2021-11-17
Other,301,2021-11-15,2021-11-17
Male,3376045,2021-11-14,2021-11-16
Female,3964843,2021-11-14,2021-11-16
Unknown/Missing,52818,2021-11-14,2021-11-16
Other,297,2021-11-14,2021-11-16
Male,3338593,2021-11-11,2021-11-15
Female,3914715,2021-11-11,2021-11-15
Unknown/Missing,53088,2021-11-11,2021-11-15
Other,287,2021-11-11,2021-11-15
Unknown/Missing,53271,2021-11-10,2021-11-12
Female,3895566,2021-11-10,2021-11-12
Male,3322495,2021-11-10,2021-11-12
Other,287,2021-11-10,2021-11-12
Male,3305033,2021-11-09,2021-11-11
Female,3874136,2021-11-09,2021-11-11
Unknown/Missing,53426,2021-11-09,2021-11-11
Other,288,2021-11-09,2021-11-11
Male,3288842,2021-11-08,2021-11-10
Female,3852875,2021-11-08,2021-11-10
Unknown/Missing,53496,2021-11-08,2021-11-10
Other,290,2021-11-08,2021-11-10
Male,3277494,2021-11-07,2021-11-09
Female,3838133,2021-11-07,2021-11-09
Unknown/Missing,53681,2021-11-07,2021-11-09
Other,287,2021-11-07,2021-11-09
Female,3795557,2021-11-04,2021-11-08
Male,3245709,2021-11-04,2021-11-08
Unknown/Missing,54017,2021-11-04,2021-11-08
Other,287,2021-11-04,2021-11-08
Male,3236212,2021-11-03,2021-11-05
Female,3786962,2021-11-03,2021-11-05
Unknown/Missing,54189,2021-11-03,2021-11-05
Other,289,2021-11-03,2021-11-05
Female,3770107,2021-11-02,2021-11-04
Male,3223660,2021-11-02,2021-11-04
Unknown/Missing,54248,2021-11-02,2021-11-04
Other,289,2021-11-02,2021-11-04
Male,3211984,2021-11-01,2021-11-03
Female,3755706,2021-11-01,2021-11-03
Unknown/Missing,54363,2021-11-01,2021-11-03
Other,285,2021-11-01,2021-11-03
Female,3744500,2021-10-31,2021-11-02
Male,3203281,2021-10-31,2021-11-02
Unknown/Missing,54434,2021-10-31,2021-11-02
Other,290,2021-10-31,2021-11-02
Female,3709180,2021-10-28,2021-11-01
Male,3175334,2021-10-28,2021-11-01
Unknown/Missing,54658,2021-10-28,2021-11-01
Other,291,2021-10-28,2021-11-01
Unknown/Missing,54819,2021-10-27,2021-10-29
Female,3690709,2021-10-27,2021-10-29
Male,3160294,2021-10-27,2021-10-29
Other,292,2021-10-27,2021-10-29
Unknown/Missing,55001,2021-10-26,2021-10-28
Female,3676965,2021-10-26,2021-10-28
Male,3149245,2021-10-26,2021-10-28
Other,292,2021-10-26,2021-10-28
Female,3660436,2021-10-25,2021-10-27
Male,3135650,2021-10-25,2021-10-27
Unknown/Missing,55130,2021-10-25,2021-10-27
Other,295,2021-10-25,2021-10-27
Unknown/Missing,55074,2021-10-24,2021-10-26
Female,3646904,2021-10-24,2021-10-26
Male,3125701,2021-10-24,2021-10-26
Other,296,2021-10-24,2021-10-26
Unknown/Missing,55253,2021-10-21,2021-10-25
Female,3624477,2021-10-21,2021-10-25
Male,3108232,2021-10-21,2021-10-25
Other,299,2021-10-21,2021-10-25
Unknown/Missing,55359,2021-10-20,2021-10-22
Female,3614568,2021-10-20,2021-10-22
Male,3100656,2021-10-20,2021-10-22
Other,300,2021-10-20,2021-10-22
Unknown/Missing,55402,2021-10-19,2021-10-21
Female,3605304,2021-10-19,2021-10-21
Male,3093994,2021-10-19,2021-10-21
Other,302,2021-10-19,2021-10-21
Female,3597713,2021-10-18,2021-10-20
Male,3088425,2021-10-18,2021-10-20
Unknown/Missing,55498,2021-10-18,2021-10-20
Other,301,2021-10-18,2021-10-20
Female,3589805,2021-10-17,2021-10-19
Male,3082618,2021-10-17,2021-10-19
Unknown/Missing,55570,2021-10-17,2021-10-19
Other,303,2021-10-17,2021-10-19
Male,3068629,2021-10-14,2021-10-18
Female,3570390,2021-10-14,2021-10-18
Unknown/Missing,55711,2021-10-14,2021-10-18
Other,304,2021-10-14,2021-10-18
Male,3061563,2021-10-13,2021-10-15
Female,3560518,2021-10-13,2021-10-15
Unknown/Missing,55811,2021-10-13,2021-10-15
Other,306,2021-10-13,2021-10-15
Male,3053875,2021-10-12,2021-10-14
Female,3550516,2021-10-12,2021-10-14
Unknown/Missing,55962,2021-10-12,2021-10-14
Other,306,2021-10-12,2021-10-14
Male,3046729,2021-10-11,2021-10-13
Female,3540918,2021-10-11,2021-10-13
Unknown/Missing,56132,2021-10-11,2021-10-13
Other,306,2021-10-11,2021-10-13
Male,3041281,2021-10-10,2021-10-12
Female,3533074,2021-10-10,2021-10-12
Unknown/Missing,56209,2021-10-10,2021-10-12
Other,305,2021-10-10,2021-10-12
Male,3027833,2021-10-07,2021-10-11
Female,3515041,2021-10-07,2021-10-11
Unknown/Missing,56376,2021-10-07,2021-10-11
Other,304,2021-10-07,2021-10-11
Female,3498154,2021-10-06,2021-10-08
Male,3014938,2021-10-06,2021-10-08
Unknown/Missing,56518,2021-10-06,2021-10-08
Other,304,2021-10-06,2021-10-08
Male,2999282,2021-10-05,2021-10-07
Female,3477653,2021-10-05,2021-10-07
Unknown/Missing,56655,2021-10-05,2021-10-07
Other,306,2021-10-05,2021-10-07
Male,2993085,2021-10-04,2021-10-06
Female,3469198,2021-10-04,2021-10-06
Unknown/Missing,56787,2021-10-04,2021-10-06
Other,306,2021-10-04,2021-10-06
Male,2986902,2021-10-03,2021-10-05
Female,3460605,2021-10-03,2021-10-05
Unknown/Missing,56802,2021-10-03,2021-10-05
Other,309,2021-10-03,2021-10-05
Male,2973353,2021-09-30,2021-10-04
Female,3442520,2021-09-30,2021-10-04
Unknown/Missing,56928,2021-09-30,2021-10-04
Other,309,2021-09-30,2021-10-04
Unknown/Missing,57032,2021-09-29,2021-10-01
Female,3433729,2021-09-29,2021-10-01
Male,2966972,2021-09-29,2021-10-01
Other,311,2021-09-29,2021-10-01
Male,2959989,2021-09-28,2021-09-30
Female,3424793,2021-09-28,2021-09-30
Unknown/Missing,57135,2021-09-28,2021-09-30
Other,315,2021-09-28,2021-09-30
Female,3416806,2021-09-27,2021-09-29
Male,2953550,2021-09-27,2021-09-29
Unknown/Missing,57225,2021-09-27,2021-09-29
Other,314,2021-09-27,2021-09-29
Male,2947098,2021-09-26,2021-09-28
Female,3408510,2021-09-26,2021-09-28
Unknown/Missing,57265,2021-09-26,2021-09-28
Other,313,2021-09-26,2021-09-28
Male,2934982,2021-09-23,2021-09-27
Female,3394629,2021-09-23,2021-09-27
Unknown/Missing,57276,2021-09-23,2021-09-27
Other,313,2021-09-23,2021-09-27
Male,2931143,2021-09-22,2021-09-24
Female,3390235,2021-09-22,2021-09-24
Unknown/Missing,57336,2021-09-22,2021-09-24
Other,311,2021-09-22,2021-09-24
Male,2927933,2021-09-21,2021-09-23
Female,3386714,2021-09-21,2021-09-23
Unknown/Missing,57400,2021-09-21,2021-09-23
Other,311,2021-09-21,2021-09-23
Male,2923771,2021-09-20,2021-09-22
Female,3382229,2021-09-20,2021-09-22
Unknown/Missing,57470,2021-09-20,2021-09-22
Other,311,2021-09-20,2021-09-22
Female,3378928,2021-09-19,2021-09-21
Male,2920700,2021-09-19,2021-09-21
Unknown/Missing,57489,2021-09-19,2021-09-21
Other,311,2021-09-19,2021-09-21
Female,3370240,2021-09-16,2021-09-20
Male,2912328,2021-09-16,2021-09-20
Unknown/Missing,57518,2021-09-16,2021-09-20
Other,313,2021-09-16,2021-09-20
Male,2907105,2021-09-15,2021-09-17
Female,3364545,2021-09-15,2021-09-17
Unknown/Missing,57564,2021-09-15,2021-09-17
Other,313,2021-09-15,2021-09-17
Male,2902560,2021-09-14,2021-09-16
Female,3359721,2021-09-14,2021-09-16
Unknown/Missing,57613,2021-09-14,2021-09-16
Other,309,2021-09-14,2021-09-16
Female,3355627,2021-09-13,2021-09-15
Male,2898668,2021-09-13,2021-09-15
Unknown/Missing,57683,2021-09-13,2021-09-15
Other,308,2021-09-13,2021-09-15
Male,2895294,2021-09-12,2021-09-14
Female,3351839,2021-09-12,2021-09-14
Unknown/Missing,57665,2021-09-12,2021-09-14
Other,309,2021-09-12,2021-09-14
Male,2885259,2021-09-09,2021-09-13
Female,3341399,2021-09-09,2021-09-13
Unknown/Missing,57598,2021-09-09,2021-09-13
Other,311,2021-09-09,2021-09-13
Male,2880347,2021-09-08,2021-09-10
Female,3335911,2021-09-08,2021-09-10
Unknown/Missing,57642,2021-09-08,2021-09-10
Other,311,2021-09-08,2021-09-10
Male,2874794,2021-09-07,2021-09-09
Female,3330012,2021-09-07,2021-09-09
Unknown/Missing,57681,2021-09-07,2021-09-09
Other,311,2021-09-07,2021-09-09
Male,2871960,2021-09-06,2021-09-08
Female,3326522,2021-09-06,2021-09-08
Unknown/Missing,57714,2021-09-06,2021-09-08
Other,315,2021-09-06,2021-09-08
Unknown/Missing,57722,2021-09-02,2021-09-07
Female,3313172,2021-09-02,2021-09-07
Male,2858664,2021-09-02,2021-09-07
Other,318,2021-09-02,2021-09-07
Male,2852398,2021-09-01,2021-09-03
Female,3306380,2021-09-01,2021-09-03
Unknown/Missing,57708,2021-09-01,2021-09-03
Other,318,2021-09-01,2021-09-03
Male,2846141,2021-08-31,2021-09-02
Female,3299704,2021-08-31,2021-09-02
Unknown/Missing,57724,2021-08-31,2021-09-02
Other,319,2021-08-31,2021-09-02
Male,2839968,2021-08-30,2021-09-01
Female,3292916,2021-08-30,2021-09-01
Unknown/Missing,57794,2021-08-30,2021-09-01
Other,319,2021-08-30,2021-09-01
Male,2835425,2021-08-29,2021-08-31
Female,3288276,2021-08-29,2021-08-31
Unknown/Missing,57784,2021-08-29,2021-08-31
Other,321,2021-08-29,2021-08-31
Female,3276877,2021-08-26,2021-08-30
Male,2823647,2021-08-26,2021-08-30
Unknown/Missing,57799,2021-08-26,2021-08-30
Other,321,2021-08-26,2021-08-30
Female,3269908,2021-08-25,2021-08-27
Male,2817194,2021-08-25,2021-08-27
Unknown/Missing,57833,2021-08-25,2021-08-27
Other,320,2021-08-25,2021-08-27
Male,2810939,2021-08-24,2021-08-26
Female,3263515,2021-08-24,2021-08-26
Unknown/Missing,57849,2021-08-24,2021-08-26
Other,324,2021-08-24,2021-08-26
Male,2804969,2021-08-23,2021-08-25
Female,3257329,2021-08-23,2021-08-25
Unknown/Missing,57879,2021-08-23,2021-08-25
Other,323,2021-08-23,2021-08-25
Male,2800816,2021-08-22,2021-08-24
Female,3253082,2021-08-22,2021-08-24
Unknown/Missing,57865,2021-08-22,2021-08-24
Other,325,2021-08-22,2021-08-24
Male,2789261,2021-08-19,2021-08-23
Female,3241728,2021-08-19,2021-08-23
Unknown/Missing,57904,2021-08-19,2021-08-23
Other,324,2021-08-19,2021-08-23
Male,2782997,2021-08-18,2021-08-20
Female,3235394,2021-08-18,2021-08-20
Unknown/Missing,57927,2021-08-18,2021-08-20
Other,326,2021-08-18,2021-08-20
Male,2777507,2021-08-17,2021-08-19
Female,3229831,2021-08-17,2021-08-19
Unknown/Missing,57900,2021-08-17,2021-08-19
Other,325,2021-08-17,2021-08-19
Male,2771781,2021-08-16,2021-08-18
Female,3224181,2021-08-16,2021-08-18
Unknown/Missing,57898,2021-08-16,2021-08-18
Other,326,2021-08-16,2021-08-18
Male,2767070,2021-08-15,2021-08-17
Female,3219704,2021-08-15,2021-08-17
Unknown/Missing,57818,2021-08-15,2021-08-17
Other,323,2021-08-15,2021-08-17
Male,2755190,2021-08-12,2021-08-16
Female,3208641,2021-08-12,2021-08-16
Unknown/Missing,57864,2021-08-12,2021-08-16
Other,321,2021-08-12,2021-08-16
Male,2749742,2021-08-11,2021-08-13
Female,3203005,2021-08-11,2021-08-13
Unknown/Missing,57831,2021-08-11,2021-08-13
Other,324,2021-08-11,2021-08-13
Female,3198098,2021-08-10,2021-08-12
Male,2744709,2021-08-10,2021-08-12
Unknown/Missing,57843,2021-08-10,2021-08-12
Other,324,2021-08-10,2021-08-12
Female,3194706,2021-08-09,2021-08-11
Male,2741172,2021-08-09,2021-08-11
Unknown/Missing,57862,2021-08-09,2021-08-11
Other,324,2021-08-09,2021-08-11
Male,2737280,2021-08-08,2021-08-10
Female,3190752,2021-08-08,2021-08-10
Unknown/Missing,57847,2021-08-08,2021-08-10
Other,326,2021-08-08,2021-08-10
Female,3180779,2021-08-05,2021-08-09
Male,2725997,2021-08-05,2021-08-09
Unknown/Missing,57818,2021-08-05,2021-08-09
Other,324,2021-08-05,2021-08-09
Female,3175200,2021-08-04,2021-08-06
Male,2720139,2021-08-04,2021-08-06
Unknown/Missing,57823,2021-08-04,2021-08-06
Other,321,2021-08-04,2021-08-06
Male,2714457,2021-08-03,2021-08-05
Female,3169799,2021-08-03,2021-08-05
Unknown/Missing,57843,2021-08-03,2021-08-05
Other,321,2021-08-03,2021-08-05
Female,3164951,2021-08-02,2021-08-04
Male,2709267,2021-08-02,2021-08-04
Unknown/Missing,57758,2021-08-02,2021-08-04
Other,325,2021-08-02,2021-08-04
Female,3160763,2021-08-01,2021-08-03
Male,2705182,2021-08-01,2021-08-03
Unknown/Missing,57774,2021-08-01,2021-08-03
Other,321,2021-08-01,2021-08-03
Male,2695476,2021-07-29,2021-08-02
Female,3151889,2021-07-29,2021-08-02
Unknown/Missing,57799,2021-07-29,2021-08-02
Other,323,2021-07-29,2021-08-02
Female,3147246,2021-07-28,2021-07-30
Male,2690849,2021-07-28,2021-07-30
Unknown/Missing,57847,2021-07-28,2021-07-30
Other,327,2021-07-28,2021-07-30
Male,2686039,2021-07-27,2021-07-29
Female,3142548,2021-07-27,2021-07-29
Unknown/Missing,57882,2021-07-27,2021-07-29
Other,328,2021-07-27,2021-07-29
Male,2680487,2021-07-26,2021-07-28
Female,3137217,2021-07-26,2021-07-28
Unknown/Missing,57994,2021-07-26,2021-07-28
Other,331,2021-07-26,2021-07-28
Male,2677816,2021-07-25,2021-07-27
Female,3134593,2021-07-25,2021-07-27
Unknown/Missing,57967,2021-07-25,2021-07-27
Other,333,2021-07-25,2021-07-27
Female,3128137,2021-07-22,2021-07-26
Male,2670664,2021-07-22,2021-07-26
Unknown/Missing,57977,2021-07-22,2021-07-26
Other,334,2021-07-22,2021-07-26
Female,3124088,2021-07-21,2021-07-23
Male,2666456,2021-07-21,2021-07-23
Unknown/Missing,57999,2021-07-21,2021-07-23
Other,336,2021-07-21,2021-07-23
Female,3120111,2021-07-20,2021-07-22
Male,2662318,2021-07-20,2021-07-22
Unknown/Missing,58001,2021-07-20,2021-07-22
Other,338,2021-07-20,2021-07-22
Female,3117247,2021-07-19,2021-07-21
Male,2659273,2021-07-19,2021-07-21
Unknown/Missing,58053,2021-07-19,2021-07-21
Other,337,2021-07-19,2021-07-21
Male,2656371,2021-07-18,2021-07-20
Female,3114443,2021-07-18,2021-07-20
Unknown/Missing,58110,2021-07-18,2021-07-20
Other,339,2021-07-18,2021-07-20
Male,2650386,2021-07-15,2021-07-19
Female,3108671,2021-07-15,2021-07-19
Unknown/Missing,58128,2021-07-15,2021-07-19
Other,339,2021-07-15,2021-07-19
Female,3105097,2021-07-14,2021-07-16
Male,2646821,2021-07-14,2021-07-16
Unknown/Missing,58151,2021-07-14,2021-07-16
Other,338,2021-07-14,2021-07-16
Female,3095338,2021-07-12,2021-07-14
Male,2637294,2021-07-12,2021-07-14
Unknown/Missing,58349,2021-07-12,2021-07-14
Other,338,2021-07-12,2021-07-14
Female,3092680,2021-07-11,2021-07-13
Male,2634617,2021-07-11,2021-07-13
Unknown/Missing,58384,2021-07-11,2021-07-13
Other,339,2021-07-11,2021-07-13
Female,3086599,2021-07-08,2021-07-12
Male,2628464,2021-07-08,2021-07-12
Unknown/Missing,58360,2021-07-08,2021-07-12
Other,341,2021-07-08,2021-07-12
Male,2624395,2021-07-07,2021-07-09
Female,3082290,2021-07-07,2021-07-09
Unknown/Missing,58367,2021-07-07,2021-07-09
Other,340,2021-07-07,2021-07-09
Female,3078291,2021-07-06,2021-07-08
Unknown/Missing,58409,2021-07-06,2021-07-08
Male,2620525,2021-07-06,2021-07-08
Other,340,2021-07-06,2021-07-08
Male,2616474,2021-07-05,2021-07-07
Female,3074193,2021-07-05,2021-07-07
Unknown/Missing,58510,2021-07-05,2021-07-07
Other,342,2021-07-05,2021-07-07
Male,2612492,2021-07-02,2021-07-06
Female,3070553,2021-07-02,2021-07-06
Unknown/Missing,58519,2021-07-02,2021-07-06
Other,342,2021-07-02,2021-07-06
Female,3067103,2021-07-01,2021-07-03
Unknown/Missing,58540,2021-07-01,2021-07-03
Male,2608951,2021-07-01,2021-07-03
Other,341,2021-07-01,2021-07-03
Male,2604802,2021-06-30,2021-07-02
Female,3062663,2021-06-30,2021-07-02
Unknown/Missing,58589,2021-06-30,2021-07-02
Other,340,2021-06-30,2021-07-02
Male,2600276,2021-06-29,2021-07-01
Female,3057987,2021-06-29,2021-07-01
Unknown/Missing,58617,2021-06-29,2021-07-01
Other,340,2021-06-29,2021-07-01
Male,2592405,2021-06-28,2021-06-30
Female,3050057,2021-06-28,2021-06-30
Unknown/Missing,58589,2021-06-28,2021-06-30
Other,338,2021-06-28,2021-06-30
Male,2589092,2021-06-27,2021-06-29
Female,3046713,2021-06-27,2021-06-29
Unknown/Missing,58653,2021-06-27,2021-06-29
Other,338,2021-06-27,2021-06-29
Female,3045838,2021-06-26,2021-06-28
Male,2588044,2021-06-26,2021-06-28
Unknown/Missing,58640,2021-06-26,2021-06-28
Other,339,2021-06-26,2021-06-28
Female,3038246,2021-06-25,2021-06-27
Male,2579675,2021-06-25,2021-06-27
Unknown/Missing,58630,2021-06-25,2021-06-27
Other,339,2021-06-25,2021-06-27
Male,2572537,2021-06-24,2021-06-26
Female,3031100,2021-06-24,2021-06-26
Unknown/Missing,58658,2021-06-24,2021-06-26
Other,340,2021-06-24,2021-06-26
Male,2565670,2021-06-23,2021-06-25
Female,3024235,2021-06-23,2021-06-25
Unknown/Missing,58696,2021-06-23,2021-06-25
Other,340,2021-06-23,2021-06-25
Male,2560112,2021-06-22,2021-06-24
Female,3018619,2021-06-22,2021-06-24
Unknown/Missing,58691,2021-06-22,2021-06-24
Other,343,2021-06-22,2021-06-24
Male,2555546,2021-06-21,2021-06-23
Female,3014140,2021-06-21,2021-06-23
Unknown/Missing,58790,2021-06-21,2021-06-23
Other,350,2021-06-21,2021-06-23
Male,2552049,2021-06-20,2021-06-22
Female,3010742,2021-06-20,2021-06-22
Unknown/Missing,58874,2021-06-20,2021-06-22
Other,366,2021-06-20,2021-06-22
Male,2550368,2021-06-19,2021-06-21
Female,3009246,2021-06-19,2021-06-21
Unknown/Missing,58868,2021-06-19,2021-06-21
Other,366,2021-06-19,2021-06-21
Male,2545438,2021-06-18,2021-06-20
Female,3004706,2021-06-18,2021-06-20
Unknown/Missing,58827,2021-06-18,2021-06-20
Other,365,2021-06-18,2021-06-20
Male,2539280,2021-06-17,2021-06-19
Female,2998564,2021-06-17,2021-06-19
Unknown/Missing,58872,2021-06-17,2021-06-19
Other,365,2021-06-17,2021-06-19
Male,2529719,2021-06-16,2021-06-18
Female,2989097,2021-06-16,2021-06-18
Unknown/Missing,58893,2021-06-16,2021-06-18
Other,376,2021-06-16,2021-06-18
Male,2521665,2021-06-15,2021-06-17
Female,2980881,2021-06-15,2021-06-17
Unknown/Missing,58802,2021-06-15,2021-06-17
Other,381,2021-06-15,2021-06-17
Male,2513515,2021-06-14,2021-06-16
Female,2972589,2021-06-14,2021-06-16
Unknown/Missing,58738,2021-06-14,2021-06-16
Other,389,2021-06-14,2021-06-16
Female,2962323,2021-06-13,2021-06-15
Male,2502757,2021-06-13,2021-06-15
Unknown/Missing,58589,2021-06-13,2021-06-15
Other,388,2021-06-13,2021-06-15
Female,2960130,2021-06-12,2021-06-14
Male,2500429,2021-06-12,2021-06-14
Unknown/Missing,58598,2021-06-12,2021-06-14
Other,397,2021-06-12,2021-06-14
Male,2496179,2021-06-11,2021-06-13
Female,2956008,2021-06-11,2021-06-13
Unknown/Missing,58493,2021-06-11,2021-06-13
Other,397,2021-06-11,2021-06-13
Female,2945810,2021-06-10,2021-06-12
Male,2485926,2021-06-10,2021-06-12
Unknown/Missing,58444,2021-06-10,2021-06-12
Other,399,2021-06-10,2021-06-12
Female,2935052,2021-06-09,2021-06-11
Male,2474905,2021-06-09,2021-06-11
Unknown/Missing,58365,2021-06-09,2021-06-11
Other,405,2021-06-09,2021-06-11
Female,2922340,2021-06-08,2021-06-10
Male,2462278,2021-06-08,2021-06-10
Unknown/Missing,58263,2021-06-08,2021-06-10
Other,412,2021-06-08,2021-06-10
Female,2911960,2021-06-07,2021-06-09
Male,2452009,2021-06-07,2021-06-09
Unknown/Missing,58179,2021-06-07,2021-06-09
Other,417,2021-06-07,2021-06-09
Female,2903999,2021-06-06,2021-06-08
Male,2443946,2021-06-06,2021-06-08
Unknown/Missing,58001,2021-06-06,2021-06-08
Other,426,2021-06-06,2021-06-08
Male,2439947,2021-06-05,2021-06-07
Female,2900206,2021-06-05,2021-06-07
Unknown/Missing,57861,2021-06-05,2021-06-07
Other,424,2021-06-05,2021-06-07
Female,2891128,2021-06-04,2021-06-06
Male,2430572,2021-06-04,2021-06-06
Unknown/Missing,57732,2021-06-04,2021-06-06
Other,412,2021-06-04,2021-06-06
Female,2880743,2021-06-03,2021-06-05
Male,2419997,2021-06-03,2021-06-05
Unknown/Missing,57790,2021-06-03,2021-06-05
Other,414,2021-06-03,2021-06-05
Female,2870710,2021-06-02,2021-06-04
Male,2409658,2021-06-02,2021-06-04
Unknown/Missing,57703,2021-06-02,2021-06-04
Other,424,2021-06-02,2021-06-04
Male,2400289,2021-06-01,2021-06-03
Female,2861772,2021-06-01,2021-06-03
Unknown/Missing,57674,2021-06-01,2021-06-03
Other,427,2021-06-01,2021-06-03
Female,2855676,2021-05-31,2021-06-02
Male,2394090,2021-05-31,2021-06-02
Unknown/Missing,57601,2021-05-31,2021-06-02
Other,427,2021-05-31,2021-06-02
Female,2851751,2021-05-29,2021-06-01
Male,2389353,2021-05-29,2021-06-01
Unknown/Missing,57468,2021-05-29,2021-06-01
Other,425,2021-05-29,2021-06-01
Female,2847092,2021-05-28,2021-05-30
Male,2383879,2021-05-28,2021-05-30
Unknown/Missing,57438,2021-05-28,2021-05-30
Other,421,2021-05-28,2021-05-30
Female,2836510,2021-05-27,2021-05-29
Male,2372539,2021-05-27,2021-05-29
Unknown/Missing,57342,2021-05-27,2021-05-29
Other,420,2021-05-27,2021-05-29
Female,2823968,2021-05-26,2021-05-28
Male,2359191,2021-05-26,2021-05-28
Unknown/Missing,57254,2021-05-26,2021-05-28
Other,414,2021-05-26,2021-05-28
Female,2810216,2021-05-25,2021-05-27
Male,2344577,2021-05-25,2021-05-27
Unknown/Missing,57009,2021-05-25,2021-05-27
Other,413,2021-05-25,2021-05-27
Female,2795404,2021-05-24,2021-05-26
Male,2328501,2021-05-24,2021-05-26
Unknown/Missing,57056,2021-05-24,2021-05-26
Other,413,2021-05-24,2021-05-26
Female,2786609,2021-05-23,2021-05-25
Male,2319086,2021-05-23,2021-05-25
Unknown/Missing,56809,2021-05-23,2021-05-25
Other,420,2021-05-23,2021-05-25
Female,2782141,2021-05-22,2021-05-24
Male,2313741,2021-05-22,2021-05-24
Unknown/Missing,56702,2021-05-22,2021-05-24
Other,396,2021-05-22,2021-05-24
Female,2771022,2021-05-21,2021-05-23
Male,2300735,2021-05-21,2021-05-23
Unknown/Missing,56348,2021-05-21,2021-05-23
Other,374,2021-05-21,2021-05-23
Female,2753186,2021-05-20,2021-05-22
Male,2281329,2021-05-20,2021-05-22
Unknown/Missing,56126,2021-05-20,2021-05-22
Other,354,2021-05-20,2021-05-22
Female,2724502,2021-05-19,2021-05-21
Unknown/Missing,55829,2021-05-19,2021-05-21
Male,2250068,2021-05-19,2021-05-21
Other,349,2021-05-19,2021-05-21
Female,2702480,2021-05-18,2021-05-20
Male,2226520,2021-05-18,2021-05-20
Unknown/Missing,55208,2021-05-18,2021-05-20
Other,348,2021-05-18,2021-05-20
Female,2669227,2021-05-17,2021-05-19
Male,2192288,2021-05-17,2021-05-19
Unknown/Missing,53095,2021-05-17,2021-05-19
Other,339,2021-05-17,2021-05-19
Female,2655272,2021-05-16,2021-05-18
Male,2177134,2021-05-16,2021-05-18
Unknown/Missing,52937,2021-05-16,2021-05-18
Other,329,2021-05-16,2021-05-18
Female,2648587,2021-05-15,2021-05-17
Male,2169171,2021-05-15,2021-05-17
Unknown/Missing,52762,2021-05-15,2021-05-17
Other,318,2021-05-15,2021-05-17
Female,2636290,2021-05-14,2021-05-16
Male,2155920,2021-05-14,2021-05-16
Unknown/Missing,52630,2021-05-14,2021-05-16
Other,295,2021-05-14,2021-05-16
Male,2132264,2021-05-13,2021-05-15
Female,2614408,2021-05-13,2021-05-15
Unknown/Missing,52694,2021-05-13,2021-05-15
Other,285,2021-05-13,2021-05-15
Female,2593101,2021-05-12,2021-05-14
Male,2108914,2021-05-12,2021-05-14
Unknown/Missing,52132,2021-05-12,2021-05-14
Other,280,2021-05-12,2021-05-14
Female,2575399,2021-05-11,2021-05-13
Male,2088950,2021-05-11,2021-05-13
Unknown/Missing,51832,2021-05-11,2021-05-13
Other,274,2021-05-11,2021-05-13
Female,2556943,2021-05-10,2021-05-12
Male,2068269,2021-05-10,2021-05-12
Unknown/Missing,51478,2021-05-10,2021-05-12
Other,275,2021-05-10,2021-05-12
Male,2052296,2021-05-09,2021-05-11
Female,2542426,2021-05-09,2021-05-11
Unknown/Missing,50783,2021-05-09,2021-05-11
Other,277,2021-05-09,2021-05-11
Female,2533432,2021-05-08,2021-05-10
Male,2041396,2021-05-08,2021-05-10
Unknown/Missing,50097,2021-05-08,2021-05-10
Other,270,2021-05-08,2021-05-10
Female,2519757,2021-05-07,2021-05-09
Male,2025252,2021-05-07,2021-05-09
Unknown/Missing,49417,2021-05-07,2021-05-09
Other,267,2021-05-07,2021-05-09
Female,2499774,2021-05-06,2021-05-08
Male,2002970,2021-05-06,2021-05-08
Unknown/Missing,48750,2021-05-06,2021-05-08
Other,265,2021-05-06,2021-05-08
Male,1978469,2021-05-05,2021-05-07
Female,2476947,2021-05-05,2021-05-07
Unknown/Missing,48404,2021-05-05,2021-05-07
Other,258,2021-05-05,2021-05-07
Female,2454742,2021-05-04,2021-05-06
Male,1954430,2021-05-04,2021-05-06
Unknown/Missing,48297,2021-05-04,2021-05-06
Other,256,2021-05-04,2021-05-06
Female,2434622,2021-05-03,2021-05-05
Male,1933106,2021-05-03,2021-05-05
Unknown/Missing,48178,2021-05-03,2021-05-05
Other,257,2021-05-03,2021-05-05
Female,2422071,2021-05-02,2021-05-04
Male,1920691,2021-05-02,2021-05-04
Unknown/Missing,48041,2021-05-02,2021-05-04
Other,263,2021-05-02,2021-05-04
Male,1915040,2021-05-01,2021-05-03
Female,2416976,2021-05-01,2021-05-03
Unknown/Missing,47383,2021-05-01,2021-05-03
Other,255,2021-05-01,2021-05-03
Female,2407297,2021-04-30,2021-05-02
Male,1904040,2021-04-30,2021-05-02
Unknown/Missing,46635,2021-04-30,2021-05-02
Other,247,2021-04-30,2021-05-02
Female,2381944,2021-04-29,2021-05-01
Male,1878130,2021-04-29,2021-05-01
Unknown/Missing,45834,2021-04-29,2021-05-01
Other,236,2021-04-29,2021-05-01
Female,2349922,2021-04-28,2021-04-30
Male,1844106,2021-04-28,2021-04-30
Unknown/Missing,44973,2021-04-28,2021-04-30
Other,231,2021-04-28,2021-04-30
Female,2320248,2021-04-27,2021-04-29
Male,1812581,2021-04-27,2021-04-29
Unknown/Missing,44265,2021-04-27,2021-04-29
Other,225,2021-04-27,2021-04-29
Male,1790537,2021-04-26,2021-04-28
Female,2299240,2021-04-26,2021-04-28
Unknown/Missing,43873,2021-04-26,2021-04-28
Other,221,2021-04-26,2021-04-28
Female,2279633,2021-04-25,2021-04-27
Male,1769668,2021-04-25,2021-04-27
Unknown/Missing,42985,2021-04-25,2021-04-27
Other,210,2021-04-25,2021-04-27
Male,1762238,2021-04-24,2021-04-26
Female,2273222,2021-04-24,2021-04-26
Unknown/Missing,42647,2021-04-24,2021-04-26
Other,201,2021-04-24,2021-04-26
Female,2256703,2021-04-23,2021-04-25
Male,1743654,2021-04-23,2021-04-25
Unknown/Missing,42023,2021-04-23,2021-04-25
Other,197,2021-04-23,2021-04-25
Female,2220102,2021-04-22,2021-04-24
Male,1704703,2021-04-22,2021-04-24
Unknown/Missing,40365,2021-04-22,2021-04-24
Other,192,2021-04-22,2021-04-24
Female,2188895,2021-04-21,2021-04-23
Male,1671379,2021-04-21,2021-04-23
Unknown/Missing,40155,2021-04-21,2021-04-23
Other,180,2021-04-21,2021-04-23
Male,1638242,2021-04-20,2021-04-22
Female,2158726,2021-04-20,2021-04-22
Unknown/Missing,39925,2021-04-20,2021-04-22
Other,169,2021-04-20,2021-04-22
Female,2133860,2021-04-19,2021-04-21
Male,1611530,2021-04-19,2021-04-21
Unknown/Missing,39629,2021-04-19,2021-04-21
Other,160,2021-04-19,2021-04-21
Female,2116513,2021-04-18,2021-04-20
Male,1592892,2021-04-18,2021-04-20
Unknown/Missing,39065,2021-04-18,2021-04-20
Other,152,2021-04-18,2021-04-20
Male,1584123,2021-04-17,2021-04-19
Female,2108537,2021-04-17,2021-04-19
Unknown/Missing,38382,2021-04-17,2021-04-19
Other,143,2021-04-17,2021-04-19
Female,2088087,2021-04-16,2021-04-18
Male,1562306,2021-04-16,2021-04-18
Unknown/Missing,37426,2021-04-16,2021-04-18
Other,134,2021-04-16,2021-04-18
Female,2054064,2021-04-15,2021-04-17
Male,1526683,2021-04-15,2021-04-17
Unknown/Missing,36338,2021-04-15,2021-04-17
Other,131,2021-04-15,2021-04-17
Female,2013492,2021-04-14,2021-04-16
Male,1483228,2021-04-14,2021-04-16
Unknown/Missing,35188,2021-04-14,2021-04-16
Other,127,2021-04-14,2021-04-16
Female,1981961,2021-04-13,2021-04-15
Male,1449690,2021-04-13,2021-04-15
Unknown/Missing,34621,2021-04-13,2021-04-15
Other,122,2021-04-13,2021-04-15
Female,1955988,2021-04-12,2021-04-14
Male,1423862,2021-04-12,2021-04-14
Unknown/Missing,33960,2021-04-12,2021-04-14
Other,118,2021-04-12,2021-04-14
Female,1934401,2021-04-11,2021-04-13
Male,1401998,2021-04-11,2021-04-13
Unknown/Missing,32568,2021-04-11,2021-04-13
Other,116,2021-04-11,2021-04-13
Male,1389478,2021-04-10,2021-04-12
Female,1923210,2021-04-10,2021-04-12
Unknown/Missing,31660,2021-04-10,2021-04-12
Other,108,2021-04-10,2021-04-12
Female,1899513,2021-04-09,2021-04-11
Male,1364136,2021-04-09,2021-04-11
Unknown/Missing,30480,2021-04-09,2021-04-11
Other,102,2021-04-09,2021-04-11
Male,1320637,2021-04-08,2021-04-10
Female,1857750,2021-04-08,2021-04-10
Unknown/Missing,29404,2021-04-08,2021-04-10
Other,101,2021-04-08,2021-04-10
Female,1813984,2021-04-07,2021-04-09
Male,1276047,2021-04-07,2021-04-09
Unknown/Missing,28551,2021-04-07,2021-04-09
Other,96,2021-04-07,2021-04-09
Female,1779072,2021-04-06,2021-04-08
Male,1241179,2021-04-06,2021-04-08
Unknown/Missing,28086,2021-04-06,2021-04-08
Other,92,2021-04-06,2021-04-08
Male,1215964,2021-04-05,2021-04-07
Female,1752347,2021-04-05,2021-04-07
Unknown/Missing,27595,2021-04-05,2021-04-07
Other,91,2021-04-05,2021-04-07
Female,1728074,2021-04-04,2021-04-06
Male,1192944,2021-04-04,2021-04-06
Unknown/Missing,26346,2021-04-04,2021-04-06
Other,86,2021-04-04,2021-04-06
Female,1702799,2021-04-02,2021-04-05
Male,1167242,2021-04-02,2021-04-05
Unknown/Missing,25049,2021-04-02,2021-04-05
Other,82,2021-04-02,2021-04-05
Female,1667491,2021-04-01,2021-04-03
Male,1134334,2021-04-01,2021-04-03
Unknown/Missing,24143,2021-04-01,2021-04-03
Other,79,2021-04-01,2021-04-03
Male,1092784,2021-03-31,2021-04-02
Female,1624013,2021-03-31,2021-04-02
Unknown/Missing,23600,2021-03-31,2021-04-02
Other,77,2021-03-31,2021-04-02
Female,1589988,2021-03-30,2021-04-01
Male,1061336,2021-03-30,2021-04-01
Unknown/Missing,23268,2021-03-30,2021-04-01
Other,75,2021-03-30,2021-04-01
Female,1565274,2021-03-29,2021-03-31
Male,1040178,2021-03-29,2021-03-31
Unknown/Missing,22867,2021-03-29,2021-03-31
Other,68,2021-03-29,2021-03-31
Male,1018575,2021-03-28,2021-03-30
Female,1540025,2021-03-28,2021-03-30
Unknown/Missing,21700,2021-03-28,2021-03-30
Other,62,2021-03-28,2021-03-30
Female,1522217,2021-03-27,2021-03-29
Male,1001423,2021-03-27,2021-03-29
Unknown/Missing,21332,2021-03-27,2021-03-29
Other,61,2021-03-27,2021-03-29
Female,1505148,2021-03-26,2021-03-28
Unknown/Missing,20920,2021-03-26,2021-03-28
Male,986712,2021-03-26,2021-03-28
Other,57,2021-03-26,2021-03-28
Female,1466952,2021-03-25,2021-03-27
Male,954406,2021-03-25,2021-03-27
Unknown/Missing,19798,2021-03-25,2021-03-27
Other,54,2021-03-25,2021-03-27
Female,1426804,2021-03-24,2021-03-26
Male,917361,2021-03-24,2021-03-26
Unknown/Missing,19275,2021-03-24,2021-03-26
Other,55,2021-03-24,2021-03-26
Female,1397270,2021-03-23,2021-03-25
Male,889579,2021-03-23,2021-03-25
Unknown/Missing,18895,2021-03-23,2021-03-25
Other,52,2021-03-23,2021-03-25
Male,873765,2021-03-22,2021-03-24
Female,1378964,2021-03-22,2021-03-24
Unknown/Missing,18893,2021-03-22,2021-03-24
Other,50,2021-03-22,2021-03-24
Female,1366167,2021-03-21,2021-03-23
Male,862332,2021-03-21,2021-03-23
Unknown/Missing,18162,2021-03-21,2021-03-23
Other,49,2021-03-21,2021-03-23
Male,857101,2021-03-20,2021-03-22
Female,1360419,2021-03-20,2021-03-22
Unknown/Missing,17712,2021-03-20,2021-03-22
Other,49,2021-03-20,2021-03-22
Female,1343392,2021-03-19,2021-03-21
Male,842237,2021-03-19,2021-03-21
Unknown/Missing,16996,2021-03-19,2021-03-21
Other,48,2021-03-19,2021-03-21
Unknown/Missing,16306,2021-03-18,2021-03-20
Female,1312498,2021-03-18,2021-03-20
Male,814498,2021-03-18,2021-03-20
Other,46,2021-03-18,2021-03-20
Male,786054,2021-03-17,2021-03-19
Female,1279971,2021-03-17,2021-03-19
Unknown/Missing,16019,2021-03-17,2021-03-19
Other,44,2021-03-17,2021-03-19
Female,1248723,2021-03-16,2021-03-18
Unknown/Missing,15626,2021-03-16,2021-03-18
Male,759182,2021-03-16,2021-03-18
Other,43,2021-03-16,2021-03-18
Male,743298,2021-03-15,2021-03-17
Female,1228881,2021-03-15,2021-03-17
Unknown/Missing,15484,2021-03-15,2021-03-17
Other,42,2021-03-15,2021-03-17
Male,728534,2021-03-14,2021-03-16
Female,1211574,2021-03-14,2021-03-16
Unknown/Missing,15204,2021-03-14,2021-03-16
Other,42,2021-03-14,2021-03-16
Female,1207525,2021-03-13,2021-03-15
Unknown/Missing,15155,2021-03-13,2021-03-15
Male,725163,2021-03-13,2021-03-15
Other,42,2021-03-13,2021-03-15
Male,710600,2021-03-12,2021-03-14
Female,1189338,2021-03-12,2021-03-14
Unknown/Missing,14735,2021-03-12,2021-03-14
Other,40,2021-03-12,2021-03-14
Male,684999,2021-03-11,2021-03-13
Female,1157683,2021-03-11,2021-03-13
Unknown/Missing,13604,2021-03-11,2021-03-13
Other,37,2021-03-11,2021-03-13
Male,657810,2021-03-10,2021-03-12
Female,1124364,2021-03-10,2021-03-12
Unknown/Missing,13307,2021-03-10,2021-03-12
Other,36,2021-03-10,2021-03-12
Female,1097748,2021-03-09,2021-03-11
Male,636470,2021-03-09,2021-03-11
Unknown/Missing,13162,2021-03-09,2021-03-11
Other,40,2021-03-09,2021-03-11
Female,1068315,2021-03-08,2021-03-10
Male,617384,2021-03-08,2021-03-10
Unknown/Missing,13054,2021-03-08,2021-03-10
Other,40,2021-03-08,2021-03-10
Female,1055394,2021-03-07,2021-03-09
Male,607538,2021-03-07,2021-03-09
Unknown/Missing,12704,2021-03-07,2021-03-09
Other,40,2021-03-07,2021-03-09
Female,1043495,2021-03-06,2021-03-08
Male,599147,2021-03-06,2021-03-08
Unknown/Missing,12377,2021-03-06,2021-03-08
Other,37,2021-03-06,2021-03-08
Female,1018722,2021-03-05,2021-03-07
Unknown/Missing,11666,2021-03-05,2021-03-07
Male,582298,2021-03-05,2021-03-07
Other,36,2021-03-05,2021-03-07
Female,988717,2021-03-04,2021-03-06
Male,561521,2021-03-04,2021-03-06
Unknown/Missing,11055,2021-03-04,2021-03-06
Other,36,2021-03-04,2021-03-06
Female,952673,2021-03-03,2021-03-05
Unknown/Missing,10745,2021-03-03,2021-03-05
Male,534916,2021-03-03,2021-03-05
Other,35,2021-03-03,2021-03-05
Female,924880,2021-03-02,2021-03-04
Male,514900,2021-03-02,2021-03-04
Unknown/Missing,10546,2021-03-02,2021-03-04
Other,34,2021-03-02,2021-03-04
Female,904463,2021-03-01,2021-03-03
Male,500523,2021-03-01,2021-03-03
Unknown/Missing,10356,2021-03-01,2021-03-03
Other,30,2021-03-01,2021-03-03
Female,885456,2021-02-28,2021-03-02
Male,488239,2021-02-28,2021-03-02
Unknown/Missing,9885,2021-02-28,2021-03-02
Other,29,2021-02-28,2021-03-02
Unknown/Missing,9802,2021-02-27,2021-03-01
Male,484478,2021-02-27,2021-03-01
Female,877463,2021-02-27,2021-03-01
Other,29,2021-02-27,2021-03-01
Male,472841,2021-02-26,2021-02-28
Female,856477,2021-02-26,2021-02-28
Unknown/Missing,9494,2021-02-26,2021-02-28
Other,29,2021-02-26,2021-02-28
Male,446295,2021-02-25,2021-02-27
Female,814439,2021-02-25,2021-02-27
Unknown/Missing,8809,2021-02-25,2021-02-27
Other,29,2021-02-25,2021-02-27
Male,424317,2021-02-24,2021-02-26
Female,779809,2021-02-24,2021-02-26
Unknown/Missing,8663,2021-02-24,2021-02-26
Other,27,2021-02-24,2021-02-26
Female,754533,2021-02-23,2021-02-25
Male,408148,2021-02-23,2021-02-25
Unknown/Missing,8551,2021-02-23,2021-02-25
Other,26,2021-02-23,2021-02-25
Female,737340,2021-02-22,2021-02-24
Male,396871,2021-02-22,2021-02-24
Unknown/Missing,8502,2021-02-22,2021-02-24
Other,28,2021-02-22,2021-02-24
Female,727672,2021-02-21,2021-02-23
Male,389814,2021-02-21,2021-02-23
Unknown/Missing,8402,2021-02-21,2021-02-23
Other,28,2021-02-21,2021-02-23
Female,722925,2021-02-20,2021-02-22
Male,387233,2021-02-20,2021-02-22
Unknown/Missing,8347,2021-02-20,2021-02-22
Other,27,2021-02-20,2021-02-22
Female,710046,2021-02-19,2021-02-21
Male,379378,2021-02-19,2021-02-21
Unknown/Missing,8229,2021-02-19,2021-02-21
Other,26,2021-02-19,2021-02-21
Female,686456,2021-02-18,2021-02-20
Male,365170,2021-02-18,2021-02-20
Unknown/Missing,7965,2021-02-18,2021-02-20
Other,26,2021-02-18,2021-02-20
Female,659753,2021-02-17,2021-02-19
Male,348615,2021-02-17,2021-02-19
Unknown/Missing,7816,2021-02-17,2021-02-19
Other,26,2021-02-17,2021-02-19
Female,634714,2021-02-16,2021-02-18
Male,333216,2021-02-16,2021-02-18
Unknown/Missing,7671,2021-02-16,2021-02-18
Other,25,2021-02-16,2021-02-18
Female,614581,2021-02-15,2021-02-17
Male,321132,2021-02-15,2021-02-17
Unknown/Missing,7514,2021-02-15,2021-02-17
Other,24,2021-02-15,2021-02-17
Female,605429,2021-02-14,2021-02-16
Male,314592,2021-02-14,2021-02-16
Unknown/Missing,7339,2021-02-14,2021-02-16
Other,24,2021-02-14,2021-02-16
Female,597701,2021-02-13,2021-02-15
Male,310171,2021-02-13,2021-02-15
Unknown/Missing,7088,2021-02-13,2021-02-15
Other,24,2021-02-13,2021-02-15
Female,582037,2021-02-12,2021-02-14
Male,300803,2021-02-12,2021-02-14
Unknown/Missing,6967,2021-02-12,2021-02-14
Other,24,2021-02-12,2021-02-14
Female,558562,2021-02-11,2021-02-13
Male,286732,2021-02-11,2021-02-13
Unknown/Missing,6686,2021-02-11,2021-02-13
Other,22,2021-02-11,2021-02-13
Female,531329,2021-02-10,2021-02-12
Male,271053,2021-02-10,2021-02-12
Unknown/Missing,6423,2021-02-10,2021-02-12
Other,22,2021-02-10,2021-02-12
Male,259471,2021-02-09,2021-02-11
Female,511653,2021-02-09,2021-02-11
Unknown/Missing,6313,2021-02-09,2021-02-11
Other,22,2021-02-09,2021-02-11
Female,496750,2021-02-08,2021-02-10
Male,250083,2021-02-08,2021-02-10
Unknown/Missing,6165,2021-02-08,2021-02-10
Other,21,2021-02-08,2021-02-10
Male,242775,2021-02-07,2021-02-09
Female,483511,2021-02-07,2021-02-09
Unknown/Missing,5910,2021-02-07,2021-02-09
Other,20,2021-02-07,2021-02-09
Male,241073,2021-02-06,2021-02-08
Female,480495,2021-02-06,2021-02-08
Unknown/Missing,5887,2021-02-06,2021-02-08
Other,20,2021-02-06,2021-02-08
Female,470034,2021-02-05,2021-02-07
Male,235940,2021-02-05,2021-02-07
Unknown/Missing,5684,2021-02-05,2021-02-07
Other,20,2021-02-05,2021-02-07
Male,222033,2021-02-04,2021-02-06
Female,446288,2021-02-04,2021-02-06
Unknown/Missing,5245,2021-02-04,2021-02-06
Other,20,2021-02-04,2021-02-06
Female,423996,2021-02-03,2021-02-05
Male,207963,2021-02-03,2021-02-05
Unknown/Missing,5036,2021-02-03,2021-02-05
Other,20,2021-02-03,2021-02-05
Female,404340,2021-02-02,2021-02-04
Male,195773,2021-02-02,2021-02-04
Unknown/Missing,4733,2021-02-02,2021-02-04
Other,18,2021-02-02,2021-02-04
Male,187432,2021-02-01,2021-02-03
Female,390379,2021-02-01,2021-02-03
Unknown/Missing,4566,2021-02-01,2021-02-03
Other,18,2021-02-01,2021-02-03
Female,379771,2021-01-31,2021-02-02
Male,181363,2021-01-31,2021-02-02
Unknown/Missing,4453,2021-01-31,2021-02-02
Other,16,2021-01-31,2021-02-02
Female,375079,2021-01-30,2021-02-01
Male,179856,2021-01-30,2021-02-01
Unknown/Missing,4432,2021-01-30,2021-02-01
Other,16,2021-01-30,2021-02-01
Female,357139,2021-01-29,2021-01-31
Male,169862,2021-01-29,2021-01-31
Unknown/Missing,4032,2021-01-29,2021-01-31
Other,15,2021-01-29,2021-01-31
Female,328906,2021-01-28,2021-01-30
Male,155460,2021-01-28,2021-01-30
Unknown/Missing,3979,2021-01-28,2021-01-30
Other,15,2021-01-28,2021-01-30
Female,300304,2021-01-27,2021-01-29
Male,140079,2021-01-27,2021-01-29
Unknown/Missing,3773,2021-01-27,2021-01-29
Other,8,2021-01-27,2021-01-29
Female,276386,2021-01-26,2021-01-28
Male,127029,2021-01-26,2021-01-28
Unknown/Missing,3640,2021-01-26,2021-01-28
Other,8,2021-01-26,2021-01-28
Female,255779,2021-01-25,2021-01-27
Male,116904,2021-01-25,2021-01-27
Unknown/Missing,3244,2021-01-25,2021-01-27
Other,7,2021-01-25,2021-01-27
Female,241226,2021-01-24,2021-01-26
Male,108833,2021-01-24,2021-01-26
Unknown/Missing,3047,2021-01-24,2021-01-26
Other,7,2021-01-24,2021-01-26
Female,229822,2021-01-22,2021-01-25
Male,102705,2021-01-22,2021-01-25
Unknown/Missing,2943,2021-01-22,2021-01-25
Other,7,2021-01-22,2021-01-25
Female,213518,2021-01-21,2021-01-24
Male,95232,2021-01-21,2021-01-24
Unknown/Missing,2843,2021-01-21,2021-01-24
Other,7,2021-01-21,2021-01-24
Female,198703,2021-01-20,2021-01-23
Male,88394,2021-01-20,2021-01-23
Unknown/Missing,2742,2021-01-20,2021-01-23
Other,7,2021-01-20,2021-01-23
Female,180705,2021-01-19,2021-01-22
Male,81024,2021-01-19,2021-01-22
Unknown/Missing,2539,2021-01-19,2021-01-22
Other,7,2021-01-19,2021-01-22
Female,167961,2021-01-18,2021-01-21
Male,76017,2021-01-18,2021-01-21
Unknown/Missing,2379,2021-01-18,2021-01-21
Other,7,2021-01-18,2021-01-21
Female,163506,2021-01-17,2021-01-20
Male,74024,2021-01-17,2021-01-20
Unknown/Missing,2373,2021-01-17,2021-01-20
Other,7,2021-01-17,2021-01-20
Female,162885,2021-01-16,2021-01-19
Male,73672,2021-01-16,2021-01-19
Unknown/Missing,2371,2021-01-16,2021-01-19
Other,7,2021-01-16,2021-01-19
Female,158737,2021-01-15,2021-01-18
Male,71865,2021-01-15,2021-01-18
Unknown/Missing,2343,2021-01-15,2021-01-18
Other,7,2021-01-15,2021-01-18
Female,150599,2021-01-14,2021-01-17
Male,68296,2021-01-14,2021-01-17
Unknown/Missing,2281,2021-01-14,2021-01-17
Other,7,2021-01-14,2021-01-17
Female,140675,2021-01-13,2021-01-16
Male,63650,2021-01-13,2021-01-16
Unknown/Missing,2227,2021-01-13,2021-01-16
Other,7,2021-01-13,2021-01-16
Female,127440,2021-01-12,2021-01-15
Male,57687,2021-01-12,2021-01-15
Unknown/Missing,1942,2021-01-12,2021-01-15
Other,5,2021-01-12,2021-01-15
Male,51912,NA,2021-01-14
Other,5,NA,2021-01-14
Unknown/Missing,1815,NA,2021-01-14
Female,115684,NA,2021-01-14
Male,47469,NA,2021-01-13
Female,106645,NA,2021-01-13
Unknown/Missing,1681,NA,2021-01-13
Other,5,NA,2021-01-13
Female,104567,NA,2021-01-12
Male,46597,NA,2021-01-12
Other,5,NA,2021-01-12
Unknown/Missing,1680,NA,2021-01-12
Female,100969,NA,2021-01-11
Male,45043,NA,2021-01-11
Other,5,NA,2021-01-11
Unknown/missing,1628,NA,2021-01-11
Female,90281,NA,2021-01-10
Male,40498,NA,2021-01-10
Other,5,NA,2021-01-10
Unknown/missing,1496,NA,2021-01-10
Female,81948,NA,2021-01-09
Male,36384,NA,2021-01-09
Other,4,NA,2021-01-09
Unknown/missing,1408,NA,2021-01-09
Female,71117,NA,2021-01-08
Male,31769,NA,2021-01-08
Other,4,NA,2021-01-08
Unknown/missing,1336,NA,2021-01-08
Female,62425,NA,2021-01-07
Male,27623,NA,2021-01-07
Other,4,NA,2021-01-07
Unknown/missing,1122,NA,2021-01-07
Female,55992,NA,2021-01-06
Male,24314,NA,2021-01-06
Other,4,NA,2021-01-06
Unknown/missing,857,NA,2021-01-06
Female,55759,NA,2021-01-05
Male,24239,NA,2021-01-05
Other,4,NA,2021-01-05
Unknown/missing,855,NA,2021-01-05
Female,54003,NA,2021-01-04
Male,23541,NA,2021-01-04
Other,4,NA,2021-01-04
Unknown/missing,854,NA,2021-01-04
Female,39135,NA,2021-01-02
Male,17240,NA,2021-01-02
Other,2,NA,2021-01-02
Unknown/missing,640,NA,2021-01-02
Female,30513,NA,2020-12-31
Male,13635,NA,2020-12-31
Other,2,NA,2020-12-31
Unknown/missing,488,NA,2020-12-31
Female,25891,NA,2020-12-30
Male,11978,NA,2020-12-30
Other,2,NA,2020-12-30
Unknown/missing,413,NA,2020-12-30
