gender,people_onedose,people_complete,people_boosted,filed_date,report_date
Female,2039982,1944083,1388047,2022-04-21,2022-04-25
Male,1839035,1733988,1163690,2022-04-21,2022-04-25
Other,127,108,25,2022-04-21,2022-04-25
Unknown/Missing,25652,19083,4756,2022-04-21,2022-04-25
Female,2039681,1943719,1387084,2022-04-20,2022-04-22
Male,1838724,1733616,1162950,2022-04-20,2022-04-22
Other,127,108,25,2022-04-20,2022-04-22
Unknown/Missing,25672,19095,4758,2022-04-20,2022-04-22
Female,2039380,1943321,1386316,2022-04-19,2022-04-21
Male,1838412,1733165,1162226,2022-04-19,2022-04-21
Other,127,108,25,2022-04-19,2022-04-21
Unknown/Missing,25694,19116,4769,2022-04-19,2022-04-21
Female,2039049,1942977,1386297,2022-04-18,2022-04-20
Male,1838082,1732778,1162120,2022-04-18,2022-04-20
Other,126,107,24,2022-04-18,2022-04-20
Unknown/Missing,25722,19136,4793,2022-04-18,2022-04-20
Female,2038810,1942693,1386387,2022-04-17,2022-04-19
Male,1837866,1732471,1162248,2022-04-17,2022-04-19
Other,126,107,24,2022-04-17,2022-04-19
Unknown/Missing,25726,19138,4789,2022-04-17,2022-04-19
Female,2038860,1942630,1387625,2022-04-14,2022-04-18
Male,1837892,1732328,1163414,2022-04-14,2022-04-18
Other,127,108,25,2022-04-14,2022-04-18
Unknown/Missing,25753,19163,4829,2022-04-14,2022-04-18
Female,2038860,1942630,1387625,2022-04-14,2022-04-16
Male,1837892,1732328,1163414,2022-04-14,2022-04-16
Other,127,108,25,2022-04-14,2022-04-16
Unknown/Missing,25753,19163,4829,2022-04-14,2022-04-16
Female,2038564,1942290,1386771,2022-04-13,2022-04-15
Male,1837601,1731948,1162638,2022-04-13,2022-04-15
Other,127,108,25,2022-04-13,2022-04-15
Unknown/Missing,25775,19176,4829,2022-04-13,2022-04-15
Female,2038189,1941883,1385716,2022-04-12,2022-04-14
Male,1837224,1731476,1161719,2022-04-12,2022-04-14
Other,129,110,26,2022-04-12,2022-04-14
Unknown/Missing,25787,19192,4848,2022-04-12,2022-04-14
Female,2037885,1941497,1385645,2022-04-11,2022-04-13
Male,1836942,1731019,1161673,2022-04-11,2022-04-13
Other,130,111,26,2022-04-11,2022-04-13
Unknown/Missing,25813,19206,4844,2022-04-11,2022-04-13
Female,2037628,1941178,1385554,2022-04-10,2022-04-12
Male,1836693,1730695,1161602,2022-04-10,2022-04-12
Other,130,111,26,2022-04-10,2022-04-12
Unknown/Missing,25815,19207,4835,2022-04-10,2022-04-12
Female,2037127,1940518,1386071,2022-04-07,2022-04-11
Male,1836120,1729874,1161985,2022-04-07,2022-04-11
Other,130,111,26,2022-04-07,2022-04-11
Unknown/Missing,25833,19222,4841,2022-04-07,2022-04-11
Female,2036870,1940162,1385200,2022-04-06,2022-04-08
Male,1835857,1729494,1161302,2022-04-06,2022-04-08
Other,131,112,27,2022-04-06,2022-04-08
Unknown/Missing,25857,19242,4846,2022-04-06,2022-04-08
Female,2036601,1939844,1384529,2022-04-05,2022-04-07
Male,1835547,1729072,1160697,2022-04-05,2022-04-07
Other,132,112,27,2022-04-05,2022-04-07
Unknown/Missing,25886,19265,4859,2022-04-05,2022-04-07
Female,2036709,1939852,1384798,2022-04-04,2022-04-06
Male,1835608,1729005,1160962,2022-04-04,2022-04-06
Other,132,112,27,2022-04-04,2022-04-06
Unknown/Missing,25894,19277,4865,2022-04-04,2022-04-06
Female,2036476,1939549,1384853,2022-04-03,2022-04-05
Male,1835363,1728652,1160935,2022-04-03,2022-04-05
Other,132,112,26,2022-04-03,2022-04-05
Unknown/Missing,25901,19290,4875,2022-04-03,2022-04-05
Female,2035998,1938808,1385101,2022-03-31,2022-04-04
Male,1834822,1727785,1161282,2022-03-31,2022-04-04
Other,132,112,26,2022-03-31,2022-04-04
Unknown/Missing,25923,19307,4892,2022-03-31,2022-04-04
Female,2034690,1937664,1383416,2022-03-30,2022-04-01
Male,1833574,1726664,1159892,2022-03-30,2022-04-01
Other,132,112,26,2022-03-30,2022-04-01
Unknown/Missing,25168,18769,4588,2022-03-30,2022-04-01
Female,2034350,1937250,1382438,2022-03-29,2022-03-31
Male,1833256,1726301,1159215,2022-03-29,2022-03-31
Other,133,113,27,2022-03-29,2022-03-31
Unknown/Missing,25168,18782,4588,2022-03-29,2022-03-31
Female,2034452,1937239,1382822,2022-03-28,2022-03-30
Male,1833397,1726329,1159635,2022-03-28,2022-03-30
Other,135,114,28,2022-03-28,2022-03-30
Unknown/Missing,25201,18800,4590,2022-03-28,2022-03-30
Female,2034142,1936858,1382823,2022-03-27,2022-03-29
Male,1833126,1725986,1159707,2022-03-27,2022-03-29
Other,141,120,34,2022-03-27,2022-03-29
Unknown/Missing,25205,18813,4600,2022-03-27,2022-03-29
Female,2033652,1936190,1383851,2022-03-24,2022-03-28
Male,1832601,1725282,1160535,2022-03-24,2022-03-28
Other,140,119,33,2022-03-24,2022-03-28
Unknown/Missing,25220,18823,4624,2022-03-24,2022-03-28
Female,2033320,1935766,1382785,2022-03-23,2022-03-25
Male,1832282,1724867,1159709,2022-03-23,2022-03-25
Other,140,119,33,2022-03-23,2022-03-25
Unknown/Missing,25225,18831,4620,2022-03-23,2022-03-25
Female,2032975,1935393,1382020,2022-03-22,2022-03-24
Male,1831940,1724482,1159022,2022-03-22,2022-03-24
Other,140,120,35,2022-03-22,2022-03-24
Unknown/Missing,25254,18854,4633,2022-03-22,2022-03-24
Female,2033080,1935348,1382281,2022-03-21,2022-03-23
Male,1831935,1724381,1159184,2022-03-21,2022-03-23
Other,140,120,35,2022-03-21,2022-03-23
Unknown/Missing,25269,18864,4634,2022-03-21,2022-03-23
Female,2032817,1934949,1382328,2022-03-20,2022-03-22
Male,1831673,1723998,1159213,2022-03-20,2022-03-22
Other,140,120,35,2022-03-20,2022-03-22
Unknown/Missing,25261,18872,4626,2022-03-20,2022-03-22
Female,2032330,1934178,1383215,2022-03-17,2022-03-21
Male,1831188,1723288,1160102,2022-03-17,2022-03-21
Other,142,121,37,2022-03-17,2022-03-21
Unknown/Missing,25283,18893,4662,2022-03-17,2022-03-21
Female,2031939,1933638,1382036,2022-03-16,2022-03-18
Male,1830811,1722829,1159180,2022-03-16,2022-03-18
Other,142,121,37,2022-03-16,2022-03-18
Unknown/Missing,25328,18923,4673,2022-03-16,2022-03-18
Female,2031625,1933164,1381141,2022-03-15,2022-03-17
Male,1830501,1722348,1158440,2022-03-15,2022-03-17
Other,142,121,37,2022-03-15,2022-03-17
Unknown/Missing,25339,18935,4673,2022-03-15,2022-03-17
Female,2031679,1933075,1381607,2022-03-14,2022-03-16
Male,1830567,1722276,1158809,2022-03-14,2022-03-16
Other,142,121,37,2022-03-14,2022-03-16
Unknown/Missing,25361,18952,4677,2022-03-14,2022-03-16
Female,2031343,1932667,1381716,2022-03-13,2022-03-15
Male,1830271,1721882,1158916,2022-03-13,2022-03-15
Other,145,124,39,2022-03-13,2022-03-15
Unknown/Missing,25362,18960,4686,2022-03-13,2022-03-15
Female,2030750,1931707,1382532,2022-03-10,2022-03-14
Male,1829673,1720945,1160064,2022-03-10,2022-03-14
Other,146,125,40,2022-03-10,2022-03-14
Unknown/Missing,25390,18983,4693,2022-03-10,2022-03-14
Female,2030384,1931147,1381407,2022-03-09,2022-03-11
Male,1829330,1720395,1159225,2022-03-09,2022-03-11
Other,146,125,40,2022-03-09,2022-03-11
Unknown/Missing,25404,18996,4694,2022-03-09,2022-03-11
Female,2030052,1930583,1380294,2022-03-08,2022-03-10
Male,1828964,1719826,1158475,2022-03-08,2022-03-10
Other,146,125,40,2022-03-08,2022-03-10
Unknown/Missing,25401,18999,4691,2022-03-08,2022-03-10
Female,2030010,1930375,1380556,2022-03-07,2022-03-09
Male,1828920,1719651,1158828,2022-03-07,2022-03-09
Other,146,125,40,2022-03-07,2022-03-09
Unknown/Missing,25429,19029,4711,2022-03-07,2022-03-09
Female,2029592,1929780,1380472,2022-03-06,2022-03-08
Male,1828551,1719099,1158751,2022-03-06,2022-03-08
Other,146,125,40,2022-03-06,2022-03-08
Unknown/Missing,25437,19043,4710,2022-03-06,2022-03-08
Female,2028582,1928233,NA,2022-03-03,2022-03-05
Male,1827717,1717724,NA,2022-03-03,2022-03-05
Other,147,126,NA,2022-03-03,2022-03-05
Unknown/Missing,25581,19103,NA,2022-03-03,2022-03-05
Female,2028163,1927559,NA,2022-03-02,2022-03-04
Male,1827304,1717089,NA,2022-03-02,2022-03-04
Other,147,126,NA,2022-03-02,2022-03-04
Unknown/Missing,25586,19116,NA,2022-03-02,2022-03-04
Female,2027695,1926859,NA,2022-03-01,2022-03-03
Male,1826880,1716417,NA,2022-03-01,2022-03-03
Other,147,126,NA,2022-03-01,2022-03-03
Unknown/Missing,25586,19118,NA,2022-03-01,2022-03-03
Female,2027515,1926252,NA,2022-02-28,2022-03-02
Male,1826741,1715863,NA,2022-02-28,2022-03-02
Other,147,126,NA,2022-02-28,2022-03-02
Unknown/Missing,25617,19143,NA,2022-02-28,2022-03-02
Female,2026961,1925134,NA,2022-02-27,2022-03-01
Male,1826224,1714764,NA,2022-02-27,2022-03-01
Other,147,125,NA,2022-02-27,2022-03-01
Unknown/Missing,25573,19127,NA,2022-02-27,2022-03-01
Female,2025961,1922827,NA,2022-02-24,2022-02-26
Male,1825241,1712504,NA,2022-02-24,2022-02-26
Other,149,127,NA,2022-02-24,2022-02-26
Unknown/Missing,25605,19146,NA,2022-02-24,2022-02-26
Female,2025416,1921680,NA,2022-02-23,2022-02-25
Male,1824786,1711439,NA,2022-02-23,2022-02-25
Other,149,127,NA,2022-02-23,2022-02-25
Unknown/Missing,25621,19155,NA,2022-02-23,2022-02-25
Female,2025370,1921074,NA,2022-02-22,2022-02-24
Male,1824705,1710763,NA,2022-02-22,2022-02-24
Other,149,127,NA,2022-02-22,2022-02-24
Unknown/Missing,25629,19183,NA,2022-02-22,2022-02-24
Female,2024842,1919972,NA,2022-02-21,2022-02-23
Male,1824214,1709679,NA,2022-02-21,2022-02-23
Other,149,128,NA,2022-02-21,2022-02-23
Unknown/Missing,25620,19178,NA,2022-02-21,2022-02-23
Female,2022508,1915092,NA,2022-02-16,2022-02-18
Male,1822029,1704791,NA,2022-02-16,2022-02-18
Other,150,128,NA,2022-02-16,2022-02-18
Unknown/Missing,25651,19230,NA,2022-02-16,2022-02-18
Female,2022144,1914032,NA,2022-02-15,2022-02-17
Male,1821720,1703800,NA,2022-02-15,2022-02-17
Other,150,128,NA,2022-02-15,2022-02-17
Unknown/Missing,25645,19237,NA,2022-02-15,2022-02-17
Female,2021601,1912859,NA,2022-02-14,2022-02-16
Male,1821212,1702717,NA,2022-02-14,2022-02-16
Other,150,128,NA,2022-02-14,2022-02-16
Unknown/Missing,25679,19266,NA,2022-02-14,2022-02-16
Female,2021103,1911970,NA,2022-02-13,2022-02-15
Male,1820710,1701818,NA,2022-02-13,2022-02-15
Other,150,128,NA,2022-02-13,2022-02-15
Unknown/Missing,25647,19244,NA,2022-02-13,2022-02-15
Female,2019634,1909285,NA,2022-02-10,2022-02-14
Male,1819096,1699023,NA,2022-02-10,2022-02-14
Other,150,128,NA,2022-02-10,2022-02-14
Unknown/Missing,25689,19269,NA,2022-02-10,2022-02-14
Female,2018842,1907740,NA,2022-02-09,2022-02-11
Male,1818265,1697396,NA,2022-02-09,2022-02-11
Other,150,127,NA,2022-02-09,2022-02-11
Unknown/Missing,25695,19263,NA,2022-02-09,2022-02-11
Female,2017892,1906161,NA,2022-02-08,2022-02-10
Male,1817221,1695804,NA,2022-02-08,2022-02-10
Other,150,127,NA,2022-02-08,2022-02-10
Unknown/Missing,25695,19283,NA,2022-02-08,2022-02-10
Female,2017450,1905196,NA,2022-02-07,2022-02-09
Male,1816599,1694816,NA,2022-02-07,2022-02-09
Other,150,127,NA,2022-02-07,2022-02-09
Unknown/Missing,25723,19314,NA,2022-02-07,2022-02-09
Female,2016550,1903963,NA,2022-02-06,2022-02-08
Male,1815714,1693555,NA,2022-02-06,2022-02-08
Other,149,128,NA,2022-02-06,2022-02-08
Unknown/Missing,25631,19279,NA,2022-02-06,2022-02-08
Female,2014072,1900518,NA,2022-02-03,2022-02-05
Male,1813017,1690137,NA,2022-02-03,2022-02-05
Other,149,128,NA,2022-02-03,2022-02-05
Unknown/Missing,25708,19363,NA,2022-02-03,2022-02-05
Female,2012785,1898849,NA,2022-02-02,2022-02-04
Male,1811805,1688580,NA,2022-02-02,2022-02-04
Other,149,128,NA,2022-02-02,2022-02-04
Unknown/Missing,25698,19375,NA,2022-02-02,2022-02-04
Female,2011325,1897110,NA,2022-02-01,2022-02-03
Male,1810266,1686850,NA,2022-02-01,2022-02-03
Other,150,129,NA,2022-02-01,2022-02-03
Unknown/Missing,25753,19431,NA,2022-02-01,2022-02-03
Female,2010534,1896141,NA,2022-01-31,2022-02-02
Male,1809344,1685682,NA,2022-01-31,2022-02-02
Other,151,129,NA,2022-01-31,2022-02-02
Unknown/Missing,25792,19476,NA,2022-01-31,2022-02-02
Female,2009313,1894835,NA,2022-01-30,2022-02-01
Male,1808077,1684340,NA,2022-01-30,2022-02-01
Other,153,130,NA,2022-01-30,2022-02-01
Unknown/Missing,25688,19447,NA,2022-01-30,2022-02-01
Female,2004796,1890622,NA,2022-01-26,2022-01-28
Male,1803689,1679925,NA,2022-01-26,2022-01-28
Other,154,131,NA,2022-01-26,2022-01-28
Unknown/Missing,25832,19598,NA,2022-01-26,2022-01-28
Female,2002860,1889223,NA,2022-01-25,2022-01-27
Male,1801448,1678448,NA,2022-01-25,2022-01-27
Other,155,132,NA,2022-01-25,2022-01-27
Unknown/Missing,25897,19679,NA,2022-01-25,2022-01-27
Female,2001909,1888371,NA,2022-01-24,2022-01-26
Male,1800401,1677531,NA,2022-01-24,2022-01-26
Other,156,133,NA,2022-01-24,2022-01-26
Unknown/Missing,25902,19710,NA,2022-01-24,2022-01-26
Female,2000667,1887178,NA,2022-01-23,2022-01-25
Male,1799124,1676295,NA,2022-01-23,2022-01-25
Other,158,135,NA,2022-01-23,2022-01-25
Unknown/Missing,25900,19763,NA,2022-01-23,2022-01-25
Female,1998007,1885182,NA,2022-01-20,2022-01-24
Male,1796447,1674253,NA,2022-01-20,2022-01-24
Other,157,133,NA,2022-01-20,2022-01-24
Unknown/Missing,25959,19855,NA,2022-01-20,2022-01-24
Female,1995934,1883385,NA,2022-01-19,2022-01-21
Male,1794238,1672424,NA,2022-01-19,2022-01-21
Other,155,132,NA,2022-01-19,2022-01-21
Unknown/Missing,25970,19930,NA,2022-01-19,2022-01-21
Female,1994689,1882137,NA,2022-01-18,2022-01-20
Male,1792887,1671169,NA,2022-01-18,2022-01-20
Other,155,132,NA,2022-01-18,2022-01-20
Unknown/Missing,26053,20007,NA,2022-01-18,2022-01-20
Female,1993054,1880799,NA,2022-01-17,2022-01-19
Male,1791203,1669787,NA,2022-01-17,2022-01-19
Other,155,132,NA,2022-01-17,2022-01-19
Unknown/Missing,26011,20059,NA,2022-01-17,2022-01-19
Female,1987520,1876875,NA,2022-01-13,2022-01-18
Male,1785368,1665739,NA,2022-01-13,2022-01-18
Other,154,131,NA,2022-01-13,2022-01-18
Unknown/Missing,26259,20337,NA,2022-01-13,2022-01-18
Female,1985488,1875269,NA,2022-01-12,2022-01-14
Male,1783292,1664026,NA,2022-01-12,2022-01-14
Other,155,133,NA,2022-01-12,2022-01-14
Unknown/Missing,26302,20407,NA,2022-01-12,2022-01-14
Female,1983429,1873562,NA,2022-01-11,2022-01-13
Male,1781161,1662251,NA,2022-01-11,2022-01-13
Other,154,133,NA,2022-01-11,2022-01-13
Unknown/Missing,26344,20470,NA,2022-01-11,2022-01-13
Female,1981920,1872385,NA,2022-01-10,2022-01-12
Male,1779578,1660802,NA,2022-01-10,2022-01-12
Other,154,133,NA,2022-01-10,2022-01-12
Unknown/Missing,26428,20554,NA,2022-01-10,2022-01-12
Female,1980406,1870954,NA,2022-01-09,2022-01-11
Male,1777931,1659284,NA,2022-01-09,2022-01-11
Other,153,133,NA,2022-01-09,2022-01-11
Unknown/Missing,26408,20603,NA,2022-01-09,2022-01-11
Female,1975558,1866085,NA,2022-01-06,2022-01-10
Male,1773095,1654363,NA,2022-01-06,2022-01-10
Other,151,131,NA,2022-01-06,2022-01-10
Unknown/Missing,26502,20822,NA,2022-01-06,2022-01-10
Female,1973517,1863778,NA,2022-01-05,2022-01-07
Male,1770872,1651925,NA,2022-01-05,2022-01-07
Other,147,127,NA,2022-01-05,2022-01-07
Unknown/Missing,26570,20925,NA,2022-01-05,2022-01-07
Female,1971836,1862197,NA,2022-01-04,2022-01-06
Male,1769058,1650358,NA,2022-01-04,2022-01-06
Other,147,127,NA,2022-01-04,2022-01-06
Unknown/Missing,26625,20999,NA,2022-01-04,2022-01-06
Female,1970323,1860680,NA,2022-01-03,2022-01-05
Male,1767549,1648793,NA,2022-01-03,2022-01-05
Other,147,127,NA,2022-01-03,2022-01-05
Unknown/Missing,26719,21083,NA,2022-01-03,2022-01-05
Female,1968888,1858697,NA,2022-01-02,2022-01-04
Male,1766111,1646906,NA,2022-01-02,2022-01-04
Other,147,127,NA,2022-01-02,2022-01-04
Unknown/Missing,26800,21173,NA,2022-01-02,2022-01-04
Female,1964689,1854805,NA,2021-12-29,2022-01-03
Male,1761642,1642873,NA,2021-12-29,2022-01-03
Other,148,128,NA,2021-12-29,2022-01-03
Unknown/Missing,27040,21426,NA,2021-12-29,2022-01-03
Female,1962502,1852608,NA,2021-12-28,2021-12-30
Male,1759413,1640684,NA,2021-12-28,2021-12-30
Other,150,130,NA,2021-12-28,2021-12-30
Unknown/Missing,27140,21530,NA,2021-12-28,2021-12-30
Female,1960970,1850880,NA,2021-12-27,2021-12-29
Male,1757833,1639060,NA,2021-12-27,2021-12-29
Other,150,130,NA,2021-12-27,2021-12-29
Unknown/Missing,27240,21638,NA,2021-12-27,2021-12-29
Female,1959260,1848937,NA,2021-12-26,2021-12-28
Male,1756038,1637248,NA,2021-12-26,2021-12-28
Other,153,132,NA,2021-12-26,2021-12-28
Unknown/Missing,27331,21717,NA,2021-12-26,2021-12-28
Female,1956440,1845942,NA,2021-12-22,2021-12-27
Male,1752722,1634009,NA,2021-12-22,2021-12-27
Other,155,134,NA,2021-12-22,2021-12-27
Unknown/Missing,27597,21979,NA,2021-12-22,2021-12-27
Female,1954007,1843979,NA,2021-12-21,2021-12-23
Male,1750091,1631954,NA,2021-12-21,2021-12-23
Other,155,134,NA,2021-12-21,2021-12-23
Unknown/Missing,27723,22097,NA,2021-12-21,2021-12-23
Female,1950664,1840152,NA,2021-12-19,2021-12-21
Male,1746382,1627986,NA,2021-12-19,2021-12-21
Other,156,135,NA,2021-12-19,2021-12-21
Unknown/Missing,27860,22305,NA,2021-12-19,2021-12-21
Female,1946320,1835938,NA,2021-12-16,2021-12-20
Male,1741797,1623571,NA,2021-12-16,2021-12-20
Other,156,137,NA,2021-12-16,2021-12-20
Unknown/Missing,28186,22630,NA,2021-12-16,2021-12-20
Female,1944195,1833710,NA,2021-12-15,2021-12-17
Male,1739623,1621320,NA,2021-12-15,2021-12-17
Other,156,137,NA,2021-12-15,2021-12-17
Unknown/Missing,28302,22773,NA,2021-12-15,2021-12-17
Female,1941967,1830461,NA,2021-12-14,2021-12-16
Male,1737356,1617999,NA,2021-12-14,2021-12-16
Other,156,137,NA,2021-12-14,2021-12-16
Unknown/Missing,28458,22942,NA,2021-12-14,2021-12-16
Female,1940432,1827879,NA,2021-12-13,2021-12-15
Male,1735742,1615241,NA,2021-12-13,2021-12-15
Other,156,137,NA,2021-12-13,2021-12-15
Unknown/Missing,28569,23085,NA,2021-12-13,2021-12-15
Female,1938455,1824202,NA,2021-12-12,2021-12-14
Male,1733821,1611493,NA,2021-12-12,2021-12-14
Other,158,139,NA,2021-12-12,2021-12-14
Unknown/Missing,28610,23166,NA,2021-12-12,2021-12-14
Female,1934158,1815341,NA,2021-12-09,2021-12-13
Male,1729109,1602334,NA,2021-12-09,2021-12-13
Other,160,140,NA,2021-12-09,2021-12-13
Unknown/Missing,29005,23553,NA,2021-12-09,2021-12-13
Female,1932532,1812229,NA,2021-12-08,2021-12-10
Male,1727432,1599086,NA,2021-12-08,2021-12-10
Other,159,138,NA,2021-12-08,2021-12-10
Unknown/Missing,29061,23592,NA,2021-12-08,2021-12-10
Female,1929850,1807226,NA,2021-12-07,2021-12-09
Male,1724666,1593880,NA,2021-12-07,2021-12-09
Other,159,138,NA,2021-12-07,2021-12-09
Unknown/Missing,29140,23679,NA,2021-12-07,2021-12-09
Female,1927931,1803747,NA,2021-12-06,2021-12-08
Male,1722595,1590329,NA,2021-12-06,2021-12-08
Other,162,140,NA,2021-12-06,2021-12-08
Unknown/Missing,29240,23802,NA,2021-12-06,2021-12-08
Female,1926165,1800441,NA,2021-12-05,2021-12-07
Male,1720842,1586839,NA,2021-12-05,2021-12-07
Other,160,138,NA,2021-12-05,2021-12-07
Unknown/Missing,29331,23905,NA,2021-12-05,2021-12-07
Female,1921515,1791150,NA,2021-12-02,2021-12-06
Male,1716074,1577160,NA,2021-12-02,2021-12-06
Other,160,138,NA,2021-12-02,2021-12-06
Unknown/Missing,29613,24210,NA,2021-12-02,2021-12-06
Female,1918293,1785569,NA,2021-12-01,2021-12-03
Male,1712775,1571508,NA,2021-12-01,2021-12-03
Other,159,138,NA,2021-12-01,2021-12-03
Unknown/Missing,29761,24395,NA,2021-12-01,2021-12-03
Female,1915509,1781297,NA,2021-11-30,2021-12-02
Male,1710065,1567233,NA,2021-11-30,2021-12-02
Other,158,136,NA,2021-11-30,2021-12-02
Unknown/Missing,29947,24570,NA,2021-11-30,2021-12-02
Female,1913343,1777347,NA,2021-11-29,2021-12-01
Male,1708014,1563302,NA,2021-11-29,2021-12-01
Other,159,138,NA,2021-11-29,2021-12-01
Unknown/Missing,30080,24709,NA,2021-11-29,2021-12-01
Female,1911035,1773794,NA,2021-11-28,2021-11-30
Male,1705779,1560087,NA,2021-11-28,2021-11-30
Other,160,138,NA,2021-11-28,2021-11-30
Unknown/Missing,30167,24820,NA,2021-11-28,2021-11-30
Female,1903283,1767835,NA,2021-11-23,2021-11-26
Male,1697593,1553898,NA,2021-11-23,2021-11-26
Other,161,139,NA,2021-11-23,2021-11-26
Unknown/Missing,30435,25112,NA,2021-11-23,2021-11-26
Female,1900058,1766964,NA,2021-11-22,2021-11-24
Male,1694196,1553042,NA,2021-11-22,2021-11-24
Other,164,142,NA,2021-11-22,2021-11-24
Unknown/Missing,30583,25303,NA,2021-11-22,2021-11-24
Female,1895677,1765740,NA,2021-11-21,2021-11-23
Male,1689750,1551990,NA,2021-11-21,2021-11-23
Other,164,142,NA,2021-11-21,2021-11-23
Unknown/Missing,30575,25380,NA,2021-11-21,2021-11-23
Female,1884570,1763068,NA,2021-11-18,2021-11-22
Male,1678329,1549286,NA,2021-11-18,2021-11-22
Other,165,143,NA,2021-11-18,2021-11-22
Unknown/Missing,30878,25722,NA,2021-11-18,2021-11-22
Female,1879596,1761882,NA,2021-11-17,2021-11-19
Male,1673160,1548074,NA,2021-11-17,2021-11-19
Other,167,145,NA,2021-11-17,2021-11-19
Unknown/Missing,30966,25852,NA,2021-11-17,2021-11-19
Female,1873617,1760567,NA,2021-11-16,2021-11-18
Male,1667053,1546851,NA,2021-11-16,2021-11-18
Other,168,146,NA,2021-11-16,2021-11-18
Unknown/Missing,30993,25954,NA,2021-11-16,2021-11-18
Female,1869100,1759725,NA,2021-11-15,2021-11-17
Male,1662217,1545995,NA,2021-11-15,2021-11-17
Other,167,147,NA,2021-11-15,2021-11-17
Unknown/Missing,31085,26112,NA,2021-11-15,2021-11-17
Female,1862390,1758753,NA,2021-11-14,2021-11-16
Male,1655235,1545055,NA,2021-11-14,2021-11-16
Other,166,146,NA,2021-11-14,2021-11-16
Unknown/Missing,31121,26174,NA,2021-11-14,2021-11-16
Female,1853194,1748807,NA,2021-11-11,2021-11-15
Male,1645608,1539077,NA,2021-11-11,2021-11-15
Other,161,143,NA,2021-11-11,2021-11-15
Unknown/Missing,31283,26385,NA,2021-11-11,2021-11-15
Female,1849321,1747468,NA,2021-11-10,2021-11-12
Male,1641603,1537836,NA,2021-11-10,2021-11-12
Other,161,143,NA,2021-11-10,2021-11-12
Unknown/Missing,31404,26505,NA,2021-11-10,2021-11-12
Female,1844582,1746130,NA,2021-11-09,2021-11-11
Male,1636678,1536544,NA,2021-11-09,2021-11-11
Other,162,144,NA,2021-11-09,2021-11-11
Unknown/Missing,31522,26644,NA,2021-11-09,2021-11-11
Female,1841047,1744981,NA,2021-11-08,2021-11-10
Male,1633128,1535503,NA,2021-11-08,2021-11-10
Other,163,145,NA,2021-11-08,2021-11-10
Unknown/Missing,31573,26707,NA,2021-11-08,2021-11-10
Female,1837730,1761114,NA,2021-11-07,2021-11-09
Male,1629825,1551805,NA,2021-11-07,2021-11-09
Other,162,144,NA,2021-11-07,2021-11-09
Unknown/Missing,31682,26886,NA,2021-11-07,2021-11-09
Female,1831436,1753006,NA,2021-11-04,2021-11-08
Male,1623373,1544104,NA,2021-11-04,2021-11-08
Other,162,144,NA,2021-11-04,2021-11-08
Unknown/Missing,31908,27109,NA,2021-11-04,2021-11-08
Female,1828707,1758648,NA,2021-11-03,2021-11-05
Male,1620678,1545596,NA,2021-11-03,2021-11-05
Other,163,145,NA,2021-11-03,2021-11-05
Unknown/Missing,32032,27247,NA,2021-11-03,2021-11-05
Female,1827436,1756199,NA,2021-11-02,2021-11-04
Male,1619221,1543179,NA,2021-11-02,2021-11-04
Other,163,145,NA,2021-11-02,2021-11-04
Unknown/Missing,32094,27331,NA,2021-11-02,2021-11-04
Female,1826175,1753745,NA,2021-11-01,2021-11-03
Male,1617886,1540739,NA,2021-11-01,2021-11-03
Other,161,143,NA,2021-11-01,2021-11-03
Unknown/Missing,32182,27409,NA,2021-11-01,2021-11-03
Female,1825112,1752063,NA,2021-10-31,2021-11-02
Male,1616827,1538991,NA,2021-10-31,2021-11-02
Other,163,145,NA,2021-10-31,2021-11-02
Unknown/Missing,32226,27466,NA,2021-10-31,2021-11-02
Female,1822164,1745673,NA,2021-10-28,2021-11-01
Male,1613647,1532586,NA,2021-10-28,2021-11-01
Other,164,146,NA,2021-10-28,2021-11-01
Unknown/Missing,32404,27629,NA,2021-10-28,2021-11-01
Female,1821211,1742887,NA,2021-10-27,2021-10-29
Male,1612212,1529634,NA,2021-10-27,2021-10-29
Other,164,147,NA,2021-10-27,2021-10-29
Unknown/Missing,32510,27729,NA,2021-10-27,2021-10-29
Female,1819993,1740483,NA,2021-10-26,2021-10-28
Male,1610861,1527364,NA,2021-10-26,2021-10-28
Other,164,147,NA,2021-10-26,2021-10-28
Unknown/Missing,32629,27831,NA,2021-10-26,2021-10-28
Female,1818268,1738869,NA,2021-10-25,2021-10-27
Male,1608974,1525803,NA,2021-10-25,2021-10-27
Other,165,148,NA,2021-10-25,2021-10-27
Unknown/Missing,32712,27934,NA,2021-10-25,2021-10-27
Female,1817074,1737681,NA,2021-10-24,2021-10-26
Male,1607735,1524795,NA,2021-10-24,2021-10-26
Other,166,148,NA,2021-10-24,2021-10-26
Unknown/Missing,32702,27948,NA,2021-10-24,2021-10-26
Female,1814658,1735160,NA,2021-10-21,2021-10-25
Male,1605051,1522454,NA,2021-10-21,2021-10-25
Other,168,150,NA,2021-10-21,2021-10-25
Unknown/Missing,32827,28041,NA,2021-10-21,2021-10-25
Female,1813126,1733567,NA,2021-10-20,2021-10-22
Male,1603480,1521000,NA,2021-10-20,2021-10-22
Other,168,151,NA,2021-10-20,2021-10-22
Unknown/Missing,32884,28102,NA,2021-10-20,2021-10-22
Female,1812002,1732277,NA,2021-10-19,2021-10-21
Male,1602302,1519872,NA,2021-10-19,2021-10-21
Other,169,152,NA,2021-10-19,2021-10-21
Unknown/Missing,32928,28143,NA,2021-10-19,2021-10-21
Female,1811227,1731256,NA,2021-10-18,2021-10-20
Male,1601578,1519005,NA,2021-10-18,2021-10-20
Other,169,151,NA,2021-10-18,2021-10-20
Unknown/Missing,32978,28202,NA,2021-10-18,2021-10-20
Female,1810168,1730005,NA,2021-10-17,2021-10-19
Male,1600424,1517918,NA,2021-10-17,2021-10-19
Other,170,152,NA,2021-10-17,2021-10-19
Unknown/Missing,33012,28248,NA,2021-10-17,2021-10-19
Female,1807613,1727047,NA,2021-10-14,2021-10-18
Male,1597573,1515001,NA,2021-10-14,2021-10-18
Other,170,153,NA,2021-10-14,2021-10-18
Unknown/Missing,33086,28341,NA,2021-10-14,2021-10-18
Female,1806306,1725583,NA,2021-10-13,2021-10-15
Male,1596352,1513684,NA,2021-10-13,2021-10-15
Other,171,154,NA,2021-10-13,2021-10-15
Unknown/Missing,33150,28414,NA,2021-10-13,2021-10-15
Female,1804905,1724035,NA,2021-10-12,2021-10-14
Male,1594903,1512235,NA,2021-10-12,2021-10-14
Other,171,154,NA,2021-10-12,2021-10-14
Unknown/Missing,33233,28507,NA,2021-10-12,2021-10-14
Female,1803728,1722680,NA,2021-10-11,2021-10-13
Male,1593706,1510982,NA,2021-10-11,2021-10-13
Other,171,154,NA,2021-10-11,2021-10-13
Unknown/Missing,33316,28607,NA,2021-10-11,2021-10-13
Female,1802690,1721537,NA,2021-10-10,2021-10-12
Male,1592832,1509963,NA,2021-10-10,2021-10-12
Other,171,153,NA,2021-10-10,2021-10-12
Unknown/Missing,33373,28666,NA,2021-10-10,2021-10-12
Female,1800315,1718767,NA,2021-10-07,2021-10-11
Male,1590109,1507208,NA,2021-10-07,2021-10-11
Other,171,153,NA,2021-10-07,2021-10-11
Unknown/Missing,33467,28743,NA,2021-10-07,2021-10-11
Female,1798456,1716599,NA,2021-10-06,2021-10-08
Male,1587837,1504943,NA,2021-10-06,2021-10-08
Other,171,153,NA,2021-10-06,2021-10-08
Unknown/Missing,33552,28816,NA,2021-10-06,2021-10-08
Female,1795664,1713572,NA,2021-10-05,2021-10-07
Male,1584767,1501927,NA,2021-10-05,2021-10-07
Other,173,153,NA,2021-10-05,2021-10-07
Unknown/Missing,33634,28886,NA,2021-10-05,2021-10-07
Female,1794982,1712651,NA,2021-10-04,2021-10-06
Male,1584033,1501135,NA,2021-10-04,2021-10-06
Other,174,152,NA,2021-10-04,2021-10-06
Unknown/Missing,33727,28947,NA,2021-10-04,2021-10-06
Female,1793939,1711389,NA,2021-10-03,2021-10-05
Male,1583097,1500067,NA,2021-10-03,2021-10-05
Other,175,153,NA,2021-10-03,2021-10-05
Unknown/Missing,33742,28966,NA,2021-10-03,2021-10-05
Female,1791476,1708502,NA,2021-09-30,2021-10-04
Male,1580629,1497352,NA,2021-09-30,2021-10-04
Other,175,153,NA,2021-09-30,2021-10-04
Unknown/Missing,33826,29032,NA,2021-09-30,2021-10-04
Female,1790069,1707038,NA,2021-09-29,2021-10-01
Male,1579509,1496177,NA,2021-09-29,2021-10-01
Other,176,154,NA,2021-09-29,2021-10-01
Unknown/Missing,33884,29096,NA,2021-09-29,2021-10-01
Female,1788639,1705621,NA,2021-09-28,2021-09-30
Male,1578164,1494885,NA,2021-09-28,2021-09-30
Other,178,156,NA,2021-09-28,2021-09-30
Unknown/Missing,33938,29150,NA,2021-09-28,2021-09-30
Female,1787604,1704602,NA,2021-09-27,2021-09-29
Male,1577143,1493922,NA,2021-09-27,2021-09-29
Other,177,156,NA,2021-09-27,2021-09-29
Unknown/Missing,33982,29202,NA,2021-09-27,2021-09-29
Female,1786218,1703288,NA,2021-09-26,2021-09-28
Male,1575809,1492674,NA,2021-09-26,2021-09-28
Other,176,156,NA,2021-09-26,2021-09-28
Unknown/Missing,34006,29227,NA,2021-09-26,2021-09-28
Female,1783032,1699042,NA,2021-09-23,2021-09-27
Male,1572587,1488614,NA,2021-09-23,2021-09-27
Other,176,156,NA,2021-09-23,2021-09-27
Unknown/Missing,34003,29249,NA,2021-09-23,2021-09-27
Female,1781528,1696993,NA,2021-09-22,2021-09-24
Male,1571244,1486781,NA,2021-09-22,2021-09-24
Other,175,155,NA,2021-09-22,2021-09-24
Unknown/Missing,34038,29279,NA,2021-09-22,2021-09-24
Female,1780284,1695314,NA,2021-09-21,2021-09-23
Male,1570039,1485204,NA,2021-09-21,2021-09-23
Other,175,155,NA,2021-09-21,2021-09-23
Unknown/Missing,34068,29320,NA,2021-09-21,2021-09-23
Female,1778728,1693186,NA,2021-09-20,2021-09-22
Male,1568493,1483169,NA,2021-09-20,2021-09-22
Other,175,155,NA,2021-09-20,2021-09-22
Unknown/Missing,34106,29353,NA,2021-09-20,2021-09-22
Female,1777511,1691582,NA,2021-09-19,2021-09-21
Male,1567330,1481608,NA,2021-09-19,2021-09-21
Other,175,155,NA,2021-09-19,2021-09-21
Unknown/Missing,34112,29367,NA,2021-09-19,2021-09-21
Female,1774295,1686958,NA,2021-09-16,2021-09-20
Male,1564123,1476829,NA,2021-09-16,2021-09-20
Other,176,156,NA,2021-09-16,2021-09-20
Unknown/Missing,34146,29371,NA,2021-09-16,2021-09-20
Female,1772189,1684154,NA,2021-09-15,2021-09-17
Male,1562195,1473988,NA,2021-09-15,2021-09-17
Other,176,156,NA,2021-09-15,2021-09-17
Unknown/Missing,34175,29396,NA,2021-09-15,2021-09-17
Female,1770443,1681764,NA,2021-09-14,2021-09-16
Male,1560437,1471673,NA,2021-09-14,2021-09-16
Other,174,155,NA,2021-09-14,2021-09-16
Unknown/Missing,34199,29425,NA,2021-09-14,2021-09-16
Female,1769072,1679851,NA,2021-09-13,2021-09-15
Male,1559082,1469647,NA,2021-09-13,2021-09-15
Other,173,155,NA,2021-09-13,2021-09-15
Unknown/Missing,34242,29460,NA,2021-09-13,2021-09-15
Female,1767761,1677907,NA,2021-09-12,2021-09-14
Male,1557811,1467813,NA,2021-09-12,2021-09-14
Other,174,155,NA,2021-09-12,2021-09-14
Unknown/Missing,34244,29442,NA,2021-09-12,2021-09-14
Female,1764019,1672163,NA,2021-09-09,2021-09-13
Male,1553954,1462048,NA,2021-09-09,2021-09-13
Other,175,156,NA,2021-09-09,2021-09-13
Unknown/Missing,34209,29418,NA,2021-09-09,2021-09-13
Female,1762052,1669534,NA,2021-09-08,2021-09-10
Male,1552178,1459503,NA,2021-09-08,2021-09-10
Other,175,156,NA,2021-09-08,2021-09-10
Unknown/Missing,34236,29442,NA,2021-09-08,2021-09-10
Female,1759862,1666695,NA,2021-09-07,2021-09-09
Male,1550108,1456590,NA,2021-09-07,2021-09-09
Other,175,156,NA,2021-09-07,2021-09-09
Unknown/Missing,34270,29448,NA,2021-09-07,2021-09-09
Female,1758885,1664956,NA,2021-09-06,2021-09-08
Male,1549325,1455020,NA,2021-09-06,2021-09-08
Other,177,158,NA,2021-09-06,2021-09-08
Unknown/Missing,34290,29463,NA,2021-09-06,2021-09-08
Female,1754041,1657708,NA,2021-09-02,2021-09-07
Male,1544328,1447337,NA,2021-09-02,2021-09-07
Other,179,159,NA,2021-09-02,2021-09-07
Unknown/Missing,34312,29448,NA,2021-09-02,2021-09-07
Female,1751457,1654641,NA,2021-09-01,2021-09-03
Male,1541827,1444324,NA,2021-09-01,2021-09-03
Other,179,159,NA,2021-09-01,2021-09-03
Unknown/Missing,34306,29444,NA,2021-09-01,2021-09-03
Female,1748834,1651639,NA,2021-08-31,2021-09-02
Male,1539306,1441277,NA,2021-08-31,2021-09-02
Other,180,159,NA,2021-08-31,2021-09-02
Unknown/Missing,34322,29448,NA,2021-08-31,2021-09-02
Female,1746310,1648475,NA,2021-08-30,2021-09-01
Male,1536841,1438202,NA,2021-08-30,2021-09-01
Other,180,159,NA,2021-08-30,2021-09-01
Unknown/Missing,34378,29462,NA,2021-08-30,2021-09-01
Female,1744502,1646153,NA,2021-08-29,2021-08-31
Male,1535033,1435801,NA,2021-08-29,2021-08-31
Other,181,160,NA,2021-08-29,2021-08-31
Unknown/Missing,34368,29455,NA,2021-08-29,2021-08-31
Female,1740176,1640324,NA,2021-08-26,2021-08-30
Male,1530426,1429265,NA,2021-08-26,2021-08-30
Other,181,160,NA,2021-08-26,2021-08-30
Unknown/Missing,34382,29450,NA,2021-08-26,2021-08-30
Female,1737507,1637053,NA,2021-08-25,2021-08-27
Male,1527904,1426047,NA,2021-08-25,2021-08-27
Other,181,159,NA,2021-08-25,2021-08-27
Unknown/Missing,34398,29472,NA,2021-08-25,2021-08-27
Female,1735127,1634116,NA,2021-08-24,2021-08-26
Male,1525472,1422955,NA,2021-08-24,2021-08-26
Other,183,161,NA,2021-08-24,2021-08-26
Unknown/Missing,34407,29475,NA,2021-08-24,2021-08-26
Female,1732853,1631175,NA,2021-08-23,2021-08-25
Male,1523246,1419887,NA,2021-08-23,2021-08-25
Other,183,161,NA,2021-08-23,2021-08-25
Unknown/Missing,34425,29486,NA,2021-08-23,2021-08-25
Female,1730865,1629014,NA,2021-08-22,2021-08-24
Male,1521406,1417729,NA,2021-08-22,2021-08-24
Other,184,162,NA,2021-08-22,2021-08-24
Unknown/Missing,34415,29469,NA,2021-08-22,2021-08-24
Female,1724993,1623686,NA,2021-08-19,2021-08-23
Male,1515230,1411815,NA,2021-08-19,2021-08-23
Other,184,161,NA,2021-08-19,2021-08-23
Unknown/Missing,34440,29473,NA,2021-08-19,2021-08-23
Female,1721911,1620916,NA,2021-08-18,2021-08-20
Male,1512024,1408837,NA,2021-08-18,2021-08-20
Other,185,162,NA,2021-08-18,2021-08-20
Unknown/Missing,34452,29479,NA,2021-08-18,2021-08-20
Female,1720144,1619321,NA,2021-08-17,2021-08-19
Male,1510183,1407262,NA,2021-08-17,2021-08-19
Other,184,162,NA,2021-08-17,2021-08-19
Unknown/Missing,34426,29476,NA,2021-08-17,2021-08-19
Female,1717539,1616843,NA,2021-08-16,2021-08-18
Male,1507352,1404698,NA,2021-08-16,2021-08-18
Other,185,162,NA,2021-08-16,2021-08-18
Unknown/Missing,34416,29469,NA,2021-08-16,2021-08-18
Female,1714968,1615078,NA,2021-08-15,2021-08-17
Male,1504531,1402883,NA,2021-08-15,2021-08-17
Other,184,160,NA,2021-08-15,2021-08-17
Unknown/Missing,34336,29454,NA,2021-08-15,2021-08-17
Female,1707607,1611326,NA,2021-08-12,2021-08-16
Male,1496432,1398791,NA,2021-08-12,2021-08-16
Other,182,160,NA,2021-08-12,2021-08-16
Unknown/Missing,34367,29472,NA,2021-08-12,2021-08-16
Female,1703886,1609132,NA,2021-08-11,2021-08-13
Male,1492686,1396608,NA,2021-08-11,2021-08-13
Other,184,162,NA,2021-08-11,2021-08-13
Unknown/Missing,34332,29469,NA,2021-08-11,2021-08-13
Female,1700708,1607214,NA,2021-08-10,2021-08-12
Male,1489245,1394601,NA,2021-08-10,2021-08-12
Other,184,162,NA,2021-08-10,2021-08-12
Unknown/Missing,34338,29468,NA,2021-08-10,2021-08-12
Female,1698386,1605963,NA,2021-08-09,2021-08-11
Male,1486720,1393323,NA,2021-08-09,2021-08-11
Other,184,162,NA,2021-08-09,2021-08-11
Unknown/Missing,34349,29462,NA,2021-08-09,2021-08-11
Female,1695903,1604369,NA,2021-08-08,2021-08-10
Male,1484170,1391715,NA,2021-08-08,2021-08-10
Other,185,163,NA,2021-08-08,2021-08-10
Unknown/Missing,34352,29436,NA,2021-08-08,2021-08-10
Female,1688909,1601039,NA,2021-08-05,2021-08-09
Male,1475914,1388088,NA,2021-08-05,2021-08-09
Other,184,162,NA,2021-08-05,2021-08-09
Unknown/Missing,34351,29398,NA,2021-08-05,2021-08-09
Female,1685006,1599177,NA,2021-08-04,2021-08-06
Male,1471657,1386018,NA,2021-08-04,2021-08-06
Other,182,161,NA,2021-08-04,2021-08-06
Unknown/Missing,34355,29392,NA,2021-08-04,2021-08-06
Female,1681239,1597375,NA,2021-08-03,2021-08-05
Male,1467522,1384156,NA,2021-08-03,2021-08-05
Other,182,161,NA,2021-08-03,2021-08-05
Unknown/Missing,34362,29401,NA,2021-08-03,2021-08-05
Female,1677933,1595685,NA,2021-08-02,2021-08-04
Male,1463840,1382343,NA,2021-08-02,2021-08-04
Other,184,163,NA,2021-08-02,2021-08-04
Unknown/Missing,34299,29365,NA,2021-08-02,2021-08-04
Female,1675354,1594189,NA,2021-08-01,2021-08-03
Male,1461107,1380901,NA,2021-08-01,2021-08-03
Other,182,161,NA,2021-08-01,2021-08-03
Unknown/Missing,34299,29378,NA,2021-08-01,2021-08-03
Female,1669531,1590869,NA,2021-07-29,2021-08-02
Male,1454610,1377228,NA,2021-07-29,2021-08-02
Other,183,162,NA,2021-07-29,2021-08-02
Unknown/Missing,34322,29378,NA,2021-07-29,2021-08-02
Female,1666628,1588952,NA,2021-07-28,2021-07-30
Male,1451590,1375382,NA,2021-07-28,2021-07-30
Other,185,164,NA,2021-07-28,2021-07-30
Unknown/Missing,34361,29391,NA,2021-07-28,2021-07-30
Female,1663723,1587020,NA,2021-07-27,2021-07-29
Male,1448423,1373371,NA,2021-07-27,2021-07-29
Other,185,165,NA,2021-07-27,2021-07-29
Unknown/Missing,34390,29404,NA,2021-07-27,2021-07-29
Female,1660403,1584656,NA,2021-07-26,2021-07-28
Male,1444792,1370972,NA,2021-07-26,2021-07-28
Other,187,166,NA,2021-07-26,2021-07-28
Unknown/Missing,34479,29433,NA,2021-07-26,2021-07-28
Female,1658840,1583730,NA,2021-07-25,2021-07-27
Male,1443145,1370047,NA,2021-07-25,2021-07-27
Other,188,167,NA,2021-07-25,2021-07-27
Unknown/Missing,34460,29424,NA,2021-07-25,2021-07-27
Female,1654902,1581017,NA,2021-07-22,2021-07-26
Male,1438524,1367068,NA,2021-07-22,2021-07-26
Other,188,167,NA,2021-07-22,2021-07-26
Unknown/Missing,34472,29414,NA,2021-07-22,2021-07-26
Female,1652611,1579135,NA,2021-07-21,2021-07-23
Male,1435946,1365068,NA,2021-07-21,2021-07-23
Other,189,168,NA,2021-07-21,2021-07-23
Unknown/Missing,34480,29424,NA,2021-07-21,2021-07-23
Female,1650423,1577243,NA,2021-07-20,2021-07-22
Male,1433541,1363062,NA,2021-07-20,2021-07-22
Other,190,169,NA,2021-07-20,2021-07-22
Unknown/Missing,34481,29429,NA,2021-07-20,2021-07-22
Female,1648779,1575624,NA,2021-07-19,2021-07-21
Male,1431778,1361269,NA,2021-07-19,2021-07-21
Other,190,168,NA,2021-07-19,2021-07-21
Unknown/Missing,34512,29455,NA,2021-07-19,2021-07-21
Female,1647354,1574152,NA,2021-07-18,2021-07-20
Male,1430252,1359760,NA,2021-07-18,2021-07-20
Other,191,169,NA,2021-07-18,2021-07-20
Unknown/Missing,34563,29457,NA,2021-07-18,2021-07-20
Female,1644458,1571121,NA,2021-07-15,2021-07-19
Male,1427166,1356567,NA,2021-07-15,2021-07-19
Other,191,169,NA,2021-07-15,2021-07-19
Unknown/Missing,34583,29453,NA,2021-07-15,2021-07-19
Female,1642755,1569074,NA,2021-07-14,2021-07-16
Male,1425408,1354519,NA,2021-07-14,2021-07-16
Other,191,168,NA,2021-07-14,2021-07-16
Unknown/Missing,34604,29456,NA,2021-07-14,2021-07-16
Female,1640840,1566572,NA,2021-07-13,2021-07-15
Male,1423336,1352175,NA,2021-07-13,2021-07-15
Other,192,169,NA,2021-07-13,2021-07-15
Unknown/Missing,34747,29465,NA,2021-07-13,2021-07-15
Female,1638228,1563575,NA,2021-07-12,2021-07-14
Male,1420699,1349194,NA,2021-07-12,2021-07-14
Other,192,168,NA,2021-07-12,2021-07-14
Unknown/Missing,34777,29478,NA,2021-07-12,2021-07-14
Female,1636925,1562026,NA,2021-07-11,2021-07-13
Male,1419329,1347679,NA,2021-07-11,2021-07-13
Other,192,169,NA,2021-07-11,2021-07-13
Unknown/Missing,34807,29487,NA,2021-07-11,2021-07-13
Female,1634224,1558498,NA,2021-07-08,2021-07-12
Male,1416492,1344026,NA,2021-07-08,2021-07-12
Other,193,170,NA,2021-07-08,2021-07-12
Unknown/Missing,34809,29461,NA,2021-07-08,2021-07-12
Female,1632357,1555935,NA,2021-07-07,2021-07-09
Male,1414673,1341632,NA,2021-07-07,2021-07-09
Other,193,169,NA,2021-07-07,2021-07-09
Unknown/Missing,34817,29461,NA,2021-07-07,2021-07-09
Female,1630632,1553527,NA,2021-07-06,2021-07-08
Male,1412991,1339133,NA,2021-07-06,2021-07-08
Other,193,169,NA,2021-07-06,2021-07-08
Unknown/Missing,34856,29462,NA,2021-07-06,2021-07-08
Female,1629068,1550935,NA,2021-07-05,2021-07-07
Male,1411337,1336597,NA,2021-07-05,2021-07-07
Other,194,170,NA,2021-07-05,2021-07-07
Unknown/Missing,34913,29503,NA,2021-07-05,2021-07-07
Female,1627484,1548779,NA,2021-07-02,2021-07-06
Male,1409441,1334286,NA,2021-07-02,2021-07-06
Other,194,170,NA,2021-07-02,2021-07-06
Unknown/Missing,34918,29509,NA,2021-07-02,2021-07-06
Female,1625995,1546751,NA,2021-07-01,2021-07-03
Male,1407816,1332223,NA,2021-07-01,2021-07-03
Other,193,170,NA,2021-07-01,2021-07-03
Unknown/Missing,34935,29510,NA,2021-07-01,2021-07-03
Female,1624119,1544089,NA,2021-06-30,2021-07-02
Male,1406083,1329632,NA,2021-06-30,2021-07-02
Other,193,169,NA,2021-06-30,2021-07-02
Unknown/Missing,34969,29523,NA,2021-06-30,2021-07-02
Female,1622154,1541200,NA,2021-06-29,2021-07-01
Male,1404153,1326751,NA,2021-06-29,2021-07-01
Other,193,169,NA,2021-06-29,2021-07-01
Unknown/Missing,35007,29509,NA,2021-06-29,2021-07-01
Female,1619363,1535887,NA,2021-06-28,2021-06-30
Male,1401384,1321264,NA,2021-06-28,2021-06-30
Other,194,166,NA,2021-06-28,2021-06-30
Unknown/Missing,35036,29454,NA,2021-06-28,2021-06-30
Female,1617883,1533855,NA,2021-06-27,2021-06-29
Male,1399851,1319239,NA,2021-06-27,2021-06-29
Other,195,165,NA,2021-06-27,2021-06-29
Unknown/Missing,35075,29481,NA,2021-06-27,2021-06-29
Female,1617508,1533303,NA,2021-06-26,2021-06-28
Male,1399410,1318558,NA,2021-06-26,2021-06-28
Other,196,165,NA,2021-06-26,2021-06-28
Unknown/Missing,35074,29470,NA,2021-06-26,2021-06-28
Female,1616058,1526918,NA,2021-06-25,2021-06-27
Male,1397713,1311501,NA,2021-06-25,2021-06-27
Other,196,165,NA,2021-06-25,2021-06-27
Unknown/Missing,35072,29462,NA,2021-06-25,2021-06-27
Female,1614193,1521595,NA,2021-06-24,2021-06-26
Male,1395828,1306139,NA,2021-06-24,2021-06-26
Other,197,165,NA,2021-06-24,2021-06-26
Unknown/Missing,35101,29462,NA,2021-06-24,2021-06-26
Female,1611834,1516904,NA,2021-06-23,2021-06-25
Male,1393349,1301425,NA,2021-06-23,2021-06-25
Other,197,165,NA,2021-06-23,2021-06-25
Unknown/Missing,35125,29477,NA,2021-06-23,2021-06-25
Female,1609722,1513228,NA,2021-06-22,2021-06-24
Male,1391074,1297819,NA,2021-06-22,2021-06-24
Other,199,166,NA,2021-06-22,2021-06-24
Unknown/Missing,35138,29458,NA,2021-06-22,2021-06-24
Female,1607810,1510482,NA,2021-06-21,2021-06-23
Male,1389052,1294985,NA,2021-06-21,2021-06-23
Other,202,170,NA,2021-06-21,2021-06-23
Unknown/Missing,35198,29489,NA,2021-06-21,2021-06-23
Female,1606357,1508403,NA,2021-06-20,2021-06-22
Male,1387524,1292756,NA,2021-06-20,2021-06-22
Other,210,178,NA,2021-06-20,2021-06-22
Unknown/Missing,35248,29520,NA,2021-06-20,2021-06-22
Female,1605787,1507457,NA,2021-06-19,2021-06-21
Male,1386846,1291699,NA,2021-06-19,2021-06-21
Other,210,178,NA,2021-06-19,2021-06-21
Unknown/Missing,35243,29516,NA,2021-06-19,2021-06-21
Female,1604223,1504387,NA,2021-06-18,2021-06-20
Male,1385145,1288249,NA,2021-06-18,2021-06-20
Other,210,177,NA,2021-06-18,2021-06-20
Unknown/Missing,35225,29490,NA,2021-06-18,2021-06-20
Female,1602307,1499966,NA,2021-06-17,2021-06-19
Male,1383214,1283687,NA,2021-06-17,2021-06-19
Other,210,177,NA,2021-06-17,2021-06-19
Unknown/Missing,35278,29475,NA,2021-06-17,2021-06-19
Female,1599261,1493335,NA,2021-06-16,2021-06-18
Male,1380006,1276910,NA,2021-06-16,2021-06-18
Other,217,181,NA,2021-06-16,2021-06-18
Unknown/Missing,35311,29492,NA,2021-06-16,2021-06-18
Female,1596875,1487242,NA,2021-06-15,2021-06-17
Male,1377717,1270702,NA,2021-06-15,2021-06-17
Other,220,183,NA,2021-06-15,2021-06-17
Unknown/Missing,35304,29405,NA,2021-06-15,2021-06-17
Female,1594681,1480943,NA,2021-06-14,2021-06-16
Male,1375481,1264431,NA,2021-06-14,2021-06-16
Other,225,186,NA,2021-06-14,2021-06-16
Unknown/Missing,35319,29329,NA,2021-06-14,2021-06-16
Female,1591352,1473642,NA,2021-06-13,2021-06-15
Male,1371832,1256691,NA,2021-06-13,2021-06-15
Other,225,185,NA,2021-06-13,2021-06-15
Unknown/Missing,35258,29233,NA,2021-06-13,2021-06-15
Female,1591093,1471619,NA,2021-06-12,2021-06-14
Male,1371595,1254492,NA,2021-06-12,2021-06-14
Other,230,189,NA,2021-06-12,2021-06-14
Unknown/Missing,35282,29222,NA,2021-06-12,2021-06-14
Female,1590336,1468154,NA,2021-06-11,2021-06-13
Male,1370755,1250934,NA,2021-06-11,2021-06-13
Other,231,188,NA,2021-06-11,2021-06-13
Unknown/Missing,35253,29133,NA,2021-06-11,2021-06-13
Female,1587506,1460383,NA,2021-06-10,2021-06-12
Male,1367901,1242932,NA,2021-06-10,2021-06-12
Other,233,187,NA,2021-06-10,2021-06-12
Unknown/Missing,35243,29084,NA,2021-06-10,2021-06-12
Female,1584880,1452069,NA,2021-06-09,2021-06-11
Male,1365106,1234337,NA,2021-06-09,2021-06-11
Other,236,190,NA,2021-06-09,2021-06-11
Unknown/Missing,35219,29026,NA,2021-06-09,2021-06-11
Female,1581456,1442468,NA,2021-06-08,2021-06-10
Male,1361508,1224771,NA,2021-06-08,2021-06-10
Other,239,194,NA,2021-06-08,2021-06-10
Unknown/Missing,35190,28947,NA,2021-06-08,2021-06-10
Female,1578503,1434676,NA,2021-06-07,2021-06-09
Male,1358586,1216887,NA,2021-06-07,2021-06-09
Other,241,197,NA,2021-06-07,2021-06-09
Unknown/Missing,35159,28892,NA,2021-06-07,2021-06-09
Female,1575775,1429096,NA,2021-06-06,2021-06-08
Male,1355832,1211002,NA,2021-06-06,2021-06-08
Other,245,201,NA,2021-06-06,2021-06-08
Unknown/Missing,35112,28762,NA,2021-06-06,2021-06-08
Female,1574802,1426208,NA,2021-06-05,2021-06-07
Male,1354683,1208012,NA,2021-06-05,2021-06-07
Other,245,199,NA,2021-06-05,2021-06-07
Unknown/Missing,35083,28645,NA,2021-06-05,2021-06-07
Female,1571776,1419937,NA,2021-06-04,2021-06-06
Male,1351575,1201384,NA,2021-06-04,2021-06-06
Other,240,192,NA,2021-06-04,2021-06-06
Unknown/Missing,35037,28548,NA,2021-06-04,2021-06-06
Female,1568177,1412731,NA,2021-06-03,2021-06-05
Male,1347761,1193933,NA,2021-06-03,2021-06-05
Other,243,191,NA,2021-06-03,2021-06-05
Unknown/Missing,35116,28526,NA,2021-06-03,2021-06-05
Female,1563913,1406614,NA,2021-06-02,2021-06-04
Male,1343349,1187343,NA,2021-06-02,2021-06-04
Other,248,196,NA,2021-06-02,2021-06-04
Unknown/Missing,35116,28437,NA,2021-06-02,2021-06-04
Female,1560134,1401121,NA,2021-06-01,2021-06-03
Male,1339436,1181262,NA,2021-06-01,2021-06-03
Other,250,196,NA,2021-06-01,2021-06-03
Unknown/Missing,35135,28378,NA,2021-06-01,2021-06-03
Female,1558037,1396945,NA,2021-05-31,2021-06-02
Male,1337347,1176884,NA,2021-05-31,2021-06-02
Other,250,196,NA,2021-05-31,2021-06-02
Unknown/Missing,35133,28301,NA,2021-05-31,2021-06-02
Female,1555994,1394839,NA,2021-05-29,2021-06-01
Male,1334952,1174128,NA,2021-05-29,2021-06-01
Other,249,195,NA,2021-05-29,2021-06-01
Unknown/Missing,35107,28171,NA,2021-05-29,2021-06-01
Female,1553708,1392347,NA,2021-05-28,2021-05-30
Male,1332329,1171022,NA,2021-05-28,2021-05-30
Other,247,194,NA,2021-05-28,2021-05-30
Unknown/Missing,35108,28136,NA,2021-05-28,2021-05-30
Female,1548924,1386194,NA,2021-05-27,2021-05-29
Male,1327055,1164254,NA,2021-05-27,2021-05-29
Other,247,192,NA,2021-05-27,2021-05-29
Unknown/Missing,35149,27993,NA,2021-05-27,2021-05-29
Female,1543403,1378797,NA,2021-05-26,2021-05-28
Male,1321311,1155815,NA,2021-05-26,2021-05-28
Other,246,188,NA,2021-05-26,2021-05-28
Unknown/Missing,35150,27890,NA,2021-05-26,2021-05-28
Female,1536530,1369778,NA,2021-05-25,2021-05-27
Male,1313812,1145638,NA,2021-05-25,2021-05-27
Other,245,186,NA,2021-05-25,2021-05-27
Unknown/Missing,34912,27442,NA,2021-05-25,2021-05-27
Female,1529761,1361010,NA,2021-05-24,2021-05-26
Male,1306546,1135589,NA,2021-05-24,2021-05-26
Other,245,186,NA,2021-05-24,2021-05-26
Unknown/Missing,34992,27328,NA,2021-05-24,2021-05-26
Female,1526106,1355553,NA,2021-05-23,2021-05-25
Male,1302587,1129574,NA,2021-05-23,2021-05-25
Other,249,189,NA,2021-05-23,2021-05-25
Unknown/Missing,34912,27142,NA,2021-05-23,2021-05-25
Female,1523833,1353175,NA,2021-05-22,2021-05-24
Male,1300011,1126527,NA,2021-05-22,2021-05-24
Other,238,176,NA,2021-05-22,2021-05-24
Unknown/Missing,34937,27005,NA,2021-05-22,2021-05-24
Female,1518731,1346881,NA,2021-05-21,2021-05-23
Male,1294513,1118470,NA,2021-05-21,2021-05-23
Other,228,164,NA,2021-05-21,2021-05-23
Unknown/Missing,34852,26722,NA,2021-05-21,2021-05-23
Female,1510750,1336383,NA,2021-05-20,2021-05-22
Male,1285922,1106543,NA,2021-05-20,2021-05-22
Other,217,155,NA,2021-05-20,2021-05-22
Unknown/Missing,34903,26428,NA,2021-05-20,2021-05-22
Female,1496657,1321020,NA,2021-05-19,2021-05-21
Male,1271111,1088812,NA,2021-05-19,2021-05-21
Other,216,151,NA,2021-05-19,2021-05-21
Unknown/Missing,34916,26121,NA,2021-05-19,2021-05-21
Female,1485795,1309252,NA,2021-05-18,2021-05-20
Male,1260040,1075395,NA,2021-05-18,2021-05-20
Other,216,150,NA,2021-05-18,2021-05-20
Unknown/Missing,34615,25748,NA,2021-05-18,2021-05-20
Female,1470872,1289859,NA,2021-05-17,2021-05-19
Male,1244647,1054894,NA,2021-05-17,2021-05-19
Other,211,146,NA,2021-05-17,2021-05-19
Unknown/Missing,33653,24447,NA,2021-05-17,2021-05-19
Female,1465967,1280524,NA,2021-05-16,2021-05-18
Male,1239553,1044317,NA,2021-05-16,2021-05-18
Other,206,141,NA,2021-05-16,2021-05-18
Unknown/Missing,33697,24232,NA,2021-05-16,2021-05-18
Female,1462852,1276823,NA,2021-05-15,2021-05-17
Male,1236188,1039469,NA,2021-05-15,2021-05-17
Other,204,132,NA,2021-05-15,2021-05-17
Unknown/Missing,33575,24158,NA,2021-05-15,2021-05-17
Female,1457951,1270256,NA,2021-05-14,2021-05-16
Male,1231137,1031196,NA,2021-05-14,2021-05-16
Other,189,124,NA,2021-05-14,2021-05-16
Unknown/Missing,33667,23919,NA,2021-05-14,2021-05-16
Female,1450115,1255650,NA,2021-05-13,2021-05-15
Male,1222997,1014752,NA,2021-05-13,2021-05-15
Other,183,120,NA,2021-05-13,2021-05-15
Unknown/Missing,34119,23478,NA,2021-05-13,2021-05-15
Female,1443993,1239824,NA,2021-05-12,2021-05-14
Male,1216056,997123,NA,2021-05-12,2021-05-14
Other,181,117,NA,2021-05-12,2021-05-14
Unknown/Missing,34067,22955,NA,2021-05-12,2021-05-14
Female,1440061,1225554,NA,2021-05-11,2021-05-13
Male,1211466,980736,NA,2021-05-11,2021-05-13
Other,180,111,NA,2021-05-11,2021-05-13
Unknown/Missing,34072,22626,NA,2021-05-11,2021-05-13
Female,1436029,1211652,NA,2021-05-10,2021-05-12
Male,1206571,965319,NA,2021-05-10,2021-05-12
Other,182,111,NA,2021-05-10,2021-05-12
Unknown/Missing,34137,22462,NA,2021-05-10,2021-05-12
Female,1431975,1200844,NA,2021-05-09,2021-05-11
Male,1201872,953411,NA,2021-05-09,2021-05-11
Other,183,112,NA,2021-05-09,2021-05-11
Unknown/Missing,33740,22167,NA,2021-05-09,2021-05-11
Female,1429298,1195113,NA,2021-05-08,2021-05-10
Male,1198109,946731,NA,2021-05-08,2021-05-10
Other,182,107,NA,2021-05-08,2021-05-10
Unknown/Missing,33564,21913,NA,2021-05-08,2021-05-10
Female,1425356,1184660,NA,2021-05-07,2021-05-09
Male,1192802,934691,NA,2021-05-07,2021-05-09
Other,180,106,NA,2021-05-07,2021-05-09
Unknown/Missing,33409,21375,NA,2021-05-07,2021-05-09
Female,1420607,1168755,NA,2021-05-06,2021-05-08
Male,1187144,916948,NA,2021-05-06,2021-05-08
Other,181,103,NA,2021-05-06,2021-05-08
Unknown/Missing,33414,20680,NA,2021-05-06,2021-05-08
Female,1414418,1151233,NA,2021-05-05,2021-05-07
Male,1180245,898097,NA,2021-05-05,2021-05-07
Other,178,99,NA,2021-05-05,2021-05-07
Unknown/Missing,33384,20350,NA,2021-05-05,2021-05-07
Female,1407883,1134809,NA,2021-05-04,2021-05-06
Male,1172709,880355,NA,2021-05-04,2021-05-06
Other,176,99,NA,2021-05-04,2021-05-06
Unknown/Missing,33551,20062,NA,2021-05-04,2021-05-06
Female,1400733,1121270,NA,2021-05-03,2021-05-05
Male,1164406,866357,NA,2021-05-03,2021-05-05
Other,176,100,NA,2021-05-03,2021-05-05
Unknown/Missing,33556,19941,NA,2021-05-03,2021-05-05
Female,1396101,1113195,NA,2021-05-02,2021-05-04
Male,1159444,858639,NA,2021-05-02,2021-05-04
Other,179,103,NA,2021-05-02,2021-05-04
Unknown/Missing,33482,19878,NA,2021-05-02,2021-05-04
Female,1394413,1109783,NA,2021-05-01,2021-05-03
Male,1157289,855103,NA,2021-05-01,2021-05-03
Other,179,95,NA,2021-05-01,2021-05-03
Unknown/Missing,33172,19536,NA,2021-05-01,2021-05-03
Female,1389994,1104396,NA,2021-04-30,2021-05-02
Male,1151954,849219,NA,2021-04-30,2021-05-02
Other,171,95,NA,2021-04-30,2021-05-02
Unknown/Missing,32776,19178,NA,2021-04-30,2021-05-02
Female,1381381,1087326,NA,2021-04-29,2021-05-01
Male,1142477,832178,NA,2021-04-29,2021-05-01
Other,165,90,NA,2021-04-29,2021-05-01
Unknown/Missing,32492,18647,NA,2021-04-29,2021-05-01
Female,1370912,1065529,NA,2021-04-28,2021-04-30
Male,1130360,809665,NA,2021-04-28,2021-04-30
Other,162,88,NA,2021-04-28,2021-04-30
Unknown/Missing,32025,18234,NA,2021-04-28,2021-04-30
Female,1358846,1047781,NA,2021-04-27,2021-04-29
Male,1116753,791407,NA,2021-04-27,2021-04-29
Other,158,86,NA,2021-04-27,2021-04-29
Unknown/Missing,31624,17917,NA,2021-04-27,2021-04-29
Female,1349599,1035991,NA,2021-04-26,2021-04-28
Male,1106233,779779,NA,2021-04-26,2021-04-28
Other,156,84,NA,2021-04-26,2021-04-28
Unknown/Missing,31294,17865,NA,2021-04-26,2021-04-28
Female,1341198,1024725,NA,2021-04-25,2021-04-27
Male,1096321,768829,NA,2021-04-25,2021-04-27
Other,147,82,NA,2021-04-25,2021-04-27
Unknown/Missing,30740,17535,NA,2021-04-25,2021-04-27
Female,1337438,1022084,NA,2021-04-24,2021-04-26
Male,1091480,766248,NA,2021-04-24,2021-04-26
Other,142,78,NA,2021-04-24,2021-04-26
Unknown/Missing,30569,17371,NA,2021-04-24,2021-04-26
Female,1329491,1013539,NA,2021-04-23,2021-04-25
Male,1081869,757295,NA,2021-04-23,2021-04-25
Other,138,78,NA,2021-04-23,2021-04-25
Unknown/Missing,30123,17195,NA,2021-04-23,2021-04-25
Female,1313818,992659,NA,2021-04-22,2021-04-24
Male,1064118,736159,NA,2021-04-22,2021-04-24
Other,136,75,NA,2021-04-22,2021-04-24
Unknown/Missing,29222,16444,NA,2021-04-22,2021-04-24
Female,1299415,975950,NA,2021-04-21,2021-04-23
Male,1047997,719087,NA,2021-04-21,2021-04-23
Other,131,68,NA,2021-04-21,2021-04-23
Unknown/Missing,29157,16303,NA,2021-04-21,2021-04-23
Female,1286858,958287,NA,2021-04-20,2021-04-22
Male,1033624,700351,NA,2021-04-20,2021-04-22
Other,123,65,NA,2021-04-20,2021-04-22
Unknown/Missing,29177,16062,NA,2021-04-20,2021-04-22
Female,1274991,945219,NA,2021-04-19,2021-04-21
Male,1020134,687079,NA,2021-04-19,2021-04-21
Other,116,63,NA,2021-04-19,2021-04-21
Unknown/Missing,29000,15950,NA,2021-04-19,2021-04-21
Female,1266010,936832,NA,2021-04-18,2021-04-20
Male,1010221,678322,NA,2021-04-18,2021-04-20
Other,109,62,NA,2021-04-18,2021-04-20
Unknown/Missing,28635,15783,NA,2021-04-18,2021-04-20
Female,1260600,934278,NA,2021-04-17,2021-04-19
Male,1003969,675804,NA,2021-04-17,2021-04-19
Other,102,60,NA,2021-04-17,2021-04-19
Unknown/Missing,28085,15658,NA,2021-04-17,2021-04-19
Female,1252191,922231,NA,2021-04-16,2021-04-18
Male,994692,663258,NA,2021-04-16,2021-04-18
Other,94,59,NA,2021-04-16,2021-04-18
Unknown/Missing,27449,15339,NA,2021-04-16,2021-04-18
Female,1236263,903903,NA,2021-04-15,2021-04-17
Male,977740,644409,NA,2021-04-15,2021-04-17
Other,94,56,NA,2021-04-15,2021-04-17
Unknown/Missing,26903,14842,NA,2021-04-15,2021-04-17
Female,1216164,883222,NA,2021-04-14,2021-04-16
Male,956112,622371,NA,2021-04-14,2021-04-16
Other,93,54,NA,2021-04-14,2021-04-16
Unknown/Missing,26266,14393,NA,2021-04-14,2021-04-16
Female,1199050,867772,NA,2021-04-13,2021-04-15
Male,937786,605982,NA,2021-04-13,2021-04-15
Other,87,55,NA,2021-04-13,2021-04-15
Unknown/Missing,25742,14307,NA,2021-04-13,2021-04-15
Female,1184324,854107,NA,2021-04-12,2021-04-14
Male,922294,592848,NA,2021-04-12,2021-04-14
Other,85,50,NA,2021-04-12,2021-04-14
Unknown/Missing,25201,13801,NA,2021-04-12,2021-04-14
Female,1170671,841804,NA,2021-04-11,2021-04-13
Male,908048,580527,NA,2021-04-11,2021-04-13
Other,84,48,NA,2021-04-11,2021-04-13
Unknown/Missing,24056,12857,NA,2021-04-11,2021-04-13
Female,1162612,835076,NA,2021-04-10,2021-04-12
Male,898649,572918,NA,2021-04-10,2021-04-12
Other,81,43,NA,2021-04-10,2021-04-12
Unknown/Missing,23285,12291,NA,2021-04-10,2021-04-12
Female,1147330,819429,NA,2021-04-09,2021-04-11
Male,881216,555867,NA,2021-04-09,2021-04-11
Other,75,42,NA,2021-04-09,2021-04-11
Unknown/Missing,22267,11428,NA,2021-04-09,2021-04-11
Female,1120686,794292,NA,2021-04-08,2021-04-10
Male,852146,529102,NA,2021-04-08,2021-04-10
Other,74,41,NA,2021-04-08,2021-04-10
Unknown/Missing,21506,10563,NA,2021-04-08,2021-04-10
Female,1094606,770377,NA,2021-04-07,2021-04-09
Male,824514,505393,NA,2021-04-07,2021-04-09
Other,71,37,NA,2021-04-07,2021-04-09
Unknown/Missing,20890,10118,NA,2021-04-07,2021-04-09
Female,1075503,750683,NA,2021-04-06,2021-04-08
Male,804163,486359,NA,2021-04-06,2021-04-08
Other,67,36,NA,2021-04-06,2021-04-08
Unknown/Missing,20515,9967,NA,2021-04-06,2021-04-08
Female,1061593,735873,NA,2021-04-05,2021-04-07
Male,790080,472898,NA,2021-04-05,2021-04-07
Other,66,35,NA,2021-04-05,2021-04-07
Unknown/Missing,20128,9686,NA,2021-04-05,2021-04-07
Female,1046928,722637,NA,2021-04-04,2021-04-06
Male,775367,460677,NA,2021-04-04,2021-04-06
Other,64,30,NA,2021-04-04,2021-04-06
Unknown/Missing,19226,8707,NA,2021-04-04,2021-04-06
Female,1032112,708963,NA,2021-04-02,2021-04-05
Male,758570,447327,NA,2021-04-02,2021-04-05
Other,60,26,NA,2021-04-02,2021-04-05
Unknown/Missing,18207,7871,NA,2021-04-02,2021-04-05
Female,1013515,690558,NA,2021-04-01,2021-04-03
Male,739172,431743,NA,2021-04-01,2021-04-03
Other,57,26,NA,2021-04-01,2021-04-03
Unknown/Missing,17546,7536,NA,2021-04-01,2021-04-03
Female,989751,669016,NA,2021-03-31,2021-04-02
Male,713857,412085,NA,2021-03-31,2021-04-02
Other,55,25,NA,2021-03-31,2021-04-02
Unknown/Missing,17148,7206,NA,2021-03-31,2021-04-02
Female,970953,652552,NA,2021-03-30,2021-04-01
Male,694661,398141,NA,2021-03-30,2021-04-01
Other,53,25,NA,2021-03-30,2021-04-01
Unknown/Missing,16878,7130,NA,2021-03-30,2021-04-01
Female,958739,638061,NA,2021-03-29,2021-03-31
Male,682625,386846,NA,2021-03-29,2021-03-31
Other,50,21,NA,2021-03-29,2021-03-31
Unknown/Missing,16762,6821,NA,2021-03-29,2021-03-31
Female,948877,622329,NA,2021-03-28,2021-03-30
Male,672633,374823,NA,2021-03-28,2021-03-30
Other,45,20,NA,2021-03-28,2021-03-30
Unknown/Missing,16216,6144,NA,2021-03-28,2021-03-30
Female,934851,615689,NA,2021-03-27,2021-03-29
Male,658517,369335,NA,2021-03-27,2021-03-29
Other,45,19,NA,2021-03-27,2021-03-29
Unknown/Missing,15864,5811,NA,2021-03-27,2021-03-29
Female,925934,607020,NA,2021-03-26,2021-03-28
Male,649327,363295,NA,2021-03-26,2021-03-28
Other,41,19,NA,2021-03-26,2021-03-28
Unknown/Missing,15524,5727,NA,2021-03-26,2021-03-28
Female,909926,584194,NA,2021-03-25,2021-03-27
Male,632758,346815,NA,2021-03-25,2021-03-27
Other,40,17,NA,2021-03-25,2021-03-27
Unknown/Missing,14912,5196,NA,2021-03-25,2021-03-27
Female,887412,565437,NA,2021-03-24,2021-03-26
Male,608309,332689,NA,2021-03-24,2021-03-26
Other,41,17,NA,2021-03-24,2021-03-26
Unknown/Missing,14475,5045,NA,2021-03-24,2021-03-26
Female,871102,551513,NA,2021-03-23,2021-03-25
Male,589846,322037,NA,2021-03-23,2021-03-25
Other,38,15,NA,2021-03-23,2021-03-25
Unknown/Missing,14144,4904,NA,2021-03-23,2021-03-25
Female,861019,542486,NA,2021-03-22,2021-03-24
Male,579633,315643,NA,2021-03-22,2021-03-24
Other,36,14,NA,2021-03-22,2021-03-24
Unknown/Missing,14146,4812,NA,2021-03-22,2021-03-24
Female,852888,537822,NA,2021-03-21,2021-03-23
Male,571546,312226,NA,2021-03-21,2021-03-23
Other,37,12,NA,2021-03-21,2021-03-23
Unknown/Missing,13460,4767,NA,2021-03-21,2021-03-23
Female,849274,535625,NA,2021-03-20,2021-03-22
Male,567926,310539,NA,2021-03-20,2021-03-22
Other,37,12,NA,2021-03-20,2021-03-22
Unknown/Missing,13112,4653,NA,2021-03-20,2021-03-22
Female,838708,529138,NA,2021-03-19,2021-03-21
Male,557307,306211,NA,2021-03-19,2021-03-21
Other,36,12,NA,2021-03-19,2021-03-21
Unknown/Missing,12550,4499,NA,2021-03-19,2021-03-21
Female,821154,515392,NA,2021-03-18,2021-03-20
Male,538395,296462,NA,2021-03-18,2021-03-20
Other,34,12,NA,2021-03-18,2021-03-20
Unknown/Missing,11930,4423,NA,2021-03-18,2021-03-20
Female,804976,498992,NA,2021-03-17,2021-03-19
Male,521221,285088,NA,2021-03-17,2021-03-19
Other,32,12,NA,2021-03-17,2021-03-19
Unknown/Missing,11663,4403,NA,2021-03-17,2021-03-19
Female,787998,484534,NA,2021-03-16,2021-03-18
Male,503729,275508,NA,2021-03-16,2021-03-18
Other,31,12,NA,2021-03-16,2021-03-18
Unknown/Missing,11452,4221,NA,2021-03-16,2021-03-18
Female,778435,474185,NA,2021-03-15,2021-03-17
Male,494808,268443,NA,2021-03-15,2021-03-17
Other,30,12,NA,2021-03-15,2021-03-17
Unknown/Missing,11339,4189,NA,2021-03-15,2021-03-17
Female,768684,464418,NA,2021-03-14,2021-03-16
Male,485575,260759,NA,2021-03-14,2021-03-16
Other,30,12,NA,2021-03-14,2021-03-16
Unknown/Missing,11141,4105,NA,2021-03-14,2021-03-16
Female,766250,461788,NA,2021-03-13,2021-03-15
Male,483379,258802,NA,2021-03-13,2021-03-15
Other,30,12,NA,2021-03-13,2021-03-15
Unknown/Missing,11112,4090,NA,2021-03-13,2021-03-15
Female,755300,452114,NA,2021-03-12,2021-03-14
Male,473958,251722,NA,2021-03-12,2021-03-14
Other,28,12,NA,2021-03-12,2021-03-14
Unknown/Missing,10854,3928,NA,2021-03-12,2021-03-14
Female,737406,437788,NA,2021-03-11,2021-03-13
Male,457928,241577,NA,2021-03-11,2021-03-13
Other,26,11,NA,2021-03-11,2021-03-13
Unknown/Missing,9982,3658,NA,2021-03-11,2021-03-13
Female,715418,424277,NA,2021-03-10,2021-03-12
Male,438293,232136,NA,2021-03-10,2021-03-12
Other,25,11,NA,2021-03-10,2021-03-12
Unknown/Missing,9747,3595,NA,2021-03-10,2021-03-12
Female,697533,414110,NA,2021-03-09,2021-03-11
Male,422769,225021,NA,2021-03-09,2021-03-11
Other,27,13,NA,2021-03-09,2021-03-11
Unknown/Missing,9638,3557,NA,2021-03-09,2021-03-11
Female,682455,396857,NA,2021-03-08,2021-03-10
Male,411286,215066,NA,2021-03-08,2021-03-10
Other,28,12,NA,2021-03-08,2021-03-10
Unknown/Missing,9584,3497,NA,2021-03-08,2021-03-10
Female,673336,389581,NA,2021-03-07,2021-03-09
Male,404304,209571,NA,2021-03-07,2021-03-09
Other,28,12,NA,2021-03-07,2021-03-09
Unknown/Missing,9268,3459,NA,2021-03-07,2021-03-09
Female,665419,383157,NA,2021-03-06,2021-03-08
Male,397717,205673,NA,2021-03-06,2021-03-08
Other,25,12,NA,2021-03-06,2021-03-08
Unknown/Missing,9099,3292,NA,2021-03-06,2021-03-08
Female,651045,369429,NA,2021-03-05,2021-03-07
Male,386292,197653,NA,2021-03-05,2021-03-07
Other,24,12,NA,2021-03-05,2021-03-07
Unknown/Missing,8716,2944,NA,2021-03-05,2021-03-07
Female,634321,353416,NA,2021-03-04,2021-03-06
Male,373675,187487,NA,2021-03-04,2021-03-06
Other,24,12,NA,2021-03-04,2021-03-06
Unknown/Missing,8254,2781,NA,2021-03-04,2021-03-06
Female,611847,336957,NA,2021-03-03,2021-03-05
Male,355876,176787,NA,2021-03-03,2021-03-05
Other,24,11,NA,2021-03-03,2021-03-05
Unknown/Missing,8034,2667,NA,2021-03-03,2021-03-05
Female,596314,327235,NA,2021-03-02,2021-03-04
Male,343879,170336,NA,2021-03-02,2021-03-04
Other,24,10,NA,2021-03-02,2021-03-04
Unknown/Missing,7910,2607,NA,2021-03-02,2021-03-04
Female,585337,317814,NA,2021-03-01,2021-03-03
Male,335792,164049,NA,2021-03-01,2021-03-03
Other,21,9,NA,2021-03-01,2021-03-03
Unknown/Missing,7813,2511,NA,2021-03-01,2021-03-03
Female,573267,310725,NA,2021-02-28,2021-03-02
Male,327929,159577,NA,2021-02-28,2021-03-02
Other,20,9,NA,2021-02-28,2021-03-02
Unknown/Missing,7374,2478,NA,2021-02-28,2021-03-02
Female,569412,306588,NA,2021-02-27,2021-03-01
Male,325501,158246,NA,2021-02-27,2021-03-01
Other,20,9,NA,2021-02-27,2021-03-01
Unknown/Missing,7309,2457,NA,2021-02-27,2021-03-01
Female,555150,296117,NA,2021-02-26,2021-02-28
Male,316176,154016,NA,2021-02-26,2021-02-28
Other,20,9,NA,2021-02-26,2021-02-28
Unknown/Missing,7000,2420,NA,2021-02-26,2021-02-28
Female,530412,282758,NA,2021-02-25,2021-02-27
Male,299814,145763,NA,2021-02-25,2021-02-27
Other,20,9,NA,2021-02-25,2021-02-27
Unknown/Missing,6489,2289,NA,2021-02-25,2021-02-27
Female,511509,266993,NA,2021-02-24,2021-02-26
Male,286791,136759,NA,2021-02-24,2021-02-26
Other,20,7,NA,2021-02-24,2021-02-26
Unknown/Missing,6396,2233,NA,2021-02-24,2021-02-26
Female,498668,254729,NA,2021-02-23,2021-02-25
Male,278180,129346,NA,2021-02-23,2021-02-25
Other,19,7,NA,2021-02-23,2021-02-25
Unknown/Missing,6347,2174,NA,2021-02-23,2021-02-25
Female,490790,245436,NA,2021-02-22,2021-02-24
Male,272869,123407,NA,2021-02-22,2021-02-24
Other,20,8,NA,2021-02-22,2021-02-24
Unknown/Missing,6342,2130,NA,2021-02-22,2021-02-24
Female,486215,240350,NA,2021-02-21,2021-02-23
Male,269583,119697,NA,2021-02-21,2021-02-23
Other,20,8,NA,2021-02-21,2021-02-23
Unknown/Missing,6271,2101,NA,2021-02-21,2021-02-23
Female,484729,236963,NA,2021-02-20,2021-02-22
Male,268766,117857,NA,2021-02-20,2021-02-22
Other,19,8,NA,2021-02-20,2021-02-22
Unknown/Missing,6233,2083,NA,2021-02-20,2021-02-22
Female,481612,227301,NA,2021-02-19,2021-02-21
Male,266831,111968,NA,2021-02-19,2021-02-21
Other,18,8,NA,2021-02-19,2021-02-21
Unknown/Missing,6141,2055,NA,2021-02-19,2021-02-21
Female,474693,210730,NA,2021-02-18,2021-02-20
Male,262030,102632,NA,2021-02-18,2021-02-20
Other,19,7,NA,2021-02-18,2021-02-20
Unknown/Missing,6018,1915,NA,2021-02-18,2021-02-20
Female,465906,192790,NA,2021-02-17,2021-02-19
Male,256216,91900,NA,2021-02-17,2021-02-19
Other,19,7,NA,2021-02-17,2021-02-19
Unknown/Missing,5940,1846,NA,2021-02-17,2021-02-19
Female,455343,178540,NA,2021-02-16,2021-02-18
Male,249085,83778,NA,2021-02-16,2021-02-18
Other,19,6,NA,2021-02-16,2021-02-18
Unknown/Missing,5858,1798,NA,2021-02-16,2021-02-18
Female,446500,167245,NA,2021-02-15,2021-02-17
Male,243351,77441,NA,2021-02-15,2021-02-17
Other,19,5,NA,2021-02-15,2021-02-17
Unknown/Missing,5759,1740,NA,2021-02-15,2021-02-17
Female,441212,163409,NA,2021-02-14,2021-02-16
Male,239327,74939,NA,2021-02-14,2021-02-16
Other,19,5,NA,2021-02-14,2021-02-16
Unknown/Missing,5652,1674,NA,2021-02-14,2021-02-16
Female,434391,162246,NA,2021-02-13,2021-02-15
Male,235518,74184,NA,2021-02-13,2021-02-15
Other,19,5,NA,2021-02-13,2021-02-15
Unknown/Missing,5401,1669,NA,2021-02-13,2021-02-15
Female,426234,155024,NA,2021-02-12,2021-02-14
Male,229623,70881,NA,2021-02-12,2021-02-14
Other,19,5,NA,2021-02-12,2021-02-14
Unknown/Missing,5311,1641,NA,2021-02-12,2021-02-14
Female,414857,142885,NA,2021-02-11,2021-02-13
Male,221882,64535,NA,2021-02-11,2021-02-13
Other,17,5,NA,2021-02-11,2021-02-13
Unknown/Missing,5088,1585,NA,2021-02-11,2021-02-13
Female,400336,130262,NA,2021-02-10,2021-02-12
Male,212676,58091,NA,2021-02-10,2021-02-12
Other,17,5,NA,2021-02-10,2021-02-12
Unknown/Missing,4867,1544,NA,2021-02-10,2021-02-12
Female,389095,121833,NA,2021-02-09,2021-02-11
Male,205304,53902,NA,2021-02-09,2021-02-11
Other,17,5,NA,2021-02-09,2021-02-11
Unknown/Missing,4802,1499,NA,2021-02-09,2021-02-11
Female,380083,116005,NA,2021-02-08,2021-02-10
Male,198824,51011,NA,2021-02-08,2021-02-10
Other,16,5,NA,2021-02-08,2021-02-10
Unknown/Missing,4679,1474,NA,2021-02-08,2021-02-10
Female,371003,111851,NA,2021-02-07,2021-02-09
Male,193714,48812,NA,2021-02-07,2021-02-09
Other,15,5,NA,2021-02-07,2021-02-09
Unknown/Missing,4432,1464,NA,2021-02-07,2021-02-09
Female,362892,NA,NA,2021-02-06,2021-02-08
Male,189357,NA,NA,2021-02-06,2021-02-08
Other,15,NA,NA,2021-02-06,2021-02-08
Unknown/Missing,4218,NA,NA,2021-02-06,2021-02-08
Female,361333,NA,NA,2021-02-05,2021-02-07
Male,188540,NA,NA,2021-02-05,2021-02-07
Other,15,NA,NA,2021-02-05,2021-02-07
Unknown/Missing,4214,NA,NA,2021-02-05,2021-02-07
Female,343869,NA,NA,2021-02-04,2021-02-06
Male,177488,NA,NA,2021-02-04,2021-02-06
Other,15,NA,NA,2021-02-04,2021-02-06
Unknown/Missing,3864,NA,NA,2021-02-04,2021-02-06
Female,327486,NA,NA,2021-02-03,2021-02-05
Male,166616,NA,NA,2021-02-03,2021-02-05
Other,15,NA,NA,2021-02-03,2021-02-05
Unknown/Missing,3726,NA,NA,2021-02-03,2021-02-05
Female,313619,NA,NA,2021-02-02,2021-02-04
Male,157990,NA,NA,2021-02-02,2021-02-04
Other,14,NA,NA,2021-02-02,2021-02-04
Unknown/Missing,3577,NA,NA,2021-02-02,2021-02-04
Female,303307,NA,NA,2021-02-01,2021-02-03
Male,151822,NA,NA,2021-02-01,2021-02-03
Other,14,NA,NA,2021-02-01,2021-02-03
Unknown/Missing,3508,NA,NA,2021-02-01,2021-02-03
Female,296512,NA,NA,2021-01-31,2021-02-02
Male,147673,NA,NA,2021-01-31,2021-02-02
Other,12,NA,NA,2021-01-31,2021-02-02
Unknown/Missing,3413,NA,NA,2021-01-31,2021-02-02
Female,292218,NA,NA,2021-01-30,2021-02-01
Male,146285,NA,NA,2021-01-30,2021-02-01
Other,12,NA,NA,2021-01-30,2021-02-01
Unknown/Missing,3407,NA,NA,2021-01-30,2021-02-01
Female,277600,NA,NA,2021-01-29,2021-01-31
Male,137589,NA,NA,2021-01-29,2021-01-31
Other,11,NA,NA,2021-01-29,2021-01-31
Unknown/Missing,3099,NA,NA,2021-01-29,2021-01-31
Female,253296,NA,NA,2021-01-28,2021-01-30
Male,124836,NA,NA,2021-01-28,2021-01-30
Other,11,NA,NA,2021-01-28,2021-01-30
Unknown/Missing,3061,NA,NA,2021-01-28,2021-01-30
Female,230847,NA,NA,2021-01-27,2021-01-29
Male,111885,NA,NA,2021-01-27,2021-01-29
Other,6,NA,NA,2021-01-27,2021-01-29
Unknown/Missing,2898,NA,NA,2021-01-27,2021-01-29
Female,215080,NA,NA,2021-01-26,2021-01-28
Male,102465,NA,NA,2021-01-26,2021-01-28
Other,6,NA,NA,2021-01-26,2021-01-28
Unknown/Missing,2796,NA,NA,2021-01-26,2021-01-28
Female,203038,NA,NA,2021-01-25,2021-01-27
Male,95679,NA,NA,2021-01-25,2021-01-27
Other,5,NA,NA,2021-01-25,2021-01-27
Unknown/Missing,2568,NA,NA,2021-01-25,2021-01-27
Female,192670,NA,NA,2021-01-24,2021-01-26
Male,89330,NA,NA,2021-01-24,2021-01-26
Other,5,NA,NA,2021-01-24,2021-01-26
Unknown/Missing,2436,NA,NA,2021-01-24,2021-01-26
Female,181445,NA,NA,2021-01-22,2021-01-25
Male,83207,NA,NA,2021-01-22,2021-01-25
Other,5,NA,NA,2021-01-22,2021-01-25
Unknown/Missing,2328,NA,NA,2021-01-22,2021-01-25
Female,168397,NA,NA,2021-01-21,2021-01-24
Male,76722,NA,NA,2021-01-21,2021-01-24
Other,5,NA,NA,2021-01-21,2021-01-24
Unknown/Missing,2291,NA,NA,2021-01-21,2021-01-24
Female,156218,NA,NA,2021-01-20,2021-01-23
Male,70742,NA,NA,2021-01-20,2021-01-23
Other,5,NA,NA,2021-01-20,2021-01-23
Unknown/Missing,2198,NA,NA,2021-01-20,2021-01-23
Female,145857,NA,NA,2021-01-19,2021-01-22
Male,66075,NA,NA,2021-01-19,2021-01-22
Other,5,NA,NA,2021-01-19,2021-01-22
Unknown/Missing,2113,NA,NA,2021-01-19,2021-01-22
Female,138853,NA,NA,2021-01-18,2021-01-21
Male,62982,NA,NA,2021-01-18,2021-01-21
Other,5,NA,NA,2021-01-18,2021-01-21
Unknown/Missing,1999,NA,NA,2021-01-18,2021-01-21
Female,136955,NA,NA,2021-01-17,2021-01-20
Male,61881,NA,NA,2021-01-17,2021-01-20
Other,5,NA,NA,2021-01-17,2021-01-20
Unknown/Missing,1999,NA,NA,2021-01-17,2021-01-20
Female,136509,NA,NA,2021-01-16,2021-01-19
Male,61616,NA,NA,2021-01-16,2021-01-19
Other,5,NA,NA,2021-01-16,2021-01-19
Unknown/Missing,2000,NA,NA,2021-01-16,2021-01-19
Female,132586,NA,NA,2021-01-15,2021-01-18
Male,59899,NA,NA,2021-01-15,2021-01-18
Other,5,NA,NA,2021-01-15,2021-01-18
Unknown/Missing,1972,NA,NA,2021-01-15,2021-01-18
Female,126026,NA,NA,2021-01-14,2021-01-17
Male,56965,NA,NA,2021-01-14,2021-01-17
Other,5,NA,NA,2021-01-14,2021-01-17
Unknown/Missing,1947,NA,NA,2021-01-14,2021-01-17
Female,118686,NA,NA,2021-01-13,2021-01-16
Male,53515,NA,NA,2021-01-13,2021-01-16
Other,5,NA,NA,2021-01-13,2021-01-16
Unknown/Missing,1904,NA,NA,2021-01-13,2021-01-16
Female,110560,NA,NA,2021-01-12,2021-01-15
Male,49800,NA,NA,2021-01-12,2021-01-15
Other,4,NA,NA,2021-01-12,2021-01-15
Unknown/Missing,1676,NA,NA,2021-01-12,2021-01-15
Female,104869,NA,NA,NA,2021-01-14
Male,46856,NA,NA,NA,2021-01-14
Other,4,NA,NA,NA,2021-01-14
Unknown/Missing,1603,NA,NA,NA,2021-01-14
Female,100561,NA,NA,NA,2021-01-13
Male,44793,NA,NA,NA,2021-01-13
Other,4,NA,NA,NA,2021-01-13
Unknown/Missing,1543,NA,NA,NA,2021-01-13
Female,98878,NA,NA,NA,2021-01-12
Male,44078,NA,NA,NA,2021-01-12
Other,4,NA,NA,NA,2021-01-12
Unknown/Missing,1543,NA,NA,NA,2021-01-12
