age,doses,filed_date,report_date
12-15,436102,2022-06-16,2022-06-21
16-17,235227,2022-06-16,2022-06-21
18-49,3987170,2022-06-16,2022-06-21
5-11,425168,2022-06-16,2022-06-21
50-64,2427807,2022-06-16,2022-06-21
65+,2639719,2022-06-16,2022-06-21
Unknown/missing,741,2022-06-16,2022-06-21
12-15,435841,2022-06-15,2022-06-17
16-17,235137,2022-06-15,2022-06-17
18-49,3986114,2022-06-15,2022-06-17
5-11,424433,2022-06-15,2022-06-17
50-64,2426048,2022-06-15,2022-06-17
65+,2636706,2022-06-15,2022-06-17
Unknown/missing,742,2022-06-15,2022-06-17
12-15,435594,2022-06-14,2022-06-16
16-17,235050,2022-06-14,2022-06-16
18-49,3984989,2022-06-14,2022-06-16
5-11,423741,2022-06-14,2022-06-16
50-64,2424103,2022-06-14,2022-06-16
65+,2633626,2022-06-14,2022-06-16
Unknown/missing,738,2022-06-14,2022-06-16
12-15,435329,2022-06-13,2022-06-15
16-17,234948,2022-06-13,2022-06-15
18-49,3983850,2022-06-13,2022-06-15
5-11,423000,2022-06-13,2022-06-15
50-64,2422223,2022-06-13,2022-06-15
65+,2630518,2022-06-13,2022-06-15
Unknown/missing,735,2022-06-13,2022-06-15
12-15,435081,2022-06-12,2022-06-14
16-17,234838,2022-06-12,2022-06-14
18-49,3982990,2022-06-12,2022-06-14
5-11,422196,2022-06-12,2022-06-14
50-64,2420646,2022-06-12,2022-06-14
65+,2628131,2022-06-12,2022-06-14
Unknown/missing,734,2022-06-12,2022-06-14
12-15,434737,2022-06-09,2022-06-13
16-17,234692,2022-06-09,2022-06-13
18-49,3981529,2022-06-09,2022-06-13
5-11,420896,2022-06-09,2022-06-13
50-64,2417917,2022-06-09,2022-06-13
65+,2625627,2022-06-09,2022-06-13
Unknown/missing,732,2022-06-09,2022-06-13
12-15,434532,2022-06-08,2022-06-10
16-17,234602,2022-06-08,2022-06-10
18-49,3980577,2022-06-08,2022-06-10
5-11,420270,2022-06-08,2022-06-10
50-64,2416007,2022-06-08,2022-06-10
65+,2622305,2022-06-08,2022-06-10
Unknown/missing,729,2022-06-08,2022-06-10
12-15,434115,2022-06-06,2022-06-08
16-17,234380,2022-06-06,2022-06-08
18-49,3978259,2022-06-06,2022-06-08
5-11,418883,2022-06-06,2022-06-08
50-64,2411525,2022-06-06,2022-06-08
65+,2614410,2022-06-06,2022-06-08
Unknown/missing,725,2022-06-06,2022-06-08
12-15,433540,2022-06-02,2022-06-07
16-17,234121,2022-06-02,2022-06-07
18-49,3975538,2022-06-02,2022-06-07
5-11,416532,2022-06-02,2022-06-07
50-64,2406066,2022-06-02,2022-06-07
65+,2607465,2022-06-02,2022-06-07
Unknown/missing,716,2022-06-02,2022-06-07
12-15,433540,2022-06-02,2022-06-06
16-17,234121,2022-06-02,2022-06-06
18-49,3975538,2022-06-02,2022-06-06
5-11,416532,2022-06-02,2022-06-06
50-64,2406066,2022-06-02,2022-06-06
65+,2607465,2022-06-02,2022-06-06
Unknown/missing,716,2022-06-02,2022-06-06
12-15,433349,2022-06-01,2022-06-03
16-17,234032,2022-06-01,2022-06-03
18-49,3974361,2022-06-01,2022-06-03
5-11,415686,2022-06-01,2022-06-03
50-64,2403696,2022-06-01,2022-06-03
65+,2603046,2022-06-01,2022-06-03
Unknown/missing,714,2022-06-01,2022-06-03
12-15,433152,2022-05-31,2022-06-02
16-17,233933,2022-05-31,2022-06-02
18-49,3973108,2022-05-31,2022-06-02
5-11,415061,2022-05-31,2022-06-02
50-64,2401177,2022-05-31,2022-06-02
65+,2598316,2022-05-31,2022-06-02
Unknown/missing,715,2022-05-31,2022-06-02
12-15,432953,2022-05-30,2022-06-01
16-17,233858,2022-05-30,2022-06-01
18-49,3972241,2022-05-30,2022-06-01
5-11,414543,2022-05-30,2022-06-01
50-64,2399401,2022-05-30,2022-06-01
65+,2595191,2022-05-30,2022-06-01
Unknown/missing,715,2022-05-30,2022-06-01
12-15,432433,2022-05-26,2022-05-31
16-17,233692,2022-05-26,2022-05-31
18-49,3970126,2022-05-26,2022-05-31
5-11,412684,2022-05-26,2022-05-31
50-64,2394304,2022-05-26,2022-05-31
65+,2589164,2022-05-26,2022-05-31
Unknown/missing,713,2022-05-26,2022-05-31
12-15,432225,2022-05-25,2022-05-27
16-17,233597,2022-05-25,2022-05-27
18-49,3968854,2022-05-25,2022-05-27
5-11,411983,2022-05-25,2022-05-27
50-64,2391414,2022-05-25,2022-05-27
65+,2584016,2022-05-25,2022-05-27
Unknown/missing,711,2022-05-25,2022-05-27
12-15,432015,2022-05-24,2022-05-26
16-17,233497,2022-05-24,2022-05-26
18-49,3967304,2022-05-24,2022-05-26
5-11,411304,2022-05-24,2022-05-26
50-64,2387812,2022-05-24,2022-05-26
65+,2577420,2022-05-24,2022-05-26
Unknown/missing,706,2022-05-24,2022-05-26
12-15,431797,2022-05-23,2022-05-25
16-17,233367,2022-05-23,2022-05-25
18-49,3965887,2022-05-23,2022-05-25
5-11,410735,2022-05-23,2022-05-25
50-64,2384379,2022-05-23,2022-05-25
65+,2570731,2022-05-23,2022-05-25
Unknown/missing,703,2022-05-23,2022-05-25
12-15,431573,2022-05-22,2022-05-24
16-17,233274,2022-05-22,2022-05-24
18-49,3964521,2022-05-22,2022-05-24
5-11,410148,2022-05-22,2022-05-24
50-64,2381559,2022-05-22,2022-05-24
65+,2566088,2022-05-22,2022-05-24
Unknown/missing,700,2022-05-22,2022-05-24
12-15,431173,2022-05-19,2022-05-23
16-17,233118,2022-05-19,2022-05-23
18-49,3962099,2022-05-19,2022-05-23
5-11,409053,2022-05-19,2022-05-23
50-64,2376179,2022-05-19,2022-05-23
65+,2558906,2022-05-19,2022-05-23
Unknown/missing,692,2022-05-19,2022-05-23
12-15,430987,2022-05-18,2022-05-20
16-17,233011,2022-05-18,2022-05-20
18-49,3960515,2022-05-18,2022-05-20
5-11,408803,2022-05-18,2022-05-20
50-64,2373089,2022-05-18,2022-05-20
65+,2552215,2022-05-18,2022-05-20
Unknown/missing,685,2022-05-18,2022-05-20
12-15,430794,2022-05-17,2022-05-19
16-17,232902,2022-05-17,2022-05-19
18-49,3959182,2022-05-17,2022-05-19
5-11,408586,2022-05-17,2022-05-19
50-64,2370204,2022-05-17,2022-05-19
65+,2546309,2022-05-17,2022-05-19
Unknown/missing,679,2022-05-17,2022-05-19
12-15,430654,2022-05-16,2022-05-18
16-17,232822,2022-05-16,2022-05-18
18-49,3958013,2022-05-16,2022-05-18
5-11,408431,2022-05-16,2022-05-18
50-64,2367600,2022-05-16,2022-05-18
65+,2540750,2022-05-16,2022-05-18
Unknown/missing,675,2022-05-16,2022-05-18
12-15,430505,2022-05-15,2022-05-17
16-17,232741,2022-05-15,2022-05-17
18-49,3957036,2022-05-15,2022-05-17
5-11,408224,2022-05-15,2022-05-17
50-64,2365397,2022-05-15,2022-05-17
65+,2536576,2022-05-15,2022-05-17
Unknown/missing,671,2022-05-15,2022-05-17
12-15,430203,2022-05-12,2022-05-16
16-17,232602,2022-05-12,2022-05-16
18-49,3955208,2022-05-12,2022-05-16
5-11,407858,2022-05-12,2022-05-16
50-64,2360873,2022-05-12,2022-05-16
65+,2530416,2022-05-12,2022-05-16
Unknown/missing,664,2022-05-12,2022-05-16
12-15,430040,2022-05-11,2022-05-13
16-17,232505,2022-05-11,2022-05-13
18-49,3954005,2022-05-11,2022-05-13
5-11,407660,2022-05-11,2022-05-13
50-64,2358126,2022-05-11,2022-05-13
65+,2523808,2022-05-11,2022-05-13
Unknown/missing,663,2022-05-11,2022-05-13
12-15,429852,2022-05-10,2022-05-12
16-17,232415,2022-05-10,2022-05-12
18-49,3952662,2022-05-10,2022-05-12
5-11,407472,2022-05-10,2022-05-12
50-64,2355231,2022-05-10,2022-05-12
65+,2517415,2022-05-10,2022-05-12
Unknown/missing,661,2022-05-10,2022-05-12
12-15,429676,2022-05-09,2022-05-11
16-17,232351,2022-05-09,2022-05-11
18-49,3951442,2022-05-09,2022-05-11
5-11,407250,2022-05-09,2022-05-11
50-64,2352347,2022-05-09,2022-05-11
65+,2510763,2022-05-09,2022-05-11
Unknown/missing,659,2022-05-09,2022-05-11
12-15,429506,2022-05-08,2022-05-10
16-17,232278,2022-05-08,2022-05-10
18-49,3950494,2022-05-08,2022-05-10
5-11,407070,2022-05-08,2022-05-10
50-64,2350104,2022-05-08,2022-05-10
65+,2506121,2022-05-08,2022-05-10
Unknown/missing,657,2022-05-08,2022-05-10
12-15,429163,2022-05-05,2022-05-09
16-17,232146,2022-05-05,2022-05-09
18-49,3948578,2022-05-05,2022-05-09
5-11,406678,2022-05-05,2022-05-09
50-64,2345295,2022-05-05,2022-05-09
65+,2498808,2022-05-05,2022-05-09
Unknown/missing,654,2022-05-05,2022-05-09
12-15,429020,2022-05-04,2022-05-06
16-17,232084,2022-05-04,2022-05-06
18-49,3947292,2022-05-04,2022-05-06
5-11,406457,2022-05-04,2022-05-06
50-64,2342399,2022-05-04,2022-05-06
65+,2491819,2022-05-04,2022-05-06
Unknown/missing,648,2022-05-04,2022-05-06
12-15,428820,2022-05-03,2022-05-05
16-17,232007,2022-05-03,2022-05-05
18-49,3945951,2022-05-03,2022-05-05
5-11,406235,2022-05-03,2022-05-05
50-64,2339415,2022-05-03,2022-05-05
65+,2485303,2022-05-03,2022-05-05
Unknown/missing,647,2022-05-03,2022-05-05
12-15,428668,2022-05-02,2022-05-04
16-17,231932,2022-05-02,2022-05-04
18-49,3944894,2022-05-02,2022-05-04
5-11,406065,2022-05-02,2022-05-04
50-64,2336878,2022-05-02,2022-05-04
65+,2478684,2022-05-02,2022-05-04
Unknown/missing,646,2022-05-02,2022-05-04
12-15,428498,2022-05-01,2022-05-03
16-17,231870,2022-05-01,2022-05-03
18-49,3943949,2022-05-01,2022-05-03
5-11,405847,2022-05-01,2022-05-03
50-64,2334547,2022-05-01,2022-05-03
65+,2473683,2022-05-01,2022-05-03
Unknown/missing,645,2022-05-01,2022-05-03
12-15,428165,2022-04-28,2022-05-02
16-17,231725,2022-04-28,2022-05-02
18-49,3942054,2022-04-28,2022-05-02
5-11,405424,2022-04-28,2022-05-02
50-64,2329517,2022-04-28,2022-05-02
65+,2464444,2022-04-28,2022-05-02
Unknown/missing,639,2022-04-28,2022-05-02
12-15,428022,2022-04-27,2022-04-29
16-17,231641,2022-04-27,2022-04-29
18-49,3940947,2022-04-27,2022-04-29
5-11,405192,2022-04-27,2022-04-29
50-64,2327044,2022-04-27,2022-04-29
65+,2458123,2022-04-27,2022-04-29
Unknown/missing,638,2022-04-27,2022-04-29
12-15,427852,2022-04-26,2022-04-28
16-17,231530,2022-04-26,2022-04-28
18-49,3939549,2022-04-26,2022-04-28
5-11,404976,2022-04-26,2022-04-28
50-64,2324047,2022-04-26,2022-04-28
65+,2450769,2022-04-26,2022-04-28
Unknown/missing,637,2022-04-26,2022-04-28
12-15,427688,2022-04-25,2022-04-27
16-17,231468,2022-04-25,2022-04-27
18-49,3938359,2022-04-25,2022-04-27
5-11,404718,2022-04-25,2022-04-27
50-64,2321327,2022-04-25,2022-04-27
65+,2443964,2022-04-25,2022-04-27
Unknown/missing,636,2022-04-25,2022-04-27
12-15,427531,2022-04-24,2022-04-26
16-17,231401,2022-04-24,2022-04-26
18-49,3937380,2022-04-24,2022-04-26
5-11,404519,2022-04-24,2022-04-26
50-64,2319195,2022-04-24,2022-04-26
65+,2438884,2022-04-24,2022-04-26
Unknown/missing,638,2022-04-24,2022-04-26
12-15,427241,2022-04-21,2022-04-25
16-17,231277,2022-04-21,2022-04-25
18-49,3935458,2022-04-21,2022-04-25
5-11,404134,2022-04-21,2022-04-25
50-64,2313928,2022-04-21,2022-04-25
65+,2428912,2022-04-21,2022-04-25
Unknown/missing,634,2022-04-21,2022-04-25
12-15,427069,2022-04-20,2022-04-22
16-17,231212,2022-04-20,2022-04-22
18-49,3934276,2022-04-20,2022-04-22
5-11,403884,2022-04-20,2022-04-22
50-64,2310811,2022-04-20,2022-04-22
65+,2420186,2022-04-20,2022-04-22
Unknown/missing,630,2022-04-20,2022-04-22
12-15,426878,2022-04-19,2022-04-21
16-17,231123,2022-04-19,2022-04-21
18-49,3932908,2022-04-19,2022-04-21
5-11,403665,2022-04-19,2022-04-21
50-64,2307687,2022-04-19,2022-04-21
65+,2411294,2022-04-19,2022-04-21
Unknown/missing,632,2022-04-19,2022-04-21
12-15,426715,2022-04-18,2022-04-20
16-17,231020,2022-04-18,2022-04-20
18-49,3931619,2022-04-18,2022-04-20
5-11,403441,2022-04-18,2022-04-20
50-64,2304482,2022-04-18,2022-04-20
65+,2401920,2022-04-18,2022-04-20
Unknown/missing,631,2022-04-18,2022-04-20
12-15,426563,2022-04-17,2022-04-19
16-17,230949,2022-04-17,2022-04-19
18-49,3930699,2022-04-17,2022-04-19
5-11,403162,2022-04-17,2022-04-19
50-64,2302307,2022-04-17,2022-04-19
65+,2396817,2022-04-17,2022-04-19
Unknown/missing,625,2022-04-17,2022-04-19
12-15,426197,2022-04-14,2022-04-18
16-17,230759,2022-04-14,2022-04-18
18-49,3928713,2022-04-14,2022-04-18
5-11,402728,2022-04-14,2022-04-18
50-64,2296611,2022-04-14,2022-04-18
65+,2386860,2022-04-14,2022-04-18
Unknown/missing,622,2022-04-14,2022-04-18
12-15,426197,2022-04-14,2022-04-16
16-17,230759,2022-04-14,2022-04-16
18-49,3928713,2022-04-14,2022-04-16
5-11,402728,2022-04-14,2022-04-16
50-64,2296611,2022-04-14,2022-04-16
65+,2386860,2022-04-14,2022-04-16
Unknown/missing,622,2022-04-14,2022-04-16
12-15,426024,2022-04-13,2022-04-15
16-17,230697,2022-04-13,2022-04-15
18-49,3927399,2022-04-13,2022-04-15
5-11,402489,2022-04-13,2022-04-15
50-64,2293717,2022-04-13,2022-04-15
65+,2378637,2022-04-13,2022-04-15
Unknown/missing,619,2022-04-13,2022-04-15
12-15,425842,2022-04-12,2022-04-14
16-17,230587,2022-04-12,2022-04-14
18-49,3925792,2022-04-12,2022-04-14
5-11,402264,2022-04-12,2022-04-14
50-64,2290345,2022-04-12,2022-04-14
65+,2368835,2022-04-12,2022-04-14
Unknown/missing,623,2022-04-12,2022-04-14
12-15,425705,2022-04-11,2022-04-13
16-17,230536,2022-04-11,2022-04-13
18-49,3924613,2022-04-11,2022-04-13
5-11,401944,2022-04-11,2022-04-13
50-64,2287316,2022-04-11,2022-04-13
65+,2358733,2022-04-11,2022-04-13
Unknown/missing,623,2022-04-11,2022-04-13
12-15,425535,2022-04-10,2022-04-12
16-17,230459,2022-04-10,2022-04-12
18-49,3923527,2022-04-10,2022-04-12
5-11,401730,2022-04-10,2022-04-12
50-64,2284914,2022-04-10,2022-04-12
65+,2351792,2022-04-10,2022-04-12
Unknown/missing,621,2022-04-10,2022-04-12
12-15,425168,2022-04-07,2022-04-11
16-17,230285,2022-04-07,2022-04-11
18-49,3921152,2022-04-07,2022-04-11
5-11,401221,2022-04-07,2022-04-11
50-64,2278616,2022-04-07,2022-04-11
65+,2336332,2022-04-07,2022-04-11
Unknown/missing,618,2022-04-07,2022-04-11
12-15,424970,2022-04-06,2022-04-08
16-17,230199,2022-04-06,2022-04-08
18-49,3919915,2022-04-06,2022-04-08
5-11,401001,2022-04-06,2022-04-08
50-64,2276138,2022-04-06,2022-04-08
65+,2328973,2022-04-06,2022-04-08
Unknown/missing,616,2022-04-06,2022-04-08
12-15,424784,2022-04-05,2022-04-07
16-17,230112,2022-04-05,2022-04-07
18-49,3918615,2022-04-05,2022-04-07
5-11,400787,2022-04-05,2022-04-07
50-64,2273997,2022-04-05,2022-04-07
65+,2322479,2022-04-05,2022-04-07
Unknown/missing,616,2022-04-05,2022-04-07
12-15,424605,2022-04-04,2022-04-06
16-17,230029,2022-04-04,2022-04-06
18-49,3917415,2022-04-04,2022-04-06
5-11,400518,2022-04-04,2022-04-06
50-64,2271741,2022-04-04,2022-04-06
65+,2317027,2022-04-04,2022-04-06
Unknown/missing,608,2022-04-04,2022-04-06
12-15,424380,2022-04-03,2022-04-05
16-17,229941,2022-04-03,2022-04-05
18-49,3916317,2022-04-03,2022-04-05
5-11,400207,2022-04-03,2022-04-05
50-64,2269919,2022-04-03,2022-04-05
65+,2312333,2022-04-03,2022-04-05
Unknown/missing,607,2022-04-03,2022-04-05
12-15,423926,2022-03-31,2022-04-04
16-17,229710,2022-03-31,2022-04-04
18-49,3913657,2022-03-31,2022-04-04
5-11,399697,2022-03-31,2022-04-04
50-64,2264231,2022-03-31,2022-04-04
65+,2298733,2022-03-31,2022-04-04
Unknown/missing,599,2022-03-31,2022-04-04
12-15,423575,2022-03-30,2022-04-01
16-17,229550,2022-03-30,2022-04-01
18-49,3908678,2022-03-30,2022-04-01
5-11,399314,2022-03-30,2022-04-01
50-64,2261283,2022-03-30,2022-04-01
65+,2293495,2022-03-30,2022-04-01
Unknown/missing,590,2022-03-30,2022-04-01
12-15,423328,2022-03-29,2022-03-31
16-17,229422,2022-03-29,2022-03-31
18-49,3906947,2022-03-29,2022-03-31
5-11,399014,2022-03-29,2022-03-31
50-64,2260357,2022-03-29,2022-03-31
65+,2292082,2022-03-29,2022-03-31
Unknown/missing,591,2022-03-29,2022-03-31
12-15,423112,2022-03-28,2022-03-30
16-17,229306,2022-03-28,2022-03-30
18-49,3905713,2022-03-28,2022-03-30
5-11,398708,2022-03-28,2022-03-30
50-64,2260019,2022-03-28,2022-03-30
65+,2292958,2022-03-28,2022-03-30
Unknown/missing,589,2022-03-28,2022-03-30
12-15,422854,2022-03-27,2022-03-29
16-17,229211,2022-03-27,2022-03-29
18-49,3904443,2022-03-27,2022-03-29
5-11,398385,2022-03-27,2022-03-29
50-64,2259378,2022-03-27,2022-03-29
65+,2292286,2022-03-27,2022-03-29
Unknown/missing,585,2022-03-27,2022-03-29
12-15,422334,2022-03-24,2022-03-28
16-17,228993,2022-03-24,2022-03-28
18-49,3901815,2022-03-24,2022-03-28
5-11,397743,2022-03-24,2022-03-28
50-64,2258401,2022-03-24,2022-03-28
65+,2291514,2022-03-24,2022-03-28
Unknown/missing,584,2022-03-24,2022-03-28
12-15,422046,2022-03-23,2022-03-25
16-17,228853,2022-03-23,2022-03-25
18-49,3900257,2022-03-23,2022-03-25
5-11,397333,2022-03-23,2022-03-25
50-64,2257732,2022-03-23,2022-03-25
65+,2290847,2022-03-23,2022-03-25
Unknown/missing,582,2022-03-23,2022-03-25
12-15,421767,2022-03-22,2022-03-24
16-17,228740,2022-03-22,2022-03-24
18-49,3898675,2022-03-22,2022-03-24
5-11,397017,2022-03-22,2022-03-24
50-64,2257087,2022-03-22,2022-03-24
65+,2290251,2022-03-22,2022-03-24
Unknown/missing,579,2022-03-22,2022-03-24
12-15,421496,2022-03-21,2022-03-23
16-17,228623,2022-03-21,2022-03-23
18-49,3897146,2022-03-21,2022-03-23
5-11,396611,2022-03-21,2022-03-23
50-64,2256686,2022-03-21,2022-03-23
65+,2291174,2022-03-21,2022-03-23
Unknown/missing,576,2022-03-21,2022-03-23
12-15,421192,2022-03-20,2022-03-22
16-17,228510,2022-03-20,2022-03-22
18-49,3895794,2022-03-20,2022-03-22
5-11,396215,2022-03-20,2022-03-22
50-64,2256139,2022-03-20,2022-03-22
65+,2290618,2022-03-20,2022-03-22
Unknown/missing,573,2022-03-20,2022-03-22
12-15,420644,2022-03-17,2022-03-21
16-17,228248,2022-03-17,2022-03-21
18-49,3893292,2022-03-17,2022-03-21
5-11,395436,2022-03-17,2022-03-21
50-64,2255090,2022-03-17,2022-03-21
65+,2289885,2022-03-17,2022-03-21
Unknown/missing,568,2022-03-17,2022-03-21
12-15,420326,2022-03-16,2022-03-18
16-17,228074,2022-03-16,2022-03-18
18-49,3891636,2022-03-16,2022-03-18
5-11,394918,2022-03-16,2022-03-18
50-64,2254356,2022-03-16,2022-03-18
65+,2289228,2022-03-16,2022-03-18
Unknown/missing,565,2022-03-16,2022-03-18
12-15,420049,2022-03-15,2022-03-17
16-17,227916,2022-03-15,2022-03-17
18-49,3890013,2022-03-15,2022-03-17
5-11,394492,2022-03-15,2022-03-17
50-64,2253711,2022-03-15,2022-03-17
65+,2288647,2022-03-15,2022-03-17
Unknown/missing,565,2022-03-15,2022-03-17
12-15,419781,2022-03-14,2022-03-16
16-17,227783,2022-03-14,2022-03-16
18-49,3888462,2022-03-14,2022-03-16
5-11,394119,2022-03-14,2022-03-16
50-64,2253297,2022-03-14,2022-03-16
65+,2289699,2022-03-14,2022-03-16
Unknown/missing,562,2022-03-14,2022-03-16
12-15,419465,2022-03-13,2022-03-15
16-17,227623,2022-03-13,2022-03-15
18-49,3887092,2022-03-13,2022-03-15
5-11,393698,2022-03-13,2022-03-15
50-64,2252742,2022-03-13,2022-03-15
65+,2289277,2022-03-13,2022-03-15
Unknown/missing,562,2022-03-13,2022-03-15
12-15,418741,2022-03-10,2022-03-14
16-17,227290,2022-03-10,2022-03-14
18-49,3883944,2022-03-10,2022-03-14
5-11,392746,2022-03-10,2022-03-14
50-64,2251680,2022-03-10,2022-03-14
65+,2288611,2022-03-10,2022-03-14
Unknown/missing,559,2022-03-10,2022-03-14
12-15,418395,2022-03-09,2022-03-11
16-17,227105,2022-03-09,2022-03-11
18-49,3882269,2022-03-09,2022-03-11
5-11,392213,2022-03-09,2022-03-11
50-64,2251014,2022-03-09,2022-03-11
65+,2288094,2022-03-09,2022-03-11
Unknown/missing,554,2022-03-09,2022-03-11
12-15,418012,2022-03-08,2022-03-10
16-17,226941,2022-03-08,2022-03-10
18-49,3880448,2022-03-08,2022-03-10
5-11,391734,2022-03-08,2022-03-10
50-64,2250351,2022-03-08,2022-03-10
65+,2287566,2022-03-08,2022-03-10
Unknown/missing,550,2022-03-08,2022-03-10
12-15,417647,2022-03-07,2022-03-09
16-17,226758,2022-03-07,2022-03-09
18-49,3878557,2022-03-07,2022-03-09
5-11,391287,2022-03-07,2022-03-09
50-64,2249842,2022-03-07,2022-03-09
65+,2288525,2022-03-07,2022-03-09
Unknown/missing,547,2022-03-07,2022-03-09
12-15,417251,2022-03-06,2022-03-08
16-17,226601,2022-03-06,2022-03-08
18-49,3876891,2022-03-06,2022-03-08
5-11,390620,2022-03-06,2022-03-08
50-64,2249186,2022-03-06,2022-03-08
65+,2288051,2022-03-06,2022-03-08
Unknown/missing,546,2022-03-06,2022-03-08
12-15,416263,2022-03-03,2022-03-05
16-17,226167,2022-03-03,2022-03-05
18-49,3872047,2022-03-03,2022-03-05
5-11,389342,2022-03-03,2022-03-05
50-64,2247693,2022-03-03,2022-03-05
65+,2287217,2022-03-03,2022-03-05
Unknown/missing,538,2022-03-03,2022-03-05
12-15,415889,2022-03-02,2022-03-04
16-17,225985,2022-03-02,2022-03-04
18-49,3869937,2022-03-02,2022-03-04
5-11,388776,2022-03-02,2022-03-04
50-64,2246907,2022-03-02,2022-03-04
65+,2286555,2022-03-02,2022-03-04
Unknown/missing,537,2022-03-02,2022-03-04
12-15,415481,2022-03-01,2022-03-03
16-17,225794,2022-03-01,2022-03-03
18-49,3867708,2022-03-01,2022-03-03
5-11,388187,2022-03-01,2022-03-03
50-64,2246146,2022-03-01,2022-03-03
65+,2285870,2022-03-01,2022-03-03
Unknown/missing,533,2022-03-01,2022-03-03
12-15,415025,2022-02-28,2022-03-02
16-17,225584,2022-02-28,2022-03-02
18-49,3865370,2022-02-28,2022-03-02
5-11,387203,2022-02-28,2022-03-02
50-64,2245474,2022-02-28,2022-03-02
65+,2286400,2022-02-28,2022-03-02
Unknown/missing,531,2022-02-28,2022-03-02
12-15,414417,2022-02-27,2022-03-01
16-17,225329,2022-02-27,2022-03-01
18-49,3862923,2022-02-27,2022-03-01
5-11,385651,2022-02-27,2022-03-01
50-64,2244550,2022-02-27,2022-03-01
65+,2285568,2022-02-27,2022-03-01
Unknown/missing,525,2022-02-27,2022-03-01
12-15,413251,2022-02-24,2022-02-26
16-17,224850,2022-02-24,2022-02-26
18-49,3857928,2022-02-24,2022-02-26
5-11,382668,2022-02-24,2022-02-26
50-64,2242891,2022-02-24,2022-02-26
65+,2284333,2022-02-24,2022-02-26
Unknown/missing,520,2022-02-24,2022-02-26
12-15,412760,2022-02-23,2022-02-25
16-17,224631,2022-02-23,2022-02-25
18-49,3855413,2022-02-23,2022-02-25
5-11,381424,2022-02-23,2022-02-25
50-64,2241901,2022-02-23,2022-02-25
65+,2283448,2022-02-23,2022-02-25
Unknown/missing,516,2022-02-23,2022-02-25
12-15,412275,2022-02-22,2022-02-24
16-17,224380,2022-02-22,2022-02-24
18-49,3852677,2022-02-22,2022-02-24
5-11,380358,2022-02-22,2022-02-24
50-64,2241248,2022-02-22,2022-02-24
65+,2284614,2022-02-22,2022-02-24
Unknown/missing,514,2022-02-22,2022-02-24
12-15,411662,2022-02-21,2022-02-23
16-17,224103,2022-02-21,2022-02-23
18-49,3850087,2022-02-21,2022-02-23
5-11,379047,2022-02-21,2022-02-23
50-64,2240313,2022-02-21,2022-02-23
65+,2283991,2022-02-21,2022-02-23
Unknown/missing,507,2022-02-21,2022-02-23
12-15,408686,2022-02-16,2022-02-18
16-17,222896,2022-02-16,2022-02-18
18-49,3838454,2022-02-16,2022-02-18
5-11,373202,2022-02-16,2022-02-18
50-64,2236193,2022-02-16,2022-02-18
65+,2281574,2022-02-16,2022-02-18
Unknown/missing,491,2022-02-16,2022-02-18
12-15,407908,2022-02-15,2022-02-17
16-17,222550,2022-02-15,2022-02-17
18-49,3834448,2022-02-15,2022-02-17
5-11,371792,2022-02-15,2022-02-17
50-64,2235023,2022-02-15,2022-02-17
65+,2282356,2022-02-15,2022-02-17
Unknown/missing,482,2022-02-15,2022-02-17
12-15,407386,2022-02-14,2022-02-16
16-17,222317,2022-02-14,2022-02-16
18-49,3831435,2022-02-14,2022-02-16
5-11,370579,2022-02-14,2022-02-16
50-64,2233769,2022-02-14,2022-02-16
65+,2281512,2022-02-14,2022-02-16
Unknown/missing,482,2022-02-14,2022-02-16
12-15,406839,2022-02-13,2022-02-15
16-17,222117,2022-02-13,2022-02-15
18-49,3829000,2022-02-13,2022-02-15
5-11,369508,2022-02-13,2022-02-15
50-64,2232844,2022-02-13,2022-02-15
65+,2280938,2022-02-13,2022-02-15
Unknown/missing,478,2022-02-13,2022-02-15
12-15,405181,2022-02-10,2022-02-14
16-17,221417,2022-02-10,2022-02-14
18-49,3820896,2022-02-10,2022-02-14
5-11,366335,2022-02-10,2022-02-14
50-64,2230043,2022-02-10,2022-02-14
65+,2279732,2022-02-10,2022-02-14
Unknown/missing,470,2022-02-10,2022-02-14
12-15,404396,2022-02-09,2022-02-11
16-17,221057,2022-02-09,2022-02-11
18-49,3816676,2022-02-09,2022-02-11
5-11,364584,2022-02-09,2022-02-11
50-64,2228540,2022-02-09,2022-02-11
65+,2278714,2022-02-09,2022-02-11
Unknown/missing,464,2022-02-09,2022-02-11
12-15,403421,2022-02-08,2022-02-10
16-17,220658,2022-02-08,2022-02-10
18-49,3811788,2022-02-08,2022-02-10
5-11,362997,2022-02-08,2022-02-10
50-64,2226677,2022-02-08,2022-02-10
65+,2277486,2022-02-08,2022-02-10
Unknown/missing,458,2022-02-08,2022-02-10
12-15,402628,2022-02-07,2022-02-09
16-17,220331,2022-02-07,2022-02-09
18-49,3807720,2022-02-07,2022-02-09
5-11,361244,2022-02-07,2022-02-09
50-64,2225321,2022-02-07,2022-02-09
65+,2278286,2022-02-07,2022-02-09
Unknown/missing,449,2022-02-07,2022-02-09
12-15,401844,2022-02-06,2022-02-08
16-17,220066,2022-02-06,2022-02-08
18-49,3804209,2022-02-06,2022-02-08
5-11,359294,2022-02-06,2022-02-08
50-64,2223944,2022-02-06,2022-02-08
65+,2277468,2022-02-06,2022-02-08
Unknown/missing,441,2022-02-06,2022-02-08
12-15,399228,2022-02-03,2022-02-05
16-17,219162,2022-02-03,2022-02-05
18-49,3793076,2022-02-03,2022-02-05
5-11,354418,2022-02-03,2022-02-05
50-64,2220170,2022-02-03,2022-02-05
65+,2275811,2022-02-03,2022-02-05
Unknown/missing,427,2022-02-03,2022-02-05
12-15,398052,2022-02-02,2022-02-04
16-17,218714,2022-02-02,2022-02-04
18-49,3787827,2022-02-02,2022-02-04
5-11,352225,2022-02-02,2022-02-04
50-64,2218088,2022-02-02,2022-02-04
65+,2274638,2022-02-02,2022-02-04
Unknown/missing,420,2022-02-02,2022-02-04
12-15,396731,2022-02-01,2022-02-03
16-17,218149,2022-02-01,2022-02-03
18-49,3781127,2022-02-01,2022-02-03
5-11,349895,2022-02-01,2022-02-03
50-64,2215641,2022-02-01,2022-02-03
65+,2273403,2022-02-01,2022-02-03
Unknown/missing,407,2022-02-01,2022-02-03
12-15,395582,2022-01-31,2022-02-02
16-17,217694,2022-01-31,2022-02-02
18-49,3775496,2022-01-31,2022-02-02
5-11,347980,2022-01-31,2022-02-02
50-64,2213571,2022-01-31,2022-02-02
65+,2274028,2022-01-31,2022-02-02
Unknown/missing,402,2022-01-31,2022-02-02
12-15,394498,2022-01-30,2022-02-01
16-17,217276,2022-01-30,2022-02-01
18-49,3770780,2022-01-30,2022-02-01
5-11,345786,2022-01-30,2022-02-01
50-64,2211570,2022-01-30,2022-02-01
65+,2272938,2022-01-30,2022-02-01
Unknown/missing,397,2022-01-30,2022-02-01
12-15,389981,2022-01-26,2022-01-28
16-17,215544,2022-01-26,2022-01-28
18-49,3751966,2022-01-26,2022-01-28
5-11,339315,2022-01-26,2022-01-28
50-64,2204426,2022-01-26,2022-01-28
65+,2269555,2022-01-26,2022-01-28
Unknown/missing,384,2022-01-26,2022-01-28
12-15,388524,2022-01-25,2022-01-27
16-17,214916,2022-01-25,2022-01-27
18-49,3744226,2022-01-25,2022-01-27
5-11,337238,2022-01-25,2022-01-27
50-64,2201450,2022-01-25,2022-01-27
65+,2268172,2022-01-25,2022-01-27
Unknown/missing,375,2022-01-25,2022-01-27
12-15,387145,2022-01-24,2022-01-26
16-17,214403,2022-01-24,2022-01-26
18-49,3737821,2022-01-24,2022-01-26
5-11,335243,2022-01-24,2022-01-26
50-64,2198983,2022-01-24,2022-01-26
65+,2268609,2022-01-24,2022-01-26
Unknown/missing,374,2022-01-24,2022-01-26
12-15,385693,2022-01-23,2022-01-25
16-17,213842,2022-01-23,2022-01-25
18-49,3732481,2022-01-23,2022-01-25
5-11,333320,2022-01-23,2022-01-25
50-64,2196794,2022-01-23,2022-01-25
65+,2267439,2022-01-23,2022-01-25
Unknown/missing,370,2022-01-23,2022-01-25
12-15,381943,2022-01-20,2022-01-24
16-17,212721,2022-01-20,2022-01-24
18-49,3720335,2022-01-20,2022-01-24
5-11,329741,2022-01-20,2022-01-24
50-64,2192041,2022-01-20,2022-01-24
65+,2265497,2022-01-20,2022-01-24
Unknown/missing,367,2022-01-20,2022-01-24
12-15,379399,2022-01-19,2022-01-21
16-17,211816,2022-01-19,2022-01-21
18-49,3711114,2022-01-19,2022-01-21
5-11,327019,2022-01-19,2022-01-21
50-64,2188287,2022-01-19,2022-01-21
65+,2263653,2022-01-19,2022-01-21
Unknown/missing,358,2022-01-19,2022-01-21
12-15,377428,2022-01-18,2022-01-20
16-17,211180,2022-01-18,2022-01-20
18-49,3703234,2022-01-18,2022-01-20
5-11,324573,2022-01-18,2022-01-20
50-64,2185381,2022-01-18,2022-01-20
65+,2263862,2022-01-18,2022-01-20
Unknown/missing,351,2022-01-18,2022-01-20
12-15,375375,2022-01-17,2022-01-19
16-17,210506,2022-01-17,2022-01-19
18-49,3695391,2022-01-17,2022-01-19
5-11,322258,2022-01-17,2022-01-19
50-64,2182287,2022-01-17,2022-01-19
65+,2262214,2022-01-17,2022-01-19
Unknown/missing,344,2022-01-17,2022-01-19
12-15,366540,2022-01-13,2022-01-18
16-17,207841,2022-01-13,2022-01-18
18-49,3669075,2022-01-13,2022-01-18
5-11,314987,2022-01-13,2022-01-18
50-64,2172185,2022-01-13,2022-01-18
65+,2258260,2022-01-13,2022-01-18
Unknown/missing,334,2022-01-13,2022-01-18
12-15,364352,2022-01-12,2022-01-14
16-17,206984,2022-01-12,2022-01-14
18-49,3659297,2022-01-12,2022-01-14
5-11,312032,2022-01-12,2022-01-14
50-64,2168023,2022-01-12,2022-01-14
65+,2256146,2022-01-12,2022-01-14
Unknown/missing,326,2022-01-12,2022-01-14
12-15,361996,2022-01-11,2022-01-13
16-17,206114,2022-01-11,2022-01-13
18-49,3649636,2022-01-11,2022-01-13
5-11,309386,2022-01-11,2022-01-13
50-64,2163643,2022-01-11,2022-01-13
65+,2253916,2022-01-11,2022-01-13
Unknown/missing,321,2022-01-11,2022-01-13
12-15,360300,2022-01-10,2022-01-12
16-17,205419,2022-01-10,2022-01-12
18-49,3640335,2022-01-10,2022-01-12
5-11,306444,2022-01-10,2022-01-12
50-64,2159822,2022-01-10,2022-01-12
65+,2253636,2022-01-10,2022-01-12
Unknown/missing,317,2022-01-10,2022-01-12
12-15,358734,2022-01-09,2022-01-11
16-17,204793,2022-01-09,2022-01-11
18-49,3632812,2022-01-09,2022-01-11
5-11,304013,2022-01-09,2022-01-11
50-64,2156413,2022-01-09,2022-01-11
65+,2251974,2022-01-09,2022-01-11
Unknown/missing,312,2022-01-09,2022-01-11
12-15,353388,2022-01-06,2022-01-10
16-17,202754,2022-01-06,2022-01-10
18-49,3605525,2022-01-06,2022-01-10
5-11,295846,2022-01-06,2022-01-10
50-64,2144957,2022-01-06,2022-01-10
65+,2247134,2022-01-06,2022-01-10
Unknown/missing,299,2022-01-06,2022-01-10
12-15,351994,2022-01-05,2022-01-07
16-17,201907,2022-01-05,2022-01-07
18-49,3594257,2022-01-05,2022-01-07
5-11,292043,2022-01-05,2022-01-07
50-64,2139835,2022-01-05,2022-01-07
65+,2244696,2022-01-05,2022-01-07
Unknown/missing,293,2022-01-05,2022-01-07
12-15,351426,2022-01-04,2022-01-06
16-17,201018,2022-01-04,2022-01-06
18-49,3581783,2022-01-04,2022-01-06
5-11,289134,2022-01-04,2022-01-06
50-64,2134484,2022-01-04,2022-01-06
65+,2243897,2022-01-04,2022-01-06
Unknown/missing,282,2022-01-04,2022-01-06
12-15,351116,2022-01-03,2022-01-05
16-17,200456,2022-01-03,2022-01-05
18-49,3572910,2022-01-03,2022-01-05
5-11,286842,2022-01-03,2022-01-05
50-64,2130246,2022-01-03,2022-01-05
65+,2241541,2022-01-03,2022-01-05
Unknown/missing,276,2022-01-03,2022-01-05
12-15,350725,2022-01-02,2022-01-04
16-17,199723,2022-01-02,2022-01-04
18-49,3564721,2022-01-02,2022-01-04
5-11,283793,2022-01-02,2022-01-04
50-64,2126387,2022-01-02,2022-01-04
65+,2239477,2022-01-02,2022-01-04
Unknown/missing,273,2022-01-02,2022-01-04
12-15,349699,2021-12-29,2022-01-03
16-17,196845,2021-12-29,2022-01-03
18-49,3538867,2021-12-29,2022-01-03
5-11,277594,2021-12-29,2022-01-03
50-64,2114337,2021-12-29,2022-01-03
65+,2234241,2021-12-29,2022-01-03
Unknown/missing,262,2021-12-29,2022-01-03
12-15,349173,2021-12-28,2021-12-30
16-17,195563,2021-12-28,2021-12-30
18-49,3526896,2021-12-28,2021-12-30
5-11,273755,2021-12-28,2021-12-30
50-64,2108538,2021-12-28,2021-12-30
65+,2231463,2021-12-28,2021-12-30
Unknown/missing,258,2021-12-28,2021-12-30
12-15,348752,2021-12-27,2021-12-29
16-17,194437,2021-12-27,2021-12-29
18-49,3515418,2021-12-27,2021-12-29
5-11,270427,2021-12-27,2021-12-29
50-64,2103119,2021-12-27,2021-12-29
65+,2230302,2021-12-27,2021-12-29
Unknown/missing,252,2021-12-27,2021-12-29
12-15,348388,2021-12-26,2021-12-28
16-17,193402,2021-12-26,2021-12-28
18-49,3504440,2021-12-26,2021-12-28
5-11,267377,2021-12-26,2021-12-28
50-64,2097921,2021-12-26,2021-12-28
65+,2227959,2021-12-26,2021-12-28
Unknown/missing,249,2021-12-26,2021-12-28
12-15,347665,2021-12-22,2021-12-27
16-17,190961,2021-12-22,2021-12-27
18-49,3484491,2021-12-22,2021-12-27
5-11,263166,2021-12-22,2021-12-27
50-64,2087971,2021-12-22,2021-12-27
65+,2222795,2021-12-22,2021-12-27
Unknown/missing,243,2021-12-22,2021-12-27
12-15,347271,2021-12-21,2021-12-23
16-17,189748,2021-12-21,2021-12-23
18-49,3469073,2021-12-21,2021-12-23
5-11,259095,2021-12-21,2021-12-23
50-64,2080378,2021-12-21,2021-12-23
65+,2218905,2021-12-21,2021-12-23
Unknown/missing,234,2021-12-21,2021-12-23
12-15,346400,2021-12-19,2021-12-21
16-17,187652,2021-12-19,2021-12-21
18-49,3441257,2021-12-19,2021-12-21
5-11,251633,2021-12-19,2021-12-21
50-64,2065744,2021-12-19,2021-12-21
65+,2212757,2021-12-19,2021-12-21
Unknown/missing,225,2021-12-19,2021-12-21
12-15,345654,2021-12-16,2021-12-20
16-17,185693,2021-12-16,2021-12-20
18-49,3410189,2021-12-16,2021-12-20
5-11,243311,2021-12-16,2021-12-20
50-64,2049216,2021-12-16,2021-12-20
65+,2205583,2021-12-16,2021-12-20
Unknown/missing,213,2021-12-16,2021-12-20
12-15,345259,2021-12-15,2021-12-17
16-17,184980,2021-12-15,2021-12-17
18-49,3396205,2021-12-15,2021-12-17
5-11,238929,2021-12-15,2021-12-17
50-64,2040527,2021-12-15,2021-12-17
65+,2200962,2021-12-15,2021-12-17
Unknown/missing,207,2021-12-15,2021-12-17
12-15,344827,2021-12-14,2021-12-16
16-17,184246,2021-12-14,2021-12-16
18-49,3380292,2021-12-14,2021-12-16
5-11,233274,2021-12-14,2021-12-16
50-64,2031214,2021-12-14,2021-12-16
65+,2195426,2021-12-14,2021-12-16
Unknown/missing,203,2021-12-14,2021-12-16
12-15,344394,2021-12-13,2021-12-15
16-17,183580,2021-12-13,2021-12-15
18-49,3366751,2021-12-13,2021-12-15
5-11,227645,2021-12-13,2021-12-15
50-64,2023052,2021-12-13,2021-12-15
65+,2191887,2021-12-13,2021-12-15
Unknown/missing,195,2021-12-13,2021-12-15
12-15,343987,2021-12-12,2021-12-14
16-17,183025,2021-12-12,2021-12-14
18-49,3353588,2021-12-12,2021-12-14
5-11,220586,2021-12-12,2021-12-14
50-64,2015113,2021-12-12,2021-12-14
65+,2187119,2021-12-12,2021-12-14
Unknown/missing,193,2021-12-12,2021-12-14
12-15,343045,2021-12-09,2021-12-13
16-17,181863,2021-12-09,2021-12-13
18-49,3319551,2021-12-09,2021-12-13
5-11,203620,2021-12-09,2021-12-13
50-64,1994651,2021-12-09,2021-12-13
65+,2178156,2021-12-09,2021-12-13
Unknown/missing,183,2021-12-09,2021-12-13
12-15,342674,2021-12-08,2021-12-10
16-17,181725,2021-12-08,2021-12-10
18-49,3310093,2021-12-08,2021-12-10
5-11,197241,2021-12-08,2021-12-10
50-64,1988298,2021-12-08,2021-12-10
65+,2173992,2021-12-08,2021-12-10
Unknown/missing,173,2021-12-08,2021-12-10
12-15,342157,2021-12-07,2021-12-09
16-17,181565,2021-12-07,2021-12-09
18-49,3292795,2021-12-07,2021-12-09
5-11,187377,2021-12-07,2021-12-09
50-64,1976417,2021-12-07,2021-12-09
65+,2166610,2021-12-07,2021-12-09
Unknown/missing,175,2021-12-07,2021-12-09
12-15,341786,2021-12-06,2021-12-08
16-17,181432,2021-12-06,2021-12-08
18-49,3279679,2021-12-06,2021-12-08
5-11,180718,2021-12-06,2021-12-08
50-64,1967188,2021-12-06,2021-12-08
65+,2162123,2021-12-06,2021-12-08
Unknown/missing,170,2021-12-06,2021-12-08
12-15,341371,2021-12-05,2021-12-07
16-17,181318,2021-12-05,2021-12-07
18-49,3268334,2021-12-05,2021-12-07
5-11,172992,2021-12-05,2021-12-07
50-64,1959412,2021-12-05,2021-12-07
65+,2157163,2021-12-05,2021-12-07
Unknown/missing,170,2021-12-05,2021-12-07
12-15,340531,2021-12-02,2021-12-06
16-17,181022,2021-12-02,2021-12-06
18-49,3236261,2021-12-02,2021-12-06
5-11,154573,2021-12-02,2021-12-06
50-64,1938123,2021-12-02,2021-12-06
65+,2145927,2021-12-02,2021-12-06
Unknown/missing,148,2021-12-02,2021-12-06
12-15,339909,2021-12-01,2021-12-03
16-17,180821,2021-12-01,2021-12-03
18-49,3215536,2021-12-01,2021-12-03
5-11,144430,2021-12-01,2021-12-03
50-64,1922417,2021-12-01,2021-12-03
65+,2135353,2021-12-01,2021-12-03
Unknown/missing,139,2021-12-01,2021-12-03
12-15,339359,2021-11-30,2021-12-02
16-17,180638,2021-11-30,2021-12-02
18-49,3199635,2021-11-30,2021-12-02
5-11,136465,2021-11-30,2021-12-02
50-64,1910851,2021-11-30,2021-12-02
65+,2127473,2021-11-30,2021-12-02
Unknown/missing,140,2021-11-30,2021-12-02
12-15,338715,2021-11-29,2021-12-01
16-17,180451,2021-11-29,2021-12-01
18-49,3186615,2021-11-29,2021-12-01
5-11,128556,2021-11-29,2021-12-01
50-64,1901222,2021-11-29,2021-12-01
65+,2121457,2021-11-29,2021-12-01
Unknown/missing,128,2021-11-29,2021-12-01
12-15,338172,2021-11-28,2021-11-30
16-17,180290,2021-11-28,2021-11-30
18-49,3176649,2021-11-28,2021-11-30
5-11,121735,2021-11-28,2021-11-30
50-64,1892870,2021-11-28,2021-11-30
65+,2115166,2021-11-28,2021-11-30
Unknown/missing,126,2021-11-28,2021-11-30
12-15,336633,2021-11-23,2021-11-26
16-17,179788,2021-11-23,2021-11-26
18-49,3139948,2021-11-23,2021-11-26
5-11,106906,2021-11-23,2021-11-26
50-64,1867290,2021-11-23,2021-11-26
65+,2098171,2021-11-23,2021-11-26
Unknown/missing,125,2021-11-23,2021-11-26
12-15,336136,2021-11-22,2021-11-24
16-17,179637,2021-11-22,2021-11-24
18-49,3126299,2021-11-22,2021-11-24
5-11,102413,2021-11-22,2021-11-24
50-64,1856394,2021-11-22,2021-11-24
65+,2090189,2021-11-22,2021-11-24
Unknown/missing,129,2021-11-22,2021-11-24
12-15,335687,2021-11-21,2021-11-23
16-17,179488,2021-11-21,2021-11-23
18-49,3113789,2021-11-21,2021-11-23
5-11,96213,2021-11-21,2021-11-23
50-64,1846438,2021-11-21,2021-11-23
65+,2081506,2021-11-21,2021-11-23
Unknown/missing,129,2021-11-21,2021-11-23
12-15,334606,2021-11-18,2021-11-22
16-17,179118,2021-11-18,2021-11-22
18-49,3080269,2021-11-18,2021-11-22
5-11,80046,2021-11-18,2021-11-22
50-64,1820970,2021-11-18,2021-11-22
65+,2062036,2021-11-18,2021-11-22
Unknown/missing,96,2021-11-18,2021-11-22
12-15,334102,2021-11-17,2021-11-19
16-17,178932,2021-11-17,2021-11-19
18-49,3067553,2021-11-17,2021-11-19
5-11,72731,2021-11-17,2021-11-19
50-64,1810147,2021-11-17,2021-11-19
65+,2049128,2021-11-17,2021-11-19
Unknown/missing,89,2021-11-17,2021-11-19
12-15,333651,2021-11-16,2021-11-18
16-17,178804,2021-11-16,2021-11-18
18-49,3056284,2021-11-16,2021-11-18
5-11,63577,2021-11-16,2021-11-18
50-64,1800127,2021-11-16,2021-11-18
65+,2036310,2021-11-16,2021-11-18
Unknown/missing,76,2021-11-16,2021-11-18
12-15,333173,2021-11-15,2021-11-17
16-17,178611,2021-11-15,2021-11-17
18-49,3046032,2021-11-15,2021-11-17
5-11,56105,2021-11-15,2021-11-17
50-64,1790828,2021-11-15,2021-11-17
65+,2025429,2021-11-15,2021-11-17
Unknown/missing,68,2021-11-15,2021-11-17
12-15,332773,2021-11-14,2021-11-16
16-17,178465,2021-11-14,2021-11-16
18-49,3037991,2021-11-14,2021-11-16
5-11,44407,2021-11-14,2021-11-16
50-64,1783514,2021-11-14,2021-11-16
65+,2016790,2021-11-14,2021-11-16
Unknown/missing,63,2021-11-14,2021-11-16
12-15,331681,2021-11-11,2021-11-15
16-17,178094,2021-11-11,2021-11-15
18-49,3011208,2021-11-11,2021-11-15
5-11,30722,2021-11-11,2021-11-15
50-64,1762984,2021-11-11,2021-11-15
65+,1991948,2021-11-11,2021-11-15
Unknown/missing,46,2021-11-11,2021-11-15
12-15,331185,2021-11-10,2021-11-12
16-17,177933,2021-11-10,2021-11-12
18-49,3002005,2021-11-10,2021-11-12
5-11,25423,2021-11-10,2021-11-12
50-64,1754981,2021-11-10,2021-11-12
65+,1980056,2021-11-10,2021-11-12
Unknown/missing,36,2021-11-10,2021-11-12
12-15,330627,2021-11-09,2021-11-11
16-17,177722,2021-11-09,2021-11-11
18-49,2992295,2021-11-09,2021-11-11
5-11,18665,2021-11-09,2021-11-11
50-64,1746636,2021-11-09,2021-11-11
65+,1966907,2021-11-09,2021-11-11
Unknown/missing,31,2021-11-09,2021-11-11
12-15,329973,2021-11-08,2021-11-10
16-17,177512,2021-11-08,2021-11-10
18-49,2981030,2021-11-08,2021-11-10
5-11,14089,2021-11-08,2021-11-10
50-64,1738133,2021-11-08,2021-11-10
65+,1954743,2021-11-08,2021-11-10
Unknown/missing,23,2021-11-08,2021-11-10
12-15,329561,2021-11-07,2021-11-09
16-17,177367,2021-11-07,2021-11-09
18-49,2974531,2021-11-07,2021-11-09
5-11,9592,2021-11-07,2021-11-09
50-64,1732616,2021-11-07,2021-11-09
65+,1945908,2021-11-07,2021-11-09
Unknown/missing,20,2021-11-07,2021-11-09
12-15,328336,2021-11-04,2021-11-08
16-17,176947,2021-11-04,2021-11-08
18-49,2950353,2021-11-04,2021-11-08
5-11,3071,2021-11-04,2021-11-08
50-64,1715643,2021-11-04,2021-11-08
65+,1921204,2021-11-04,2021-11-08
Unknown/missing,16,2021-11-04,2021-11-08
12-15,327946,2021-11-03,2021-11-05
16-17,176863,2021-11-03,2021-11-05
18-49,2946660,2021-11-03,2021-11-05
5-11,518,2021-11-03,2021-11-05
50-64,1712315,2021-11-03,2021-11-05
65+,1913335,2021-11-03,2021-11-05
Unknown/missing,15,2021-11-03,2021-11-05
12-15,327517,2021-11-02,2021-11-04
16-17,176738,2021-11-02,2021-11-04
18-49,2938447,2021-11-02,2021-11-04
50-64,1705227,2021-11-02,2021-11-04
65+,1899964,2021-11-02,2021-11-04
Unknown/missing,411,2021-11-02,2021-11-04
12-15,327123,2021-11-01,2021-11-03
16-17,176590,2021-11-01,2021-11-03
18-49,2932176,2021-11-01,2021-11-03
50-64,1699464,2021-11-01,2021-11-03
65+,1886578,2021-11-01,2021-11-03
Unknown/missing,407,2021-11-01,2021-11-03
12-15,326789,2021-10-31,2021-11-02
16-17,176497,2021-10-31,2021-11-02
18-49,2927595,2021-10-31,2021-11-02
50-64,1694853,2021-10-31,2021-11-02
65+,1876366,2021-10-31,2021-11-02
Unknown/missing,405,2021-10-31,2021-11-02
12-15,325717,2021-10-28,2021-11-01
16-17,176143,2021-10-28,2021-11-01
18-49,2909869,2021-10-28,2021-11-01
50-64,1679690,2021-10-28,2021-11-01
65+,1847639,2021-10-28,2021-11-01
Unknown/missing,405,2021-10-28,2021-11-01
12-15,325216,2021-10-27,2021-10-29
16-17,175989,2021-10-27,2021-10-29
18-49,2901295,2021-10-27,2021-10-29
50-64,1672443,2021-10-27,2021-10-29
65+,1830766,2021-10-27,2021-10-29
Unknown/missing,405,2021-10-27,2021-10-29
12-15,324777,2021-10-26,2021-10-28
16-17,175903,2021-10-26,2021-10-28
18-49,2896364,2021-10-26,2021-10-28
50-64,1667600,2021-10-26,2021-10-28
65+,1816457,2021-10-26,2021-10-28
Unknown/missing,402,2021-10-26,2021-10-28
12-15,323903,2021-10-25,2021-10-27
16-17,175658,2021-10-25,2021-10-27
18-49,2889187,2021-10-25,2021-10-27
50-64,1661405,2021-10-25,2021-10-27
65+,1800956,2021-10-25,2021-10-27
Unknown/missing,402,2021-10-25,2021-10-27
12-15,323491,2021-10-24,2021-10-26
16-17,175505,2021-10-24,2021-10-26
18-49,2882731,2021-10-24,2021-10-26
50-64,1656237,2021-10-24,2021-10-26
65+,1789604,2021-10-24,2021-10-26
Unknown/missing,407,2021-10-24,2021-10-26
12-15,322246,2021-10-21,2021-10-25
16-17,175106,2021-10-21,2021-10-25
18-49,2871752,2021-10-21,2021-10-25
50-64,1647970,2021-10-21,2021-10-25
65+,1770784,2021-10-21,2021-10-25
Unknown/missing,403,2021-10-21,2021-10-25
12-15,321450,2021-10-20,2021-10-22
16-17,174850,2021-10-20,2021-10-22
18-49,2866465,2021-10-20,2021-10-22
50-64,1644574,2021-10-20,2021-10-22
65+,1763141,2021-10-20,2021-10-22
Unknown/missing,403,2021-10-20,2021-10-22
12-15,320941,2021-10-19,2021-10-21
16-17,174703,2021-10-19,2021-10-21
18-49,2861614,2021-10-19,2021-10-21
50-64,1641322,2021-10-19,2021-10-21
65+,1756022,2021-10-19,2021-10-21
Unknown/missing,400,2021-10-19,2021-10-21
12-15,320558,2021-10-18,2021-10-20
16-17,174584,2021-10-18,2021-10-20
18-49,2857410,2021-10-18,2021-10-20
50-64,1638785,2021-10-18,2021-10-20
65+,1750200,2021-10-18,2021-10-20
Unknown/missing,400,2021-10-18,2021-10-20
12-15,320152,2021-10-17,2021-10-19
16-17,174459,2021-10-17,2021-10-19
18-49,2853108,2021-10-17,2021-10-19
50-64,1636150,2021-10-17,2021-10-19
65+,1744026,2021-10-17,2021-10-19
Unknown/missing,401,2021-10-17,2021-10-19
12-15,318964,2021-10-14,2021-10-18
16-17,174070,2021-10-14,2021-10-18
18-49,2841133,2021-10-14,2021-10-18
50-64,1629198,2021-10-14,2021-10-18
65+,1731272,2021-10-14,2021-10-18
Unknown/missing,397,2021-10-14,2021-10-18
12-15,318445,2021-10-13,2021-10-15
16-17,173886,2021-10-13,2021-10-15
18-49,2836158,2021-10-13,2021-10-15
50-64,1626251,2021-10-13,2021-10-15
65+,1723064,2021-10-13,2021-10-15
Unknown/missing,394,2021-10-13,2021-10-15
12-15,317867,2021-10-12,2021-10-14
16-17,173702,2021-10-12,2021-10-14
18-49,2831261,2021-10-12,2021-10-14
50-64,1623309,2021-10-12,2021-10-14
65+,1714127,2021-10-12,2021-10-14
Unknown/missing,393,2021-10-12,2021-10-14
12-15,317460,2021-10-11,2021-10-13
16-17,173547,2021-10-11,2021-10-13
18-49,2826828,2021-10-11,2021-10-13
50-64,1620597,2021-10-11,2021-10-13
65+,1705256,2021-10-11,2021-10-13
Unknown/missing,397,2021-10-11,2021-10-13
12-15,317106,2021-10-10,2021-10-12
16-17,173432,2021-10-10,2021-10-12
18-49,2822455,2021-10-10,2021-10-12
50-64,1618193,2021-10-10,2021-10-12
65+,1699291,2021-10-10,2021-10-12
Unknown/missing,392,2021-10-10,2021-10-12
12-15,315984,2021-10-07,2021-10-11
16-17,173070,2021-10-07,2021-10-11
18-49,2812247,2021-10-07,2021-10-11
50-64,1613013,2021-10-07,2021-10-11
65+,1684853,2021-10-07,2021-10-11
Unknown/missing,387,2021-10-07,2021-10-11
12-15,315291,2021-10-06,2021-10-08
16-17,172835,2021-10-06,2021-10-08
18-49,2804641,2021-10-06,2021-10-08
50-64,1609061,2021-10-06,2021-10-08
65+,1667701,2021-10-06,2021-10-08
Unknown/missing,385,2021-10-06,2021-10-08
12-15,314272,2021-10-05,2021-10-07
16-17,172511,2021-10-05,2021-10-07
18-49,2793734,2021-10-05,2021-10-07
50-64,1604199,2021-10-05,2021-10-07
65+,1648797,2021-10-05,2021-10-07
Unknown/missing,383,2021-10-05,2021-10-07
12-15,313812,2021-10-04,2021-10-06
16-17,172384,2021-10-04,2021-10-06
18-49,2789803,2021-10-04,2021-10-06
50-64,1602082,2021-10-04,2021-10-06
65+,1640908,2021-10-04,2021-10-06
Unknown/missing,387,2021-10-04,2021-10-06
12-15,313418,2021-10-03,2021-10-05
16-17,172250,2021-10-03,2021-10-05
18-49,2785417,2021-10-03,2021-10-05
50-64,1599744,2021-10-03,2021-10-05
65+,1633402,2021-10-03,2021-10-05
Unknown/missing,387,2021-10-03,2021-10-05
12-15,312356,2021-09-30,2021-10-04
16-17,171898,2021-09-30,2021-10-04
18-49,2776039,2021-09-30,2021-10-04
50-64,1595624,2021-09-30,2021-10-04
65+,1616813,2021-09-30,2021-10-04
Unknown/missing,380,2021-09-30,2021-10-04
12-15,311864,2021-09-29,2021-10-01
16-17,171736,2021-09-29,2021-10-01
18-49,2772021,2021-09-29,2021-10-01
50-64,1593542,2021-09-29,2021-10-01
65+,1608500,2021-09-29,2021-10-01
Unknown/missing,381,2021-09-29,2021-10-01
12-15,311338,2021-09-28,2021-09-30
16-17,171531,2021-09-28,2021-09-30
18-49,2767751,2021-09-28,2021-09-30
50-64,1591724,2021-09-28,2021-09-30
65+,1599505,2021-09-28,2021-09-30
Unknown/missing,383,2021-09-28,2021-09-30
12-15,310769,2021-09-27,2021-09-29
16-17,171365,2021-09-27,2021-09-29
18-49,2763644,2021-09-27,2021-09-29
50-64,1589927,2021-09-27,2021-09-29
65+,1591814,2021-09-27,2021-09-29
Unknown/missing,376,2021-09-27,2021-09-29
12-15,310144,2021-09-26,2021-09-28
16-17,171159,2021-09-26,2021-09-28
18-49,2759348,2021-09-26,2021-09-28
50-64,1588023,2021-09-26,2021-09-28
65+,1584137,2021-09-26,2021-09-28
Unknown/missing,375,2021-09-26,2021-09-28
12-15,308129,2021-09-23,2021-09-27
16-17,170509,2021-09-23,2021-09-27
18-49,2749309,2021-09-23,2021-09-27
50-64,1584491,2021-09-23,2021-09-27
65+,1574393,2021-09-23,2021-09-27
Unknown/missing,369,2021-09-23,2021-09-27
12-15,307181,2021-09-22,2021-09-24
16-17,170216,2021-09-22,2021-09-24
18-49,2745511,2021-09-22,2021-09-24
50-64,1583177,2021-09-22,2021-09-24
65+,1572572,2021-09-22,2021-09-24
Unknown/missing,368,2021-09-22,2021-09-24
12-15,306387,2021-09-21,2021-09-23
16-17,169961,2021-09-21,2021-09-23
18-49,2742504,2021-09-21,2021-09-23
50-64,1582079,2021-09-21,2021-09-23
65+,1571060,2021-09-21,2021-09-23
Unknown/missing,367,2021-09-21,2021-09-23
12-15,305591,2021-09-20,2021-09-22
16-17,169668,2021-09-20,2021-09-22
18-49,2738309,2021-09-20,2021-09-22
50-64,1580625,2021-09-20,2021-09-22
65+,1569224,2021-09-20,2021-09-22
Unknown/missing,364,2021-09-20,2021-09-22
12-15,304892,2021-09-19,2021-09-21
16-17,169433,2021-09-19,2021-09-21
18-49,2735365,2021-09-19,2021-09-21
50-64,1579490,2021-09-19,2021-09-21
65+,1567890,2021-09-19,2021-09-21
Unknown/missing,358,2021-09-19,2021-09-21
12-15,302807,2021-09-16,2021-09-20
16-17,168737,2021-09-16,2021-09-20
18-49,2726014,2021-09-16,2021-09-20
50-64,1576626,2021-09-16,2021-09-20
65+,1565863,2021-09-16,2021-09-20
Unknown/missing,352,2021-09-16,2021-09-20
12-15,301641,2021-09-15,2021-09-17
16-17,168272,2021-09-15,2021-09-17
18-49,2720526,2021-09-15,2021-09-17
50-64,1574744,2021-09-15,2021-09-17
65+,1563992,2021-09-15,2021-09-17
Unknown/missing,352,2021-09-15,2021-09-17
12-15,300564,2021-09-14,2021-09-16
16-17,167926,2021-09-14,2021-09-16
18-49,2715900,2021-09-14,2021-09-16
50-64,1573137,2021-09-14,2021-09-16
65+,1562324,2021-09-14,2021-09-16
Unknown/missing,352,2021-09-14,2021-09-16
12-15,299653,2021-09-13,2021-09-15
16-17,167636,2021-09-13,2021-09-15
18-49,2711302,2021-09-13,2021-09-15
50-64,1571529,2021-09-13,2021-09-15
65+,1561817,2021-09-13,2021-09-15
Unknown/missing,349,2021-09-13,2021-09-15
12-15,298744,2021-09-12,2021-09-14
16-17,167311,2021-09-12,2021-09-14
18-49,2707911,2021-09-12,2021-09-14
50-64,1570254,2021-09-12,2021-09-14
65+,1560534,2021-09-12,2021-09-14
Unknown/missing,353,2021-09-12,2021-09-14
12-15,295845,2021-09-09,2021-09-13
16-17,166399,2021-09-09,2021-09-13
18-49,2696808,2021-09-09,2021-09-13
50-64,1566749,2021-09-09,2021-09-13
65+,1558418,2021-09-09,2021-09-13
Unknown/missing,348,2021-09-09,2021-09-13
12-15,294592,2021-09-08,2021-09-10
16-17,165980,2021-09-08,2021-09-10
18-49,2691734,2021-09-08,2021-09-10
50-64,1564888,2021-09-08,2021-09-10
65+,1556667,2021-09-08,2021-09-10
Unknown/missing,350,2021-09-08,2021-09-10
12-15,293151,2021-09-07,2021-09-09
16-17,165435,2021-09-07,2021-09-09
18-49,2686149,2021-09-07,2021-09-09
50-64,1562916,2021-09-07,2021-09-09
65+,1554801,2021-09-07,2021-09-09
Unknown/missing,346,2021-09-07,2021-09-09
12-15,292242,2021-09-06,2021-09-08
16-17,165103,2021-09-06,2021-09-08
18-49,2683022,2021-09-06,2021-09-08
50-64,1561686,2021-09-06,2021-09-08
65+,1554112,2021-09-06,2021-09-08
Unknown/missing,346,2021-09-06,2021-09-08
12-15,287421,2021-09-02,2021-09-07
16-17,163542,2021-09-02,2021-09-07
18-49,2669744,2021-09-02,2021-09-07
50-64,1557308,2021-09-02,2021-09-07
65+,1551526,2021-09-02,2021-09-07
Unknown/missing,335,2021-09-02,2021-09-07
12-15,285177,2021-09-01,2021-09-03
16-17,162880,2021-09-01,2021-09-03
18-49,2663962,2021-09-01,2021-09-03
50-64,1555161,2021-09-01,2021-09-03
65+,1549293,2021-09-01,2021-09-03
Unknown/missing,331,2021-09-01,2021-09-03
12-15,282918,2021-08-31,2021-09-02
16-17,162129,2021-08-31,2021-09-02
18-49,2658335,2021-08-31,2021-09-02
50-64,1552983,2021-08-31,2021-09-02
65+,1547203,2021-08-31,2021-09-02
Unknown/missing,320,2021-08-31,2021-09-02
12-15,280773,2021-08-30,2021-09-01
16-17,161486,2021-08-30,2021-09-01
18-49,2652293,2021-08-30,2021-09-01
50-64,1550502,2021-08-30,2021-09-01
65+,1545619,2021-08-30,2021-09-01
Unknown/missing,324,2021-08-30,2021-09-01
12-15,279177,2021-08-29,2021-08-31
16-17,160994,2021-08-29,2021-08-31
18-49,2648107,2021-08-29,2021-08-31
50-64,1548919,2021-08-29,2021-08-31
65+,1544291,2021-08-29,2021-08-31
Unknown/missing,318,2021-08-29,2021-08-31
12-15,275474,2021-08-26,2021-08-30
16-17,159820,2021-08-26,2021-08-30
18-49,2636474,2021-08-26,2021-08-30
50-64,1544855,2021-08-26,2021-08-30
65+,1541714,2021-08-26,2021-08-30
Unknown/missing,307,2021-08-26,2021-08-30
12-15,273252,2021-08-25,2021-08-27
16-17,159059,2021-08-25,2021-08-27
18-49,2630469,2021-08-25,2021-08-27
50-64,1542579,2021-08-25,2021-08-27
65+,1539592,2021-08-25,2021-08-27
Unknown/missing,304,2021-08-25,2021-08-27
12-15,271130,2021-08-24,2021-08-26
16-17,158352,2021-08-24,2021-08-26
18-49,2624930,2021-08-24,2021-08-26
50-64,1540401,2021-08-24,2021-08-26
65+,1537509,2021-08-24,2021-08-26
Unknown/missing,305,2021-08-24,2021-08-26
12-15,268922,2021-08-23,2021-08-25
16-17,157696,2021-08-23,2021-08-25
18-49,2619080,2021-08-23,2021-08-25
50-64,1538158,2021-08-23,2021-08-25
65+,1536342,2021-08-23,2021-08-25
Unknown/missing,302,2021-08-23,2021-08-25
12-15,267330,2021-08-22,2021-08-24
16-17,157211,2021-08-22,2021-08-24
18-49,2615182,2021-08-22,2021-08-24
50-64,1536744,2021-08-22,2021-08-24
65+,1535317,2021-08-22,2021-08-24
Unknown/missing,304,2021-08-22,2021-08-24
12-15,263672,2021-08-19,2021-08-23
16-17,155988,2021-08-19,2021-08-23
18-49,2603844,2021-08-19,2021-08-23
50-64,1532698,2021-08-19,2021-08-23
65+,1532721,2021-08-19,2021-08-23
Unknown/missing,294,2021-08-19,2021-08-23
12-15,261543,2021-08-18,2021-08-20
16-17,155333,2021-08-18,2021-08-20
18-49,2598119,2021-08-18,2021-08-20
50-64,1530368,2021-08-18,2021-08-20
65+,1530990,2021-08-18,2021-08-20
Unknown/missing,291,2021-08-18,2021-08-20
12-15,259456,2021-08-17,2021-08-19
16-17,154691,2021-08-17,2021-08-19
18-49,2592397,2021-08-17,2021-08-19
50-64,1528316,2021-08-17,2021-08-19
65+,1530417,2021-08-17,2021-08-19
Unknown/missing,286,2021-08-17,2021-08-19
12-15,257581,2021-08-16,2021-08-18
16-17,154158,2021-08-16,2021-08-18
18-49,2586892,2021-08-16,2021-08-18
50-64,1526249,2021-08-16,2021-08-18
65+,1529024,2021-08-16,2021-08-18
Unknown/missing,282,2021-08-16,2021-08-18
12-15,255990,2021-08-15,2021-08-17
16-17,153638,2021-08-15,2021-08-17
18-49,2582425,2021-08-15,2021-08-17
50-64,1524596,2021-08-15,2021-08-17
65+,1527982,2021-08-15,2021-08-17
Unknown/missing,284,2021-08-15,2021-08-17
12-15,252060,2021-08-12,2021-08-16
16-17,152303,2021-08-12,2021-08-16
18-49,2570394,2021-08-12,2021-08-16
50-64,1520546,2021-08-12,2021-08-16
65+,1526439,2021-08-12,2021-08-16
Unknown/missing,274,2021-08-12,2021-08-16
12-15,249734,2021-08-11,2021-08-13
16-17,151639,2021-08-11,2021-08-13
18-49,2565207,2021-08-11,2021-08-13
50-64,1518643,2021-08-11,2021-08-13
65+,1525404,2021-08-11,2021-08-13
Unknown/missing,275,2021-08-11,2021-08-13
12-15,247549,2021-08-10,2021-08-12
16-17,150994,2021-08-10,2021-08-12
18-49,2560443,2021-08-10,2021-08-12
50-64,1517096,2021-08-10,2021-08-12
65+,1524619,2021-08-10,2021-08-12
Unknown/missing,273,2021-08-10,2021-08-12
12-15,245750,2021-08-09,2021-08-11
16-17,150473,2021-08-09,2021-08-11
18-49,2556762,2021-08-09,2021-08-11
50-64,1515974,2021-08-09,2021-08-11
65+,1524831,2021-08-09,2021-08-11
Unknown/missing,274,2021-08-09,2021-08-11
12-15,244254,2021-08-08,2021-08-10
16-17,150020,2021-08-08,2021-08-10
18-49,2552998,2021-08-08,2021-08-10
50-64,1514646,2021-08-08,2021-08-10
65+,1524015,2021-08-08,2021-08-10
Unknown/missing,272,2021-08-08,2021-08-10
12-15,240470,2021-08-05,2021-08-09
16-17,148845,2021-08-05,2021-08-09
18-49,2541559,2021-08-05,2021-08-09
50-64,1511046,2021-08-05,2021-08-09
65+,1522737,2021-08-05,2021-08-09
Unknown/missing,261,2021-08-05,2021-08-09
12-15,238284,2021-08-04,2021-08-06
16-17,148138,2021-08-04,2021-08-06
18-49,2535892,2021-08-04,2021-08-06
50-64,1509089,2021-08-04,2021-08-06
65+,1521824,2021-08-04,2021-08-06
Unknown/missing,256,2021-08-04,2021-08-06
12-15,236184,2021-08-03,2021-08-05
16-17,147444,2021-08-03,2021-08-05
18-49,2530349,2021-08-03,2021-08-05
50-64,1507257,2021-08-03,2021-08-05
65+,1520932,2021-08-03,2021-08-05
Unknown/missing,254,2021-08-03,2021-08-05
12-15,234207,2021-08-02,2021-08-04
16-17,146841,2021-08-02,2021-08-04
18-49,2525426,2021-08-02,2021-08-04
50-64,1505506,2021-08-02,2021-08-04
65+,1520070,2021-08-02,2021-08-04
Unknown/missing,251,2021-08-02,2021-08-04
12-15,232719,2021-08-01,2021-08-03
16-17,146387,2021-08-01,2021-08-03
18-49,2521914,2021-08-01,2021-08-03
50-64,1504261,2021-08-01,2021-08-03
65+,1518507,2021-08-01,2021-08-03
Unknown/missing,252,2021-08-01,2021-08-03
12-15,229463,2021-07-29,2021-08-02
16-17,145362,2021-07-29,2021-08-02
18-49,2512134,2021-07-29,2021-08-02
50-64,1500977,2021-07-29,2021-08-02
65+,1517308,2021-07-29,2021-08-02
Unknown/missing,243,2021-07-29,2021-08-02
12-15,227739,2021-07-28,2021-07-30
16-17,144827,2021-07-28,2021-07-30
18-49,2507639,2021-07-28,2021-07-30
50-64,1499333,2021-07-28,2021-07-30
65+,1516489,2021-07-28,2021-07-30
Unknown/missing,242,2021-07-28,2021-07-30
12-15,225986,2021-07-27,2021-07-29
16-17,144290,2021-07-27,2021-07-29
18-49,2503035,2021-07-27,2021-07-29
50-64,1497626,2021-07-27,2021-07-29
65+,1515624,2021-07-27,2021-07-29
Unknown/missing,236,2021-07-27,2021-07-29
12-15,223951,2021-07-26,2021-07-28
16-17,143749,2021-07-26,2021-07-28
18-49,2497618,2021-07-26,2021-07-28
50-64,1495803,2021-07-26,2021-07-28
65+,1514676,2021-07-26,2021-07-28
Unknown/missing,232,2021-07-26,2021-07-28
12-15,223042,2021-07-25,2021-07-27
16-17,143508,2021-07-25,2021-07-27
18-49,2495079,2021-07-25,2021-07-27
50-64,1494810,2021-07-25,2021-07-27
65+,1514041,2021-07-25,2021-07-27
Unknown/missing,229,2021-07-25,2021-07-27
12-15,220800,2021-07-22,2021-07-26
16-17,142814,2021-07-22,2021-07-26
18-49,2488087,2021-07-22,2021-07-26
50-64,1492143,2021-07-22,2021-07-26
65+,1513047,2021-07-22,2021-07-26
Unknown/missing,221,2021-07-22,2021-07-26
12-15,219365,2021-07-21,2021-07-23
16-17,142329,2021-07-21,2021-07-23
18-49,2484228,2021-07-21,2021-07-23
50-64,1490545,2021-07-21,2021-07-23
65+,1512194,2021-07-21,2021-07-23
Unknown/missing,218,2021-07-21,2021-07-23
12-15,217858,2021-07-20,2021-07-22
16-17,141867,2021-07-20,2021-07-22
18-49,2480368,2021-07-20,2021-07-22
50-64,1489105,2021-07-20,2021-07-22
65+,1511355,2021-07-20,2021-07-22
Unknown/missing,215,2021-07-20,2021-07-22
12-15,216418,2021-07-19,2021-07-21
16-17,141452,2021-07-19,2021-07-21
18-49,2476967,2021-07-19,2021-07-21
50-64,1488038,2021-07-19,2021-07-21
65+,1511819,2021-07-19,2021-07-21
Unknown/missing,216,2021-07-19,2021-07-21
12-15,215286,2021-07-18,2021-07-20
16-17,141141,2021-07-18,2021-07-20
18-49,2474353,2021-07-18,2021-07-20
50-64,1487064,2021-07-18,2021-07-20
65+,1511207,2021-07-18,2021-07-20
Unknown/missing,212,2021-07-18,2021-07-20
12-15,213127,2021-07-15,2021-07-19
16-17,140470,2021-07-15,2021-07-19
18-49,2468398,2021-07-15,2021-07-19
50-64,1485006,2021-07-15,2021-07-19
65+,1510318,2021-07-15,2021-07-19
Unknown/missing,205,2021-07-15,2021-07-19
12-15,211602,2021-07-14,2021-07-16
16-17,140059,2021-07-14,2021-07-16
18-49,2465121,2021-07-14,2021-07-16
50-64,1483788,2021-07-14,2021-07-16
65+,1509635,2021-07-14,2021-07-16
Unknown/missing,202,2021-07-14,2021-07-16
12-15,208519,2021-07-12,2021-07-14
16-17,139135,2021-07-12,2021-07-14
18-49,2457479,2021-07-12,2021-07-14
50-64,1480901,2021-07-12,2021-07-14
65+,1505082,2021-07-12,2021-07-14
Unknown/missing,203,2021-07-12,2021-07-14
12-15,207548,2021-07-11,2021-07-13
16-17,138840,2021-07-11,2021-07-13
18-49,2454922,2021-07-11,2021-07-13
50-64,1480019,2021-07-11,2021-07-13
65+,1504488,2021-07-11,2021-07-13
Unknown/missing,203,2021-07-11,2021-07-13
12-15,205327,2021-07-08,2021-07-12
16-17,138086,2021-07-08,2021-07-12
18-49,2448569,2021-07-08,2021-07-12
50-64,1478019,2021-07-08,2021-07-12
65+,1503564,2021-07-08,2021-07-12
Unknown/missing,199,2021-07-08,2021-07-12
12-15,203529,2021-07-07,2021-07-09
16-17,137563,2021-07-07,2021-07-09
18-49,2444698,2021-07-07,2021-07-09
50-64,1476603,2021-07-07,2021-07-09
65+,1502799,2021-07-07,2021-07-09
Unknown/missing,200,2021-07-07,2021-07-09
12-15,201855,2021-07-06,2021-07-08
16-17,137095,2021-07-06,2021-07-08
18-49,2440927,2021-07-06,2021-07-08
50-64,1475372,2021-07-06,2021-07-08
65+,1502110,2021-07-06,2021-07-08
Unknown/missing,206,2021-07-06,2021-07-08
12-15,199948,2021-07-05,2021-07-07
16-17,136595,2021-07-05,2021-07-07
18-49,2436567,2021-07-05,2021-07-07
50-64,1474053,2021-07-05,2021-07-07
65+,1502156,2021-07-05,2021-07-07
Unknown/missing,200,2021-07-05,2021-07-07
12-15,198556,2021-07-02,2021-07-06
16-17,136177,2021-07-02,2021-07-06
18-49,2432555,2021-07-02,2021-07-06
50-64,1472753,2021-07-02,2021-07-06
65+,1501667,2021-07-02,2021-07-06
Unknown/missing,198,2021-07-02,2021-07-06
12-15,197204,2021-07-01,2021-07-03
16-17,135782,2021-07-01,2021-07-03
18-49,2429087,2021-07-01,2021-07-03
50-64,1471557,2021-07-01,2021-07-03
65+,1501106,2021-07-01,2021-07-03
Unknown/missing,199,2021-07-01,2021-07-03
12-15,195228,2021-06-30,2021-07-02
16-17,135292,2021-06-30,2021-07-02
18-49,2425116,2021-06-30,2021-07-02
50-64,1470258,2021-06-30,2021-07-02
65+,1500302,2021-06-30,2021-07-02
Unknown/missing,198,2021-06-30,2021-07-02
12-15,193182,2021-06-29,2021-07-01
16-17,134719,2021-06-29,2021-07-01
18-49,2420789,2021-06-29,2021-07-01
50-64,1468847,2021-06-29,2021-07-01
65+,1499491,2021-06-29,2021-07-01
Unknown/missing,192,2021-06-29,2021-07-01
12-15,190009,2021-06-28,2021-06-30
16-17,133730,2021-06-28,2021-06-30
18-49,2411910,2021-06-28,2021-06-30
50-64,1466111,2021-06-28,2021-06-30
65+,1499433,2021-06-28,2021-06-30
Unknown/missing,196,2021-06-28,2021-06-30
12-15,188641,2021-06-27,2021-06-29
16-17,133363,2021-06-27,2021-06-29
18-49,2408626,2021-06-27,2021-06-29
50-64,1465151,2021-06-27,2021-06-29
65+,1498826,2021-06-27,2021-06-29
Unknown/missing,189,2021-06-27,2021-06-29
12-15,188276,2021-06-26,2021-06-28
16-17,133244,2021-06-26,2021-06-28
18-49,2407583,2021-06-26,2021-06-28
50-64,1464815,2021-06-26,2021-06-28
65+,1498754,2021-06-26,2021-06-28
Unknown/missing,189,2021-06-26,2021-06-28
12-15,186121,2021-06-25,2021-06-27
16-17,132241,2021-06-25,2021-06-27
18-49,2398020,2021-06-25,2021-06-27
50-64,1462144,2021-06-25,2021-06-27
65+,1498179,2021-06-25,2021-06-27
Unknown/missing,185,2021-06-25,2021-06-27
12-15,184192,2021-06-24,2021-06-26
16-17,131347,2021-06-24,2021-06-26
18-49,2390149,2021-06-24,2021-06-26
50-64,1459500,2021-06-24,2021-06-26
65+,1497257,2021-06-24,2021-06-26
Unknown/missing,190,2021-06-24,2021-06-26
12-15,181210,2021-06-23,2021-06-25
16-17,130629,2021-06-23,2021-06-25
18-49,2383364,2021-06-23,2021-06-25
50-64,1457313,2021-06-23,2021-06-25
65+,1496240,2021-06-23,2021-06-25
Unknown/missing,185,2021-06-23,2021-06-25
12-15,178522,2021-06-22,2021-06-24
16-17,129997,2021-06-22,2021-06-24
18-49,2378308,2021-06-22,2021-06-24
50-64,1455483,2021-06-22,2021-06-24
65+,1495272,2021-06-22,2021-06-24
Unknown/missing,183,2021-06-22,2021-06-24
12-15,176396,2021-06-21,2021-06-23
16-17,129469,2021-06-21,2021-06-23
18-49,2373601,2021-06-21,2021-06-23
50-64,1453919,2021-06-21,2021-06-23
65+,1495261,2021-06-21,2021-06-23
Unknown/missing,180,2021-06-21,2021-06-23
12-15,175167,2021-06-20,2021-06-22
16-17,129127,2021-06-20,2021-06-22
18-49,2370201,2021-06-20,2021-06-22
50-64,1452797,2021-06-20,2021-06-22
65+,1494559,2021-06-20,2021-06-22
Unknown/missing,180,2021-06-20,2021-06-22
12-15,174602,2021-06-19,2021-06-21
16-17,128961,2021-06-19,2021-06-21
18-49,2368427,2021-06-19,2021-06-21
50-64,1452227,2021-06-19,2021-06-21
65+,1494452,2021-06-19,2021-06-21
Unknown/missing,179,2021-06-19,2021-06-21
12-15,172156,2021-06-18,2021-06-20
16-17,128422,2021-06-18,2021-06-20
18-49,2363687,2021-06-18,2021-06-20
50-64,1450848,2021-06-18,2021-06-20
65+,1494050,2021-06-18,2021-06-20
Unknown/missing,173,2021-06-18,2021-06-20
12-15,168562,2021-06-17,2021-06-19
16-17,127756,2021-06-17,2021-06-19
18-49,2358356,2021-06-17,2021-06-19
50-64,1449076,2021-06-17,2021-06-19
65+,1493162,2021-06-17,2021-06-19
Unknown/missing,169,2021-06-17,2021-06-19
12-15,163787,2021-06-16,2021-06-18
16-17,126668,2021-06-16,2021-06-18
18-49,2349424,2021-06-16,2021-06-18
50-64,1446147,2021-06-16,2021-06-18
65+,1491890,2021-06-16,2021-06-18
Unknown/missing,169,2021-06-16,2021-06-18
12-15,158887,2021-06-15,2021-06-17
16-17,125700,2021-06-15,2021-06-17
18-49,2342244,2021-06-15,2021-06-17
50-64,1443885,2021-06-15,2021-06-17
65+,1490843,2021-06-15,2021-06-17
Unknown/missing,170,2021-06-15,2021-06-17
12-15,153022,2021-06-14,2021-06-16
16-17,124751,2021-06-14,2021-06-16
18-49,2335046,2021-06-14,2021-06-16
50-64,1441625,2021-06-14,2021-06-16
65+,1490616,2021-06-14,2021-06-16
Unknown/missing,171,2021-06-14,2021-06-16
12-15,146907,2021-06-13,2021-06-15
16-17,123694,2021-06-13,2021-06-15
18-49,2325155,2021-06-13,2021-06-15
50-64,1438663,2021-06-13,2021-06-15
65+,1489471,2021-06-13,2021-06-15
Unknown/missing,167,2021-06-13,2021-06-15
12-15,145848,2021-06-12,2021-06-14
16-17,123425,2021-06-12,2021-06-14
18-49,2322830,2021-06-12,2021-06-14
50-64,1437968,2021-06-12,2021-06-14
65+,1489314,2021-06-12,2021-06-14
Unknown/missing,169,2021-06-12,2021-06-14
12-15,142675,2021-06-11,2021-06-13
16-17,122937,2021-06-11,2021-06-13
18-49,2319517,2021-06-11,2021-06-13
50-64,1436787,2021-06-11,2021-06-13
65+,1488995,2021-06-11,2021-06-13
Unknown/missing,166,2021-06-11,2021-06-13
12-15,135849,2021-06-10,2021-06-12
16-17,121784,2021-06-10,2021-06-12
18-49,2310885,2021-06-10,2021-06-12
50-64,1433933,2021-06-10,2021-06-12
65+,1487971,2021-06-10,2021-06-12
Unknown/missing,157,2021-06-10,2021-06-12
12-15,128228,2021-06-09,2021-06-11
16-17,120484,2021-06-09,2021-06-11
18-49,2302308,2021-06-09,2021-06-11
50-64,1430880,2021-06-09,2021-06-11
65+,1486675,2021-06-09,2021-06-11
Unknown/missing,152,2021-06-09,2021-06-11
12-15,118394,2021-06-08,2021-06-10
16-17,119052,2021-06-08,2021-06-10
18-49,2292868,2021-06-08,2021-06-10
50-64,1427611,2021-06-08,2021-06-10
65+,1485227,2021-06-08,2021-06-10
Unknown/missing,141,2021-06-08,2021-06-10
12-15,110699,2021-06-07,2021-06-09
16-17,117974,2021-06-07,2021-06-09
18-49,2284214,2021-06-07,2021-06-09
50-64,1424673,2021-06-07,2021-06-09
65+,1484871,2021-06-07,2021-06-09
Unknown/missing,134,2021-06-07,2021-06-09
12-15,104829,2021-06-06,2021-06-08
16-17,117117,2021-06-06,2021-06-08
18-49,2277856,2021-06-06,2021-06-08
50-64,1422583,2021-06-06,2021-06-08
65+,1483856,2021-06-06,2021-06-08
Unknown/missing,131,2021-06-06,2021-06-08
12-15,100921,2021-06-05,2021-06-07
16-17,116723,2021-06-05,2021-06-07
18-49,2275204,2021-06-05,2021-06-07
50-64,1421784,2021-06-05,2021-06-07
65+,1483677,2021-06-05,2021-06-07
Unknown/missing,129,2021-06-05,2021-06-07
12-15,93085,2021-06-04,2021-06-06
16-17,115731,2021-06-04,2021-06-06
18-49,2268305,2021-06-04,2021-06-06
50-64,1419479,2021-06-04,2021-06-06
65+,1483120,2021-06-04,2021-06-06
Unknown/missing,124,2021-06-04,2021-06-06
12-15,85533,2021-06-03,2021-06-05
16-17,114765,2021-06-03,2021-06-05
18-49,2260066,2021-06-03,2021-06-05
50-64,1416555,2021-06-03,2021-06-05
65+,1481905,2021-06-03,2021-06-05
Unknown/missing,120,2021-06-03,2021-06-05
12-15,81827,2021-06-02,2021-06-04
16-17,113667,2021-06-02,2021-06-04
18-49,2249836,2021-06-02,2021-06-04
50-64,1412796,2021-06-02,2021-06-04
65+,1480249,2021-06-02,2021-06-04
Unknown/missing,120,2021-06-02,2021-06-04
12-15,79748,2021-06-01,2021-06-03
16-17,112664,2021-06-01,2021-06-03
18-49,2240212,2021-06-01,2021-06-03
50-64,1408965,2021-06-01,2021-06-03
65+,1478458,2021-06-01,2021-06-03
Unknown/missing,115,2021-06-01,2021-06-03
12-15,78691,2021-05-31,2021-06-02
16-17,111983,2021-05-31,2021-06-02
18-49,2233077,2021-05-31,2021-06-02
50-64,1406091,2021-05-31,2021-06-02
65+,1477838,2021-05-31,2021-06-02
Unknown/missing,114,2021-05-31,2021-06-02
12-15,78006,2021-05-29,2021-06-01
16-17,111516,2021-05-29,2021-06-01
18-49,2227631,2021-05-29,2021-06-01
50-64,1404306,2021-05-29,2021-06-01
65+,1477426,2021-05-29,2021-06-01
Unknown/missing,112,2021-05-29,2021-06-01
12-15,76558,2021-05-28,2021-05-30
16-17,110930,2021-05-28,2021-05-30
18-49,2221908,2021-05-28,2021-05-30
50-64,1402355,2021-05-28,2021-05-30
65+,1476970,2021-05-28,2021-05-30
Unknown/missing,109,2021-05-28,2021-05-30
12-15,73589,2021-05-27,2021-05-29
16-17,109764,2021-05-27,2021-05-29
18-49,2209793,2021-05-27,2021-05-29
50-64,1398047,2021-05-27,2021-05-29
65+,1475512,2021-05-27,2021-05-29
Unknown/missing,106,2021-05-27,2021-05-29
12-15,70582,2021-05-26,2021-05-28
16-17,108116,2021-05-26,2021-05-28
18-49,2195675,2021-05-26,2021-05-28
50-64,1392746,2021-05-26,2021-05-28
65+,1473601,2021-05-26,2021-05-28
Unknown/missing,107,2021-05-26,2021-05-28
12-15,66741,2021-05-25,2021-05-27
16-17,106423,2021-05-25,2021-05-27
18-49,2180252,2021-05-25,2021-05-27
50-64,1387206,2021-05-25,2021-05-27
65+,1471488,2021-05-25,2021-05-27
Unknown/missing,105,2021-05-25,2021-05-27
12-15,62711,2021-05-24,2021-05-26
16-17,104526,2021-05-24,2021-05-26
18-49,2162672,2021-05-24,2021-05-26
50-64,1380978,2021-05-24,2021-05-26
65+,1470382,2021-05-24,2021-05-26
Unknown/missing,105,2021-05-24,2021-05-26
12-15,60825,2021-05-23,2021-05-25
16-17,103530,2021-05-23,2021-05-25
18-49,2152582,2021-05-23,2021-05-25
50-64,1377075,2021-05-23,2021-05-25
65+,1468817,2021-05-23,2021-05-25
Unknown/missing,95,2021-05-23,2021-05-25
16-17,102916,2021-05-22,2021-05-24
18-49,2147161,2021-05-22,2021-05-24
50-64,1375393,2021-05-22,2021-05-24
65+,1468451,2021-05-22,2021-05-24
Unknown/missing,59059,2021-05-22,2021-05-24
16-17,101347,2021-05-21,2021-05-23
18-49,2133679,2021-05-21,2021-05-23
50-64,1370872,2021-05-21,2021-05-23
65+,1467487,2021-05-21,2021-05-23
Unknown/missing,55094,2021-05-21,2021-05-23
16-17,98866,2021-05-20,2021-05-22
18-49,2113642,2021-05-20,2021-05-22
50-64,1363561,2021-05-20,2021-05-22
65+,1465041,2021-05-20,2021-05-22
Unknown/missing,49885,2021-05-20,2021-05-22
16-17,94896,2021-05-19,2021-05-21
18-49,2082814,2021-05-19,2021-05-21
50-64,1352348,2021-05-19,2021-05-21
65+,1461831,2021-05-19,2021-05-21
Unknown/missing,38859,2021-05-19,2021-05-21
16-17,92061,2021-05-18,2021-05-20
18-49,2059993,2021-05-18,2021-05-20
50-64,1343924,2021-05-18,2021-05-20
65+,1459190,2021-05-18,2021-05-20
Unknown/missing,29388,2021-05-18,2021-05-20
16-17,88810,2021-05-17,2021-05-19
18-49,2023602,2021-05-17,2021-05-19
50-64,1328255,2021-05-17,2021-05-19
65+,1453100,2021-05-17,2021-05-19
Unknown/missing,21182,2021-05-17,2021-05-19
16-17,87243,2021-05-16,2021-05-18
18-49,2007524,2021-05-16,2021-05-18
50-64,1321741,2021-05-16,2021-05-18
65+,1451047,2021-05-16,2021-05-18
Unknown/missing,18117,2021-05-16,2021-05-18
16-17,86366,2021-05-15,2021-05-17
18-49,1999161,2021-05-15,2021-05-17
50-64,1319667,2021-05-15,2021-05-17
65+,1450694,2021-05-15,2021-05-17
Unknown/missing,14950,2021-05-15,2021-05-17
16-17,84723,2021-05-14,2021-05-16
18-49,1985392,2021-05-14,2021-05-16
50-64,1315164,2021-05-14,2021-05-16
65+,1449357,2021-05-14,2021-05-16
Unknown/missing,10499,2021-05-14,2021-05-16
16-17,82133,2021-05-13,2021-05-15
18-49,1961256,2021-05-13,2021-05-15
50-64,1306063,2021-05-13,2021-05-15
65+,1446975,2021-05-13,2021-05-15
Unknown/missing,3224,2021-05-13,2021-05-15
16-17,79746,2021-05-12,2021-05-14
18-49,1935464,2021-05-12,2021-05-14
50-64,1295117,2021-05-12,2021-05-14
65+,1443767,2021-05-12,2021-05-14
Unknown/missing,333,2021-05-12,2021-05-14
16-17,77789,2021-05-11,2021-05-13
18-49,1912690,2021-05-11,2021-05-13
50-64,1284642,2021-05-11,2021-05-13
65+,1441060,2021-05-11,2021-05-13
Unknown/missing,274,2021-05-11,2021-05-13
16-17,75700,2021-05-10,2021-05-12
18-49,1888827,2021-05-10,2021-05-12
50-64,1273006,2021-05-10,2021-05-12
65+,1439164,2021-05-10,2021-05-12
Unknown/missing,268,2021-05-10,2021-05-12
16-17,74460,2021-05-09,2021-05-11
18-49,1871148,2021-05-09,2021-05-11
50-64,1263101,2021-05-09,2021-05-11
65+,1436812,2021-05-09,2021-05-11
Unknown/missing,261,2021-05-09,2021-05-11
16-17,73009,2021-05-08,2021-05-10
18-49,1857004,2021-05-08,2021-05-10
50-64,1258629,2021-05-08,2021-05-10
65+,1436306,2021-05-08,2021-05-10
Unknown/missing,247,2021-05-08,2021-05-10
16-17,71332,2021-05-07,2021-05-09
18-49,1837671,2021-05-07,2021-05-09
50-64,1250333,2021-05-07,2021-05-09
65+,1435119,2021-05-07,2021-05-09
Unknown/missing,238,2021-05-07,2021-05-09
16-17,68513,2021-05-06,2021-05-08
18-49,1811103,2021-05-06,2021-05-08
50-64,1237630,2021-05-06,2021-05-08
65+,1434285,2021-05-06,2021-05-08
Unknown/missing,228,2021-05-06,2021-05-08
16-17,66008,2021-05-05,2021-05-07
18-49,1782848,2021-05-05,2021-05-07
50-64,1223364,2021-05-05,2021-05-07
65+,1431641,2021-05-05,2021-05-07
Unknown/missing,217,2021-05-05,2021-05-07
16-17,63305,2021-05-04,2021-05-06
18-49,1755727,2021-05-04,2021-05-06
50-64,1209960,2021-05-04,2021-05-06
65+,1428521,2021-05-04,2021-05-06
Unknown/missing,212,2021-05-04,2021-05-06
16-17,61363,2021-05-03,2021-05-05
18-49,1732825,2021-05-03,2021-05-05
50-64,1196284,2021-05-03,2021-05-05
65+,1425480,2021-05-03,2021-05-05
Unknown/missing,211,2021-05-03,2021-05-05
16-17,60123,2021-05-02,2021-05-04
18-49,1719758,2021-05-02,2021-05-04
50-64,1187592,2021-05-02,2021-05-04
65+,1423388,2021-05-02,2021-05-04
Unknown/missing,205,2021-05-02,2021-05-04
16-17,59347,2021-05-01,2021-05-03
18-49,1711617,2021-05-01,2021-05-03
50-64,1185383,2021-05-01,2021-05-03
65+,1423109,2021-05-01,2021-05-03
Unknown/missing,198,2021-05-01,2021-05-03
16-17,57745,2021-04-30,2021-05-02
18-49,1697806,2021-04-30,2021-05-02
50-64,1180174,2021-04-30,2021-05-02
65+,1422302,2021-04-30,2021-05-02
Unknown/missing,192,2021-04-30,2021-05-02
16-17,54465,2021-04-29,2021-05-01
18-49,1667346,2021-04-29,2021-05-01
50-64,1164915,2021-04-29,2021-05-01
65+,1419233,2021-04-29,2021-05-01
Unknown/missing,185,2021-04-29,2021-05-01
16-17,51445,2021-04-28,2021-04-30
18-49,1628287,2021-04-28,2021-04-30
50-64,1144519,2021-04-28,2021-04-30
65+,1414802,2021-04-28,2021-04-30
Unknown/missing,179,2021-04-28,2021-04-30
16-17,47825,2021-04-27,2021-04-29
18-49,1592880,2021-04-27,2021-04-29
50-64,1125757,2021-04-27,2021-04-29
65+,1410678,2021-04-27,2021-04-29
Unknown/missing,179,2021-04-27,2021-04-29
16-17,45651,2021-04-26,2021-04-28
18-49,1568409,2021-04-26,2021-04-28
50-64,1112186,2021-04-26,2021-04-28
65+,1407450,2021-04-26,2021-04-28
Unknown/missing,175,2021-04-26,2021-04-28
16-17,43817,2021-04-25,2021-04-27
18-49,1545619,2021-04-25,2021-04-27
50-64,1098260,2021-04-25,2021-04-27
65+,1404641,2021-04-25,2021-04-27
Unknown/missing,159,2021-04-25,2021-04-27
16-17,42991,2021-04-24,2021-04-26
18-49,1535888,2021-04-24,2021-04-26
50-64,1095085,2021-04-24,2021-04-26
65+,1404190,2021-04-24,2021-04-26
Unknown/missing,154,2021-04-24,2021-04-26
16-17,41076,2021-04-23,2021-04-25
18-49,1513713,2021-04-23,2021-04-25
50-64,1084920,2021-04-23,2021-04-25
65+,1402728,2021-04-23,2021-04-25
Unknown/missing,140,2021-04-23,2021-04-25
16-17,37510,2021-04-22,2021-04-24
18-49,1470418,2021-04-22,2021-04-24
50-64,1059370,2021-04-22,2021-04-24
65+,1397938,2021-04-22,2021-04-24
Unknown/missing,126,2021-04-22,2021-04-24
16-17,34267,2021-04-21,2021-04-23
18-49,1435722,2021-04-21,2021-04-23
50-64,1037063,2021-04-21,2021-04-23
65+,1393427,2021-04-21,2021-04-23
Unknown/missing,130,2021-04-21,2021-04-23
16-17,32054,2021-04-20,2021-04-22
18-49,1402656,2021-04-20,2021-04-22
50-64,1013699,2021-04-20,2021-04-22
65+,1388531,2021-04-20,2021-04-22
Unknown/missing,122,2021-04-20,2021-04-22
16-17,30245,2021-04-19,2021-04-21
18-49,1375552,2021-04-19,2021-04-21
50-64,994713,2021-04-19,2021-04-21
65+,1384550,2021-04-19,2021-04-21
Unknown/missing,119,2021-04-19,2021-04-21
16-17,29414,2021-04-18,2021-04-20
18-49,1357336,2021-04-18,2021-04-20
50-64,980384,2021-04-18,2021-04-20
65+,1381372,2021-04-18,2021-04-20
Unknown/missing,116,2021-04-18,2021-04-20
16-17,28378,2021-04-17,2021-04-19
18-49,1346260,2021-04-17,2021-04-19
50-64,975609,2021-04-17,2021-04-19
65+,1380827,2021-04-17,2021-04-19
Unknown/missing,111,2021-04-17,2021-04-19
16-17,26848,2021-04-16,2021-04-18
18-49,1323419,2021-04-16,2021-04-18
50-64,959070,2021-04-16,2021-04-18
65+,1378508,2021-04-16,2021-04-18
Unknown/missing,108,2021-04-16,2021-04-18
16-17,24379,2021-04-15,2021-04-17
18-49,1288505,2021-04-15,2021-04-17
50-64,932100,2021-04-15,2021-04-17
65+,1372133,2021-04-15,2021-04-17
Unknown/missing,99,2021-04-15,2021-04-17
16-17,22404,2021-04-14,2021-04-16
18-49,1244464,2021-04-14,2021-04-16
50-64,899857,2021-04-14,2021-04-16
65+,1365213,2021-04-14,2021-04-16
Unknown/missing,97,2021-04-14,2021-04-16
16-17,20379,2021-04-13,2021-04-15
18-49,1211039,2021-04-13,2021-04-15
50-64,875974,2021-04-13,2021-04-15
65+,1358913,2021-04-13,2021-04-15
Unknown/missing,89,2021-04-13,2021-04-15
16-17,19199,2021-04-12,2021-04-14
18-49,1184836,2021-04-12,2021-04-14
50-64,857237,2021-04-12,2021-04-14
65+,1352569,2021-04-12,2021-04-14
Unknown/missing,87,2021-04-12,2021-04-14
16-17,18452,2021-04-11,2021-04-13
18-49,1161282,2021-04-11,2021-04-13
50-64,840842,2021-04-11,2021-04-13
65+,1348421,2021-04-11,2021-04-13
Unknown/missing,86,2021-04-11,2021-04-13
16-17,17837,2021-04-10,2021-04-12
18-49,1145434,2021-04-10,2021-04-12
50-64,833693,2021-04-10,2021-04-12
65+,1347410,2021-04-10,2021-04-12
Unknown/missing,82,2021-04-10,2021-04-12
16-17,16756,2021-04-09,2021-04-11
18-49,1116475,2021-04-09,2021-04-11
50-64,817460,2021-04-09,2021-04-11
65+,1343463,2021-04-09,2021-04-11
Unknown/missing,77,2021-04-09,2021-04-11
16-17,14978,2021-04-08,2021-04-10
18-49,1070840,2021-04-08,2021-04-10
50-64,787450,2021-04-08,2021-04-10
65+,1334552,2021-04-08,2021-04-10
Unknown/missing,72,2021-04-08,2021-04-10
16-17,13270,2021-04-07,2021-04-09
18-49,1026820,2021-04-07,2021-04-09
50-64,755621,2021-04-07,2021-04-09
65+,1322899,2021-04-07,2021-04-09
Unknown/missing,68,2021-04-07,2021-04-09
16-17,11874,2021-04-06,2021-04-08
18-49,993888,2021-04-06,2021-04-08
50-64,729215,2021-04-06,2021-04-08
65+,1313387,2021-04-06,2021-04-08
Unknown/missing,65,2021-04-06,2021-04-08
16-17,10952,2021-04-05,2021-04-07
18-49,971593,2021-04-05,2021-04-07
50-64,712283,2021-04-05,2021-04-07
65+,1301104,2021-04-05,2021-04-07
Unknown/missing,65,2021-04-05,2021-04-07
16-17,10355,2021-04-04,2021-04-06
18-49,949309,2021-04-04,2021-04-06
50-64,694352,2021-04-04,2021-04-06
65+,1293367,2021-04-04,2021-04-06
Unknown/missing,67,2021-04-04,2021-04-06
16-17,9351,2021-04-02,2021-04-05
18-49,921312,2021-04-02,2021-04-05
50-64,678553,2021-04-02,2021-04-05
65+,1285897,2021-04-02,2021-04-05
Unknown/missing,59,2021-04-02,2021-04-05
16-17,8499,2021-04-01,2021-04-03
18-49,892257,2021-04-01,2021-04-03
50-64,655967,2021-04-01,2021-04-03
65+,1269259,2021-04-01,2021-04-03
Unknown/missing,65,2021-04-01,2021-04-03
16-17,7419,2021-03-31,2021-04-02
18-49,857652,2021-03-31,2021-04-02
50-64,627940,2021-03-31,2021-04-02
65+,1247399,2021-03-31,2021-04-02
Unknown/missing,64,2021-03-31,2021-04-02
16-17,6680,2021-03-30,2021-04-01
18-49,832359,2021-03-30,2021-04-01
50-64,606786,2021-03-30,2021-04-01
65+,1228783,2021-03-30,2021-04-01
Unknown/missing,59,2021-03-30,2021-04-01
16-17,6307,2021-03-29,2021-03-31
18-49,815720,2021-03-29,2021-03-31
50-64,592336,2021-03-29,2021-03-31
65+,1213972,2021-03-29,2021-03-31
Unknown/missing,52,2021-03-29,2021-03-31
16-17,6106,2021-03-28,2021-03-30
18-49,800987,2021-03-28,2021-03-30
50-64,580478,2021-03-28,2021-03-30
65+,1192734,2021-03-28,2021-03-30
Unknown/missing,57,2021-03-28,2021-03-30
16-17,5771,2021-03-27,2021-03-29
18-49,786059,2021-03-27,2021-03-29
50-64,567683,2021-03-27,2021-03-29
65+,1185475,2021-03-27,2021-03-29
Unknown/missing,45,2021-03-27,2021-03-29
16-17,5491,2021-03-26,2021-03-28
18-49,774216,2021-03-26,2021-03-28
50-64,557666,2021-03-26,2021-03-28
65+,1175420,2021-03-26,2021-03-28
Unknown/missing,44,2021-03-26,2021-03-28
16-17,5082,2021-03-25,2021-03-27
18-49,750067,2021-03-25,2021-03-27
50-64,538243,2021-03-25,2021-03-27
65+,1147780,2021-03-25,2021-03-27
Unknown/missing,38,2021-03-25,2021-03-27
16-17,4586,2021-03-24,2021-03-26
18-49,722686,2021-03-24,2021-03-26
50-64,514020,2021-03-24,2021-03-26
65+,1122166,2021-03-24,2021-03-26
Unknown/missing,37,2021-03-24,2021-03-26
16-17,4179,2021-03-23,2021-03-25
18-49,703099,2021-03-23,2021-03-25
50-64,494929,2021-03-23,2021-03-25
65+,1103558,2021-03-23,2021-03-25
Unknown/missing,31,2021-03-23,2021-03-25
16-17,3945,2021-03-22,2021-03-24
18-49,692563,2021-03-22,2021-03-24
50-64,484107,2021-03-22,2021-03-24
65+,1091026,2021-03-22,2021-03-24
Unknown/missing,31,2021-03-22,2021-03-24
16-17,3840,2021-03-21,2021-03-23
18-49,683813,2021-03-21,2021-03-23
50-64,475453,2021-03-21,2021-03-23
65+,1083565,2021-03-21,2021-03-23
Unknown/missing,39,2021-03-21,2021-03-23
16-17,3725,2021-03-20,2021-03-22
18-49,679280,2021-03-20,2021-03-22
50-64,471543,2021-03-20,2021-03-22
65+,1080692,2021-03-20,2021-03-22
Unknown/missing,41,2021-03-20,2021-03-22
16-17,3560,2021-03-19,2021-03-21
18-49,667880,2021-03-19,2021-03-21
50-64,459074,2021-03-19,2021-03-21
65+,1072123,2021-03-19,2021-03-21
Unknown/missing,36,2021-03-19,2021-03-21
16-17,3364,2021-03-18,2021-03-20
18-49,648139,2021-03-18,2021-03-20
50-64,439330,2021-03-18,2021-03-20
65+,1052484,2021-03-18,2021-03-20
Unknown/missing,31,2021-03-18,2021-03-20
16-17,3151,2021-03-17,2021-03-19
18-49,631667,2021-03-17,2021-03-19
50-64,421356,2021-03-17,2021-03-19
65+,1025890,2021-03-17,2021-03-19
Unknown/missing,24,2021-03-17,2021-03-19
16-17,2903,2021-03-16,2021-03-18
18-49,613944,2021-03-16,2021-03-18
50-64,401719,2021-03-16,2021-03-18
65+,1004990,2021-03-16,2021-03-18
Unknown/missing,18,2021-03-16,2021-03-18
16-17,2721,2021-03-15,2021-03-17
18-49,604207,2021-03-15,2021-03-17
50-64,392552,2021-03-15,2021-03-17
65+,988208,2021-03-15,2021-03-17
Unknown/missing,17,2021-03-15,2021-03-17
16-17,2565,2021-03-14,2021-03-16
18-49,595594,2021-03-14,2021-03-16
50-64,385365,2021-03-14,2021-03-16
65+,971812,2021-03-14,2021-03-16
Unknown/missing,18,2021-03-14,2021-03-16
16-17,2470,2021-03-13,2021-03-15
18-49,593187,2021-03-13,2021-03-15
50-64,383135,2021-03-13,2021-03-15
65+,969075,2021-03-13,2021-03-15
Unknown/missing,18,2021-03-13,2021-03-15
16-17,2282,2021-03-12,2021-03-14
18-49,583366,2021-03-12,2021-03-14
50-64,374495,2021-03-12,2021-03-14
65+,954555,2021-03-12,2021-03-14
Unknown/missing,15,2021-03-12,2021-03-14
16-17,2122,2021-03-11,2021-03-13
18-49,566742,2021-03-11,2021-03-13
50-64,359041,2021-03-11,2021-03-13
65+,928401,2021-03-11,2021-03-13
Unknown/missing,17,2021-03-11,2021-03-13
16-17,1963,2021-03-10,2021-03-12
18-49,551041,2021-03-10,2021-03-12
50-64,341324,2021-03-10,2021-03-12
65+,901172,2021-03-10,2021-03-12
Unknown/missing,17,2021-03-10,2021-03-12
16-17,1847,2021-03-09,2021-03-11
18-49,539205,2021-03-09,2021-03-11
50-64,328851,2021-03-09,2021-03-11
65+,877502,2021-03-09,2021-03-11
Unknown/missing,15,2021-03-09,2021-03-11
16-17,1792,2021-03-08,2021-03-10
18-49,528723,2021-03-08,2021-03-10
50-64,320152,2021-03-08,2021-03-10
65+,848112,2021-03-08,2021-03-10
Unknown/missing,14,2021-03-08,2021-03-10
16-17,1775,2021-03-07,2021-03-09
18-49,524194,2021-03-07,2021-03-09
50-64,316696,2021-03-07,2021-03-09
65+,832995,2021-03-07,2021-03-09
Unknown/missing,16,2021-03-07,2021-03-09
16-17,1752,2021-03-06,2021-03-08
18-49,519747,2021-03-06,2021-03-08
50-64,313055,2021-03-06,2021-03-08
65+,820486,2021-03-06,2021-03-08
Unknown/missing,16,2021-03-06,2021-03-08
16-17,1719,2021-03-05,2021-03-07
18-49,509831,2021-03-05,2021-03-07
50-64,305731,2021-03-05,2021-03-07
65+,795426,2021-03-05,2021-03-07
Unknown/missing,15,2021-03-05,2021-03-07
16-17,1686,2021-03-04,2021-03-06
18-49,498846,2021-03-04,2021-03-06
50-64,296994,2021-03-04,2021-03-06
65+,763789,2021-03-04,2021-03-06
Unknown/missing,14,2021-03-04,2021-03-06
16-17,1652,2021-03-03,2021-03-05
18-49,487933,2021-03-03,2021-03-05
50-64,287955,2021-03-03,2021-03-05
65+,720814,2021-03-03,2021-03-05
Unknown/missing,15,2021-03-03,2021-03-05
16-17,1601,2021-03-02,2021-03-04
18-49,479471,2021-03-02,2021-03-04
50-64,281241,2021-03-02,2021-03-04
65+,688033,2021-03-02,2021-03-04
Unknown/Missing,14,2021-03-02,2021-03-04
16-17,1582,2021-03-01,2021-03-03
18-49,472815,2021-03-01,2021-03-03
50-64,276662,2021-03-01,2021-03-03
65+,664301,2021-03-01,2021-03-03
Unknown/Missing,12,2021-03-01,2021-03-03
16-17,1564,2021-02-28,2021-03-02
18-49,465268,2021-02-28,2021-03-02
50-64,272088,2021-02-28,2021-03-02
65+,644676,2021-02-28,2021-03-02
Unknown/Missing,13,2021-02-28,2021-03-02
16-17,1561,2021-02-27,2021-03-01
18-49,460245,2021-02-27,2021-03-01
50-64,269222,2021-02-27,2021-03-01
65+,640732,2021-02-27,2021-03-01
Unknown/Missing,12,2021-02-27,2021-03-01
16-17,1546,2021-02-26,2021-02-28
18-49,450880,2021-02-26,2021-02-28
50-64,263575,2021-02-26,2021-02-28
65+,622831,2021-02-26,2021-02-28
Unknown/Missing,9,2021-02-26,2021-02-28
16-17,1494,2021-02-25,2021-02-27
18-49,431973,2021-02-25,2021-02-27
50-64,252016,2021-02-25,2021-02-27
65+,584080,2021-02-25,2021-02-27
Unknown/Missing,9,2021-02-25,2021-02-27
16-17,1458,2021-02-24,2021-02-26
18-49,420659,2021-02-24,2021-02-26
50-64,244510,2021-02-24,2021-02-26
65+,546176,2021-02-24,2021-02-26
Unknown/Missing,13,2021-02-24,2021-02-26
16-17,1416,2021-02-23,2021-02-25
18-49,412633,2021-02-23,2021-02-25
50-64,239054,2021-02-23,2021-02-25
65+,518145,2021-02-23,2021-02-25
Unknown/Missing,10,2021-02-23,2021-02-25
16-17,1380,2021-02-22,2021-02-24
18-49,406893,2021-02-22,2021-02-24
50-64,235275,2021-02-22,2021-02-24
65+,499184,2021-02-22,2021-02-24
Unknown/Missing,9,2021-02-22,2021-02-24
16-17,1371,2021-02-21,2021-02-23
18-49,403108,2021-02-21,2021-02-23
50-64,232581,2021-02-21,2021-02-23
65+,488843,2021-02-21,2021-02-23
Unknown/Missing,13,2021-02-21,2021-02-23
16-17,1367,2021-02-20,2021-02-22
18-49,401333,2021-02-20,2021-02-22
50-64,231168,2021-02-20,2021-02-22
65+,484651,2021-02-20,2021-02-22
Unknown/Missing,13,2021-02-20,2021-02-22
16-17,1355,2021-02-19,2021-02-21
18-49,397534,2021-02-19,2021-02-21
50-64,228239,2021-02-19,2021-02-21
65+,470540,2021-02-19,2021-02-21
Unknown/Missing,11,2021-02-19,2021-02-21
16-17,1309,2021-02-18,2021-02-20
18-49,387955,2021-02-18,2021-02-20
50-64,222191,2021-02-18,2021-02-20
65+,448154,2021-02-18,2021-02-20
Unknown/Missing,8,2021-02-18,2021-02-20
16-17,1255,2021-02-17,2021-02-19
18-49,378848,2021-02-17,2021-02-19
50-64,215989,2021-02-17,2021-02-19
65+,420111,2021-02-17,2021-02-19
Unknown/Missing,7,2021-02-17,2021-02-19
16-17,1209,2021-02-16,2021-02-18
18-49,369639,2021-02-16,2021-02-18
50-64,209814,2021-02-16,2021-02-18
65+,394942,2021-02-16,2021-02-18
Unknown/Missing,22,2021-02-16,2021-02-18
16-17,1152,2021-02-15,2021-02-17
18-49,361172,2021-02-15,2021-02-17
50-64,204664,2021-02-15,2021-02-17
65+,376250,2021-02-15,2021-02-17
Unknown/Missing,13,2021-02-15,2021-02-17
16-17,1147,2021-02-14,2021-02-16
18-49,358441,2021-02-14,2021-02-16
50-64,202842,2021-02-14,2021-02-16
65+,364941,2021-02-14,2021-02-16
Unknown/Missing,13,2021-02-14,2021-02-16
16-17,1144,2021-02-13,2021-02-15
18-49,355786,2021-02-13,2021-02-15
50-64,201064,2021-02-13,2021-02-15
65+,356977,2021-02-13,2021-02-15
Unknown/Missing,13,2021-02-13,2021-02-15
16-17,1128,2021-02-12,2021-02-14
18-49,351116,2021-02-12,2021-02-14
50-64,197474,2021-02-12,2021-02-14
65+,340100,2021-02-12,2021-02-14
Unknown/Missing,13,2021-02-12,2021-02-14
16-17,1096,2021-02-11,2021-02-13
18-49,340832,2021-02-11,2021-02-13
50-64,190630,2021-02-11,2021-02-13
65+,319436,2021-02-11,2021-02-13
<16,8,2021-02-11,2021-02-13
16-17,1034,2021-02-10,2021-02-12
18-49,329427,2021-02-10,2021-02-12
50-64,183222,2021-02-10,2021-02-12
65+,295134,2021-02-10,2021-02-12
Unknown/Missing,10,2021-02-10,2021-02-12
16-17,978,2021-02-09,2021-02-11
18-49,320952,2021-02-09,2021-02-11
50-64,177464,2021-02-09,2021-02-11
65+,278056,2021-02-09,2021-02-11
Unknown/Missing,9,2021-02-09,2021-02-11
16-17,954,2021-02-08,2021-02-10
18-49,313996,2021-02-08,2021-02-10
50-64,173501,2021-02-08,2021-02-10
65+,264558,2021-02-08,2021-02-10
Unknown/Missing,10,2021-02-08,2021-02-10
16-17,924,2021-02-07,2021-02-09
18-49,307296,2021-02-07,2021-02-09
50-64,169205,2021-02-07,2021-02-09
65+,254779,2021-02-07,2021-02-09
Unknown/Missing,12,2021-02-07,2021-02-09
16-17,923,2021-02-06,2021-02-08
18-49,305745,2021-02-06,2021-02-08
50-64,168078,2021-02-06,2021-02-08
65+,252717,2021-02-06,2021-02-08
Unknown/Missing,12,2021-02-06,2021-02-08
16-17,894,2021-02-05,2021-02-07
18-49,300382,2021-02-05,2021-02-07
50-64,164674,2021-02-05,2021-02-07
65+,245719,2021-02-05,2021-02-07
Unknown/Missing,9,2021-02-05,2021-02-07
16-17,831,2021-02-04,2021-02-06
18-49,288659,2021-02-04,2021-02-06
50-64,157520,2021-02-04,2021-02-06
65+,226566,2021-02-04,2021-02-06
Unknown/Missing,10,2021-02-04,2021-02-06
16-17,733,2021-02-01,2021-02-03
18-49,261036,2021-02-01,2021-02-03
50-64,140044,2021-02-01,2021-02-03
65+,180577,2021-02-01,2021-02-03
Unknown/Missing,5,2021-02-01,2021-02-03
16-17,725,2021-01-31,2021-02-02
18-49,255404,2021-01-31,2021-02-02
50-64,136512,2021-01-31,2021-02-02
65+,172956,2021-01-31,2021-02-02
Unknown/Missing,6,2021-01-31,2021-02-02
16-17,718,2021-01-30,2021-02-01
18-49,252640,2021-01-30,2021-02-01
50-64,135149,2021-01-30,2021-02-01
65+,170869,2021-01-30,2021-02-01
Unknown/Missing,7,2021-01-30,2021-02-01
16-17,702,2021-01-29,2021-01-31
18-49,243500,2021-01-29,2021-01-31
50-64,129987,2021-01-29,2021-01-31
65+,156853,2021-01-29,2021-01-31
Unknown/Missing,6,2021-01-29,2021-01-31
16-17,672,2021-01-28,2021-01-30
18-49,229353,2021-01-28,2021-01-30
50-64,121711,2021-01-28,2021-01-30
65+,136618,2021-01-28,2021-01-30
Unknown/Missing,6,2021-01-28,2021-01-30
16-17,620,2021-01-27,2021-01-29
18-49,215543,2021-01-27,2021-01-29
50-64,113357,2021-01-27,2021-01-29
65+,114636,2021-01-27,2021-01-29
Unknown/Missing,8,2021-01-27,2021-01-29
16-17,579,2021-01-26,2021-01-28
18-49,202610,2021-01-26,2021-01-28
50-64,105928,2021-01-26,2021-01-28
65+,97941,2021-01-26,2021-01-28
Unknown/Missing,5,2021-01-26,2021-01-28
16-17,530,2021-01-25,2021-01-27
18-49,188765,2021-01-25,2021-01-27
50-64,98910,2021-01-25,2021-01-27
65+,87724,2021-01-25,2021-01-27
Unknown/Missing,5,2021-01-25,2021-01-27
16-17,484,2021-01-24,2021-01-26
18-49,179998,2021-01-24,2021-01-26
50-64,93790,2021-01-24,2021-01-26
65+,78835,2021-01-24,2021-01-26
Unknown/Missing,6,2021-01-24,2021-01-26
16-17,480,2021-01-22,2021-01-25
18-49,176437,2021-01-22,2021-01-25
50-64,90718,2021-01-22,2021-01-25
65+,67836,2021-01-22,2021-01-25
Unknown/Missing,6,2021-01-22,2021-01-25
16-17,443,2021-01-21,2021-01-24
18-49,167442,2021-01-21,2021-01-24
50-64,85298,2021-01-21,2021-01-24
65+,58413,2021-01-21,2021-01-24
Unknown/Missing,4,2021-01-21,2021-01-24
16-17,405,2021-01-20,2021-01-23
18-49,159134,2021-01-20,2021-01-23
50-64,80185,2021-01-20,2021-01-23
65+,50117,2021-01-20,2021-01-23
Unknown/Missing,5,2021-01-20,2021-01-23
16-17,331,2021-01-19,2021-01-22
18-49,146267,2021-01-19,2021-01-22
50-64,73563,2021-01-19,2021-01-22
65+,44109,2021-01-19,2021-01-22
Unknown/Missing,5,2021-01-19,2021-01-22
16-17,306,2021-01-18,2021-01-21
18-49,137725,2021-01-18,2021-01-21
50-64,68649,2021-01-18,2021-01-21
65+,39680,2021-01-18,2021-01-21
Unknown/Missing,4,2021-01-18,2021-01-21
16-17,293,2021-01-17,2021-01-20
18-49,133901,2021-01-17,2021-01-20
50-64,66833,2021-01-17,2021-01-20
65+,38879,2021-01-17,2021-01-20
Unknown/Missing,4,2021-01-17,2021-01-20
16-17,292,2021-01-16,2021-01-19
18-49,133470,2021-01-16,2021-01-19
50-64,66633,2021-01-16,2021-01-19
65+,38537,2021-01-16,2021-01-19
Unknown/Missing,3,2021-01-16,2021-01-19
16-17,285,2021-01-15,2021-01-18
18-49,131718,2021-01-15,2021-01-18
50-64,65433,2021-01-15,2021-01-18
65+,35513,2021-01-15,2021-01-18
Unknown/Missing,3,2021-01-15,2021-01-18
16-17,263,2021-01-14,2021-01-17
18-49,126702,2021-01-14,2021-01-17
50-64,62525,2021-01-14,2021-01-17
65+,31691,2021-01-14,2021-01-17
Unknown/Missing,2,2021-01-14,2021-01-17
16-17,230,2021-01-13,2021-01-16
18-49,119491,2021-01-13,2021-01-16
50-64,58511,2021-01-13,2021-01-16
65+,28325,2021-01-13,2021-01-16
Unknown/Missing,2,2021-01-13,2021-01-16
16-17,205,2021-01-12,2021-01-15
18-49,109133,2021-01-12,2021-01-15
50-64,53146,2021-01-12,2021-01-15
65+,24588,2021-01-12,2021-01-15
Unknown/Missing,2,2021-01-12,2021-01-15
16-17,169,NA,2021-01-14
18-49,98801,NA,2021-01-14
50-64,48085,NA,2021-01-14
65+,22358,NA,2021-01-14
Unknown/Missing,3,NA,2021-01-14
16-17,156,NA,2021-01-13
18-49,90634,NA,2021-01-13
50-64,44358,NA,2021-01-13
65+,20649,NA,2021-01-13
Unknown/Missing,3,NA,2021-01-13
16-17,155,NA,2021-01-12
18-49,89381,NA,2021-01-12
50-64,43650,NA,2021-01-12
65+,19659,NA,2021-01-12
Unknown/Missing,4,NA,2021-01-12
16-17 years,152,NA,2021-01-11
18-49 years,87252,NA,2021-01-11
50-64 years,42334,NA,2021-01-11
65+ years,17905,NA,2021-01-11
Unknown/missing,2,NA,2021-01-11
16-17 years,130,NA,2021-01-10
18-49 years,78880,NA,2021-01-10
50-64 years,37806,NA,2021-01-10
65+ years,15462,NA,2021-01-10
Unknown/missing,2,NA,2021-01-10
16-17 years,119,NA,2021-01-09
18-49 years,71836,NA,2021-01-09
50-64 years,34057,NA,2021-01-09
65+ years,13728,NA,2021-01-09
Unknown/missing,4,NA,2021-01-09
16-17 years,102,NA,2021-01-08
18-49 years,63384,NA,2021-01-08
50-64 years,29538,NA,2021-01-08
65+ years,11200,NA,2021-01-08
Unknown/missing,2,NA,2021-01-08
16-17 years,91,NA,2021-01-07
18-49 years,55819,NA,2021-01-07
50-64 years,25809,NA,2021-01-07
65+ years,9454,NA,2021-01-07
Unknown/missing,1,NA,2021-01-07
16-17 years,86,NA,2021-01-06
18-49 years,50035,NA,2021-01-06
50-64 years,22890,NA,2021-01-06
65+ years,8155,NA,2021-01-06
Unknown/missing,1,NA,2021-01-06
16-17 years,86,NA,2021-01-05
18-49 years,49890,NA,2021-01-05
50-64 years,22802,NA,2021-01-05
65+ years,8078,NA,2021-01-05
Unknown/missing,1,NA,2021-01-05
16-17 years,87,NA,2021-01-04
18-49 years,48962,NA,2021-01-04
50-64 years,22144,NA,2021-01-04
65+ years,7208,NA,2021-01-04
Unknown/missing,1,NA,2021-01-04
16-17 years,52,NA,2021-01-02
18-49 years,37206,NA,2021-01-02
50-64 years,16114,NA,2021-01-02
65+ years,3643,NA,2021-01-02
Unknown/missing,2,NA,2021-01-02
16-17 years,44,NA,2020-12-31
18-49 years,29523,NA,2020-12-31
50-64 years,12506,NA,2020-12-31
65+ years,2563,NA,2020-12-31
Unknown/missing,2,NA,2020-12-31
16-17 years,37,NA,2020-12-30
18-49 years,25575,NA,2020-12-30
50-64 years,10647,NA,2020-12-30
65+ years,2023,NA,2020-12-30
Unknown/missing,2,NA,2020-12-30
