year,week,age_group,new_cases,mmwr_startdate,mmwr_enddate,pop_size,new_cases_percap,outcome,report_date
2020,10,0-4,0,2020-03-01,2020-03-07,351664,0,case,2023-01-12
2020,10,12-17,0,2020-03-01,2020-03-07,433734,0,case,2023-01-12
2020,10,18-49,0,2020-03-01,2020-03-07,2294817,0,case,2023-01-12
2020,10,5-11,0,2020-03-01,2020-03-07,509735,0,case,2023-01-12
2020,10,50-64,1,2020-03-01,2020-03-07,1114015,0.1,case,2023-01-12
2020,10,65+,1,2020-03-01,2020-03-07,858698,0.1,case,2023-01-12
2020,10,Total,2,2020-03-01,2020-03-07,5562663,0,case,2023-01-12
2020,11,0-4,0,2020-03-08,2020-03-14,351664,0,case,2023-01-12
2020,11,12-17,1,2020-03-08,2020-03-14,433734,0.2,case,2023-01-12
2020,11,18-49,48,2020-03-08,2020-03-14,2294817,2.1,case,2023-01-12
2020,11,5-11,1,2020-03-08,2020-03-14,509735,0.2,case,2023-01-12
2020,11,50-64,27,2020-03-08,2020-03-14,1114015,2.4,case,2023-01-12
2020,11,65+,12,2020-03-08,2020-03-14,858698,1.4,case,2023-01-12
2020,11,Total,89,2020-03-08,2020-03-14,5562663,1.6,case,2023-01-12
2020,12,0-4,1,2020-03-15,2020-03-21,351664,0.3,case,2023-01-12
2020,12,12-17,1,2020-03-15,2020-03-21,433734,0.2,case,2023-01-12
2020,12,18-49,147,2020-03-15,2020-03-21,2294817,6.4,case,2023-01-12
2020,12,5-11,0,2020-03-15,2020-03-21,509735,0,case,2023-01-12
2020,12,50-64,51,2020-03-15,2020-03-21,1114015,4.6,case,2023-01-12
2020,12,65+,38,2020-03-15,2020-03-21,858698,4.4,case,2023-01-12
2020,12,Total,238,2020-03-15,2020-03-21,5562663,4.3,case,2023-01-12
2020,13,0-4,1,2020-03-22,2020-03-28,351664,0.3,case,2023-01-12
2020,13,12-17,3,2020-03-22,2020-03-28,433734,0.7,case,2023-01-12
2020,13,18-49,174,2020-03-22,2020-03-28,2294817,7.6,case,2023-01-12
2020,13,5-11,3,2020-03-22,2020-03-28,509735,0.6,case,2023-01-12
2020,13,50-64,96,2020-03-22,2020-03-28,1114015,8.6,case,2023-01-12
2020,13,65+,85,2020-03-22,2020-03-28,858698,9.9,case,2023-01-12
2020,13,Total,362,2020-03-22,2020-03-28,5562663,6.5,case,2023-01-12
2020,14,0-4,2,2020-03-29,2020-04-04,351664,0.6,case,2023-01-12
2020,14,12-17,4,2020-03-29,2020-04-04,433734,0.9,case,2023-01-12
2020,14,18-49,198,2020-03-29,2020-04-04,2294817,8.6,case,2023-01-12
2020,14,5-11,1,2020-03-29,2020-04-04,509735,0.2,case,2023-01-12
2020,14,50-64,126,2020-03-29,2020-04-04,1114015,11.3,case,2023-01-12
2020,14,65+,142,2020-03-29,2020-04-04,858698,16.5,case,2023-01-12
2020,14,Total,473,2020-03-29,2020-04-04,5562663,8.5,case,2023-01-12
2020,15,0-4,2,2020-04-05,2020-04-11,351664,0.6,case,2023-01-12
2020,15,12-17,6,2020-04-05,2020-04-11,433734,1.4,case,2023-01-12
2020,15,18-49,242,2020-04-05,2020-04-11,2294817,10.5,case,2023-01-12
2020,15,5-11,5,2020-04-05,2020-04-11,509735,1,case,2023-01-12
2020,15,50-64,169,2020-04-05,2020-04-11,1114015,15.2,case,2023-01-12
2020,15,65+,227,2020-04-05,2020-04-11,858698,26.4,case,2023-01-12
2020,15,Total,651,2020-04-05,2020-04-11,5562663,11.7,case,2023-01-12
2020,16,0-4,6,2020-04-12,2020-04-18,351664,1.7,case,2023-01-12
2020,16,12-17,13,2020-04-12,2020-04-18,433734,3,case,2023-01-12
2020,16,18-49,407,2020-04-12,2020-04-18,2294817,17.7,case,2023-01-12
2020,16,5-11,2,2020-04-12,2020-04-18,509735,0.4,case,2023-01-12
2020,16,50-64,229,2020-04-12,2020-04-18,1114015,20.6,case,2023-01-12
2020,16,65+,341,2020-04-12,2020-04-18,858698,39.7,case,2023-01-12
2020,16,Total,998,2020-04-12,2020-04-18,5562663,17.9,case,2023-01-12
2020,17,0-4,19,2020-04-19,2020-04-25,351664,5.4,case,2023-01-12
2020,17,12-17,34,2020-04-19,2020-04-25,433734,7.8,case,2023-01-12
2020,17,18-49,1324,2020-04-19,2020-04-25,2294817,57.7,case,2023-01-12
2020,17,5-11,17,2020-04-19,2020-04-25,509735,3.3,case,2023-01-12
2020,17,50-64,526,2020-04-19,2020-04-25,1114015,47.2,case,2023-01-12
2020,17,65+,452,2020-04-19,2020-04-25,858698,52.6,case,2023-01-12
2020,17,Total,2372,2020-04-19,2020-04-25,5562663,42.6,case,2023-01-12
2020,18,0-4,34,2020-04-26,2020-05-02,351664,9.7,case,2023-01-12
2020,18,12-17,76,2020-04-26,2020-05-02,433734,17.5,case,2023-01-12
2020,18,18-49,2405,2020-04-26,2020-05-02,2294817,104.8,case,2023-01-12
2020,18,5-11,45,2020-04-26,2020-05-02,509735,8.8,case,2023-01-12
2020,18,50-64,835,2020-04-26,2020-05-02,1114015,75,case,2023-01-12
2020,18,65+,577,2020-04-26,2020-05-02,858698,67.2,case,2023-01-12
2020,18,Total,3972,2020-04-26,2020-05-02,5562663,71.4,case,2023-01-12
2020,19,0-4,69,2020-05-03,2020-05-09,351664,19.6,case,2023-01-12
2020,19,12-17,139,2020-05-03,2020-05-09,433734,32,case,2023-01-12
2020,19,18-49,2510,2020-05-03,2020-05-09,2294817,109.4,case,2023-01-12
2020,19,5-11,72,2020-05-03,2020-05-09,509735,14.1,case,2023-01-12
2020,19,50-64,825,2020-05-03,2020-05-09,1114015,74.1,case,2023-01-12
2020,19,65+,654,2020-05-03,2020-05-09,858698,76.2,case,2023-01-12
2020,19,Total,4269,2020-05-03,2020-05-09,5562663,76.7,case,2023-01-12
2020,20,0-4,86,2020-05-10,2020-05-16,351664,24.5,case,2023-01-12
2020,20,12-17,162,2020-05-10,2020-05-16,433734,37.4,case,2023-01-12
2020,20,18-49,2532,2020-05-10,2020-05-16,2294817,110.3,case,2023-01-12
2020,20,5-11,97,2020-05-10,2020-05-16,509735,19,case,2023-01-12
2020,20,50-64,810,2020-05-10,2020-05-16,1114015,72.7,case,2023-01-12
2020,20,65+,710,2020-05-10,2020-05-16,858698,82.7,case,2023-01-12
2020,20,Total,4397,2020-05-10,2020-05-16,5562663,79,case,2023-01-12
2020,21,0-4,110,2020-05-17,2020-05-23,351664,31.3,case,2023-01-12
2020,21,12-17,187,2020-05-17,2020-05-23,433734,43.1,case,2023-01-12
2020,21,18-49,3036,2020-05-17,2020-05-23,2294817,132.3,case,2023-01-12
2020,21,5-11,128,2020-05-17,2020-05-23,509735,25.1,case,2023-01-12
2020,21,50-64,894,2020-05-17,2020-05-23,1114015,80.3,case,2023-01-12
2020,21,65+,737,2020-05-17,2020-05-23,858698,85.8,case,2023-01-12
2020,21,Total,5092,2020-05-17,2020-05-23,5562663,91.5,case,2023-01-12
2020,22,0-4,79,2020-05-24,2020-05-30,351664,22.5,case,2023-01-12
2020,22,12-17,150,2020-05-24,2020-05-30,433734,34.6,case,2023-01-12
2020,22,18-49,2035,2020-05-24,2020-05-30,2294817,88.7,case,2023-01-12
2020,22,5-11,90,2020-05-24,2020-05-30,509735,17.7,case,2023-01-12
2020,22,50-64,623,2020-05-24,2020-05-30,1114015,55.9,case,2023-01-12
2020,22,65+,481,2020-05-24,2020-05-30,858698,56,case,2023-01-12
2020,22,Total,3458,2020-05-24,2020-05-30,5562663,62.2,case,2023-01-12
2020,23,0-4,68,2020-05-31,2020-06-06,351664,19.3,case,2023-01-12
2020,23,12-17,116,2020-05-31,2020-06-06,433734,26.7,case,2023-01-12
2020,23,18-49,1741,2020-05-31,2020-06-06,2294817,75.9,case,2023-01-12
2020,23,5-11,80,2020-05-31,2020-06-06,509735,15.7,case,2023-01-12
2020,23,50-64,464,2020-05-31,2020-06-06,1114015,41.7,case,2023-01-12
2020,23,65+,262,2020-05-31,2020-06-06,858698,30.5,case,2023-01-12
2020,23,Total,2731,2020-05-31,2020-06-06,5562663,49.1,case,2023-01-12
2020,24,0-4,67,2020-06-07,2020-06-13,351664,19.1,case,2023-01-12
2020,24,12-17,120,2020-06-07,2020-06-13,433734,27.7,case,2023-01-12
2020,24,18-49,1419,2020-06-07,2020-06-13,2294817,61.8,case,2023-01-12
2020,24,5-11,70,2020-06-07,2020-06-13,509735,13.7,case,2023-01-12
2020,24,50-64,388,2020-06-07,2020-06-13,1114015,34.8,case,2023-01-12
2020,24,65+,231,2020-06-07,2020-06-13,858698,26.9,case,2023-01-12
2020,24,Total,2295,2020-06-07,2020-06-13,5562663,41.3,case,2023-01-12
2020,25,0-4,64,2020-06-14,2020-06-20,351664,18.2,case,2023-01-12
2020,25,12-17,119,2020-06-14,2020-06-20,433734,27.4,case,2023-01-12
2020,25,18-49,1586,2020-06-14,2020-06-20,2294817,69.1,case,2023-01-12
2020,25,5-11,92,2020-06-14,2020-06-20,509735,18,case,2023-01-12
2020,25,50-64,336,2020-06-14,2020-06-20,1114015,30.2,case,2023-01-12
2020,25,65+,182,2020-06-14,2020-06-20,858698,21.2,case,2023-01-12
2020,25,Total,2379,2020-06-14,2020-06-20,5562663,42.8,case,2023-01-12
2020,26,0-4,65,2020-06-21,2020-06-27,351664,18.5,case,2023-01-12
2020,26,12-17,165,2020-06-21,2020-06-27,433734,38,case,2023-01-12
2020,26,18-49,2188,2020-06-21,2020-06-27,2294817,95.3,case,2023-01-12
2020,26,5-11,95,2020-06-21,2020-06-27,509735,18.6,case,2023-01-12
2020,26,50-64,399,2020-06-21,2020-06-27,1114015,35.8,case,2023-01-12
2020,26,65+,199,2020-06-21,2020-06-27,858698,23.2,case,2023-01-12
2020,26,Total,3111,2020-06-21,2020-06-27,5562663,55.9,case,2023-01-12
2020,27,0-4,52,2020-06-28,2020-07-04,351664,14.8,case,2023-01-12
2020,27,12-17,257,2020-06-28,2020-07-04,433734,59.3,case,2023-01-12
2020,27,18-49,2212,2020-06-28,2020-07-04,2294817,96.4,case,2023-01-12
2020,27,5-11,78,2020-06-28,2020-07-04,509735,15.3,case,2023-01-12
2020,27,50-64,409,2020-06-28,2020-07-04,1114015,36.7,case,2023-01-12
2020,27,65+,239,2020-06-28,2020-07-04,858698,27.8,case,2023-01-12
2020,27,Total,3247,2020-06-28,2020-07-04,5562663,58.4,case,2023-01-12
2020,28,0-4,80,2020-07-05,2020-07-11,351664,22.7,case,2023-01-12
2020,28,12-17,360,2020-07-05,2020-07-11,433734,83,case,2023-01-12
2020,28,18-49,2882,2020-07-05,2020-07-11,2294817,125.6,case,2023-01-12
2020,28,5-11,143,2020-07-05,2020-07-11,509735,28.1,case,2023-01-12
2020,28,50-64,657,2020-07-05,2020-07-11,1114015,59,case,2023-01-12
2020,28,65+,313,2020-07-05,2020-07-11,858698,36.5,case,2023-01-12
2020,28,Total,4435,2020-07-05,2020-07-11,5562663,79.7,case,2023-01-12
2020,29,0-4,71,2020-07-12,2020-07-18,351664,20.2,case,2023-01-12
2020,29,12-17,380,2020-07-12,2020-07-18,433734,87.6,case,2023-01-12
2020,29,18-49,2928,2020-07-12,2020-07-18,2294817,127.6,case,2023-01-12
2020,29,5-11,138,2020-07-12,2020-07-18,509735,27.1,case,2023-01-12
2020,29,50-64,755,2020-07-12,2020-07-18,1114015,67.8,case,2023-01-12
2020,29,65+,348,2020-07-12,2020-07-18,858698,40.5,case,2023-01-12
2020,29,Total,4620,2020-07-12,2020-07-18,5562663,83.1,case,2023-01-12
2020,30,0-4,110,2020-07-19,2020-07-25,351664,31.3,case,2023-01-12
2020,30,12-17,370,2020-07-19,2020-07-25,433734,85.3,case,2023-01-12
2020,30,18-49,2981,2020-07-19,2020-07-25,2294817,129.9,case,2023-01-12
2020,30,5-11,174,2020-07-19,2020-07-25,509735,34.1,case,2023-01-12
2020,30,50-64,743,2020-07-19,2020-07-25,1114015,66.7,case,2023-01-12
2020,30,65+,389,2020-07-19,2020-07-25,858698,45.3,case,2023-01-12
2020,30,Total,4767,2020-07-19,2020-07-25,5562663,85.7,case,2023-01-12
2020,31,0-4,125,2020-07-26,2020-08-01,351664,35.5,case,2023-01-12
2020,31,12-17,340,2020-07-26,2020-08-01,433734,78.4,case,2023-01-12
2020,31,18-49,2857,2020-07-26,2020-08-01,2294817,124.5,case,2023-01-12
2020,31,5-11,149,2020-07-26,2020-08-01,509735,29.2,case,2023-01-12
2020,31,50-64,872,2020-07-26,2020-08-01,1114015,78.3,case,2023-01-12
2020,31,65+,467,2020-07-26,2020-08-01,858698,54.4,case,2023-01-12
2020,31,Total,4810,2020-07-26,2020-08-01,5562663,86.5,case,2023-01-12
2020,32,0-4,103,2020-08-02,2020-08-08,351664,29.3,case,2023-01-12
2020,32,12-17,402,2020-08-02,2020-08-08,433734,92.7,case,2023-01-12
2020,32,18-49,2596,2020-08-02,2020-08-08,2294817,113.1,case,2023-01-12
2020,32,5-11,167,2020-08-02,2020-08-08,509735,32.8,case,2023-01-12
2020,32,50-64,737,2020-08-02,2020-08-08,1114015,66.2,case,2023-01-12
2020,32,65+,455,2020-08-02,2020-08-08,858698,53,case,2023-01-12
2020,32,Total,4460,2020-08-02,2020-08-08,5562663,80.2,case,2023-01-12
2020,33,0-4,91,2020-08-09,2020-08-15,351664,25.9,case,2023-01-12
2020,33,12-17,387,2020-08-09,2020-08-15,433734,89.2,case,2023-01-12
2020,33,18-49,2517,2020-08-09,2020-08-15,2294817,109.7,case,2023-01-12
2020,33,5-11,185,2020-08-09,2020-08-15,509735,36.3,case,2023-01-12
2020,33,50-64,718,2020-08-09,2020-08-15,1114015,64.5,case,2023-01-12
2020,33,65+,477,2020-08-09,2020-08-15,858698,55.5,case,2023-01-12
2020,33,Total,4375,2020-08-09,2020-08-15,5562663,78.6,case,2023-01-12
2020,34,0-4,113,2020-08-16,2020-08-22,351664,32.1,case,2023-01-12
2020,34,12-17,358,2020-08-16,2020-08-22,433734,82.5,case,2023-01-12
2020,34,18-49,2745,2020-08-16,2020-08-22,2294817,119.6,case,2023-01-12
2020,34,5-11,180,2020-08-16,2020-08-22,509735,35.3,case,2023-01-12
2020,34,50-64,859,2020-08-16,2020-08-22,1114015,77.1,case,2023-01-12
2020,34,65+,571,2020-08-16,2020-08-22,858698,66.5,case,2023-01-12
2020,34,Total,4826,2020-08-16,2020-08-22,5562663,86.8,case,2023-01-12
2020,35,0-4,113,2020-08-23,2020-08-29,351664,32.1,case,2023-01-12
2020,35,12-17,320,2020-08-23,2020-08-29,433734,73.8,case,2023-01-12
2020,35,18-49,3324,2020-08-23,2020-08-29,2294817,144.8,case,2023-01-12
2020,35,5-11,173,2020-08-23,2020-08-29,509735,33.9,case,2023-01-12
2020,35,50-64,900,2020-08-23,2020-08-29,1114015,80.8,case,2023-01-12
2020,35,65+,505,2020-08-23,2020-08-29,858698,58.8,case,2023-01-12
2020,35,Total,5335,2020-08-23,2020-08-29,5562663,95.9,case,2023-01-12
2020,36,0-4,100,2020-08-30,2020-09-05,351664,28.4,case,2023-01-12
2020,36,12-17,276,2020-08-30,2020-09-05,433734,63.6,case,2023-01-12
2020,36,18-49,2856,2020-08-30,2020-09-05,2294817,124.5,case,2023-01-12
2020,36,5-11,146,2020-08-30,2020-09-05,509735,28.6,case,2023-01-12
2020,36,50-64,790,2020-08-30,2020-09-05,1114015,70.9,case,2023-01-12
2020,36,65+,473,2020-08-30,2020-09-05,858698,55.1,case,2023-01-12
2020,36,Total,4641,2020-08-30,2020-09-05,5562663,83.4,case,2023-01-12
2020,37,0-4,78,2020-09-06,2020-09-12,351664,22.2,case,2023-01-12
2020,37,12-17,227,2020-09-06,2020-09-12,433734,52.3,case,2023-01-12
2020,37,18-49,2487,2020-09-06,2020-09-12,2294817,108.4,case,2023-01-12
2020,37,5-11,116,2020-09-06,2020-09-12,509735,22.8,case,2023-01-12
2020,37,50-64,728,2020-09-06,2020-09-12,1114015,65.3,case,2023-01-12
2020,37,65+,416,2020-09-06,2020-09-12,858698,48.4,case,2023-01-12
2020,37,Total,4052,2020-09-06,2020-09-12,5562663,72.8,case,2023-01-12
2020,38,0-4,126,2020-09-13,2020-09-19,351664,35.8,case,2023-01-12
2020,38,12-17,346,2020-09-13,2020-09-19,433734,79.8,case,2023-01-12
2020,38,18-49,3758,2020-09-13,2020-09-19,2294817,163.8,case,2023-01-12
2020,38,5-11,225,2020-09-13,2020-09-19,509735,44.1,case,2023-01-12
2020,38,50-64,1168,2020-09-13,2020-09-19,1114015,104.8,case,2023-01-12
2020,38,65+,761,2020-09-13,2020-09-19,858698,88.6,case,2023-01-12
2020,38,Total,6384,2020-09-13,2020-09-19,5562663,114.8,case,2023-01-12
2020,39,0-4,135,2020-09-20,2020-09-26,351664,38.4,case,2023-01-12
2020,39,12-17,402,2020-09-20,2020-09-26,433734,92.7,case,2023-01-12
2020,39,18-49,4260,2020-09-20,2020-09-26,2294817,185.6,case,2023-01-12
2020,39,5-11,204,2020-09-20,2020-09-26,509735,40,case,2023-01-12
2020,39,50-64,1389,2020-09-20,2020-09-26,1114015,124.7,case,2023-01-12
2020,39,65+,991,2020-09-20,2020-09-26,858698,115.4,case,2023-01-12
2020,39,Total,7381,2020-09-20,2020-09-26,5562663,132.7,case,2023-01-12
2020,40,0-4,143,2020-09-27,2020-10-03,351664,40.7,case,2023-01-12
2020,40,12-17,419,2020-09-27,2020-10-03,433734,96.6,case,2023-01-12
2020,40,18-49,4017,2020-09-27,2020-10-03,2294817,175,case,2023-01-12
2020,40,5-11,256,2020-09-27,2020-10-03,509735,50.2,case,2023-01-12
2020,40,50-64,1468,2020-09-27,2020-10-03,1114015,131.8,case,2023-01-12
2020,40,65+,995,2020-09-27,2020-10-03,858698,115.9,case,2023-01-12
2020,40,Total,7298,2020-09-27,2020-10-03,5562663,131.2,case,2023-01-12
2020,41,0-4,168,2020-10-04,2020-10-10,351664,47.8,case,2023-01-12
2020,41,12-17,567,2020-10-04,2020-10-10,433734,130.7,case,2023-01-12
2020,41,18-49,5175,2020-10-04,2020-10-10,2294817,225.5,case,2023-01-12
2020,41,5-11,355,2020-10-04,2020-10-10,509735,69.6,case,2023-01-12
2020,41,50-64,1943,2020-10-04,2020-10-10,1114015,174.4,case,2023-01-12
2020,41,65+,1463,2020-10-04,2020-10-10,858698,170.4,case,2023-01-12
2020,41,Total,9671,2020-10-04,2020-10-10,5562663,173.9,case,2023-01-12
2020,42,0-4,189,2020-10-11,2020-10-17,351664,53.7,case,2023-01-12
2020,42,12-17,598,2020-10-11,2020-10-17,433734,137.9,case,2023-01-12
2020,42,18-49,5731,2020-10-11,2020-10-17,2294817,249.7,case,2023-01-12
2020,42,5-11,384,2020-10-11,2020-10-17,509735,75.3,case,2023-01-12
2020,42,50-64,2329,2020-10-11,2020-10-17,1114015,209.1,case,2023-01-12
2020,42,65+,1536,2020-10-11,2020-10-17,858698,178.9,case,2023-01-12
2020,42,Total,10767,2020-10-11,2020-10-17,5562663,193.6,case,2023-01-12
2020,43,0-4,263,2020-10-18,2020-10-24,351664,74.8,case,2023-01-12
2020,43,12-17,832,2020-10-18,2020-10-24,433734,191.8,case,2023-01-12
2020,43,18-49,7377,2020-10-18,2020-10-24,2294817,321.5,case,2023-01-12
2020,43,5-11,513,2020-10-18,2020-10-24,509735,100.6,case,2023-01-12
2020,43,50-64,2943,2020-10-18,2020-10-24,1114015,264.2,case,2023-01-12
2020,43,65+,1973,2020-10-18,2020-10-24,858698,229.8,case,2023-01-12
2020,43,Total,13901,2020-10-18,2020-10-24,5562663,249.9,case,2023-01-12
2020,44,0-4,346,2020-10-25,2020-10-31,351664,98.4,case,2023-01-12
2020,44,12-17,1293,2020-10-25,2020-10-31,433734,298.1,case,2023-01-12
2020,44,18-49,12358,2020-10-25,2020-10-31,2294817,538.5,case,2023-01-12
2020,44,5-11,779,2020-10-25,2020-10-31,509735,152.8,case,2023-01-12
2020,44,50-64,4897,2020-10-25,2020-10-31,1114015,439.6,case,2023-01-12
2020,44,65+,3065,2020-10-25,2020-10-31,858698,356.9,case,2023-01-12
2020,44,Total,22738,2020-10-25,2020-10-31,5562663,408.8,case,2023-01-12
2020,45,0-4,692,2020-11-01,2020-11-07,351664,196.8,case,2023-01-12
2020,45,12-17,2677,2020-11-01,2020-11-07,433734,617.2,case,2023-01-12
2020,45,18-49,22204,2020-11-01,2020-11-07,2294817,967.6,case,2023-01-12
2020,45,5-11,1578,2020-11-01,2020-11-07,509735,309.6,case,2023-01-12
2020,45,50-64,8059,2020-11-01,2020-11-07,1114015,723.4,case,2023-01-12
2020,45,65+,4919,2020-11-01,2020-11-07,858698,572.8,case,2023-01-12
2020,45,Total,40129,2020-11-01,2020-11-07,5562663,721.4,case,2023-01-12
2020,46,0-4,839,2020-11-08,2020-11-14,351664,238.6,case,2023-01-12
2020,46,12-17,3305,2020-11-08,2020-11-14,433734,762,case,2023-01-12
2020,46,18-49,25603,2020-11-08,2020-11-14,2294817,1115.7,case,2023-01-12
2020,46,5-11,1990,2020-11-08,2020-11-14,509735,390.4,case,2023-01-12
2020,46,50-64,10585,2020-11-08,2020-11-14,1114015,950.2,case,2023-01-12
2020,46,65+,6365,2020-11-08,2020-11-14,858698,741.2,case,2023-01-12
2020,46,Total,48687,2020-11-08,2020-11-14,5562663,875.2,case,2023-01-12
2020,47,0-4,908,2020-11-15,2020-11-21,351664,258.2,case,2023-01-12
2020,47,12-17,3036,2020-11-15,2020-11-21,433734,700,case,2023-01-12
2020,47,18-49,22961,2020-11-15,2020-11-21,2294817,1000.6,case,2023-01-12
2020,47,5-11,1943,2020-11-15,2020-11-21,509735,381.2,case,2023-01-12
2020,47,50-64,10132,2020-11-15,2020-11-21,1114015,909.5,case,2023-01-12
2020,47,65+,6722,2020-11-15,2020-11-21,858698,782.8,case,2023-01-12
2020,47,Total,45702,2020-11-15,2020-11-21,5562663,821.6,case,2023-01-12
2020,48,0-4,729,2020-11-22,2020-11-28,351664,207.3,case,2023-01-12
2020,48,12-17,2365,2020-11-22,2020-11-28,433734,545.3,case,2023-01-12
2020,48,18-49,17222,2020-11-22,2020-11-28,2294817,750.5,case,2023-01-12
2020,48,5-11,1584,2020-11-22,2020-11-28,509735,310.7,case,2023-01-12
2020,48,50-64,7463,2020-11-22,2020-11-28,1114015,669.9,case,2023-01-12
2020,48,65+,5387,2020-11-22,2020-11-28,858698,627.3,case,2023-01-12
2020,48,Total,34750,2020-11-22,2020-11-28,5562663,624.7,case,2023-01-12
2020,49,0-4,791,2020-11-29,2020-12-05,351664,224.9,case,2023-01-12
2020,49,12-17,2418,2020-11-29,2020-12-05,433734,557.5,case,2023-01-12
2020,49,18-49,17950,2020-11-29,2020-12-05,2294817,782.2,case,2023-01-12
2020,49,5-11,1782,2020-11-29,2020-12-05,509735,349.6,case,2023-01-12
2020,49,50-64,7161,2020-11-29,2020-12-05,1114015,642.8,case,2023-01-12
2020,49,65+,4959,2020-11-29,2020-12-05,858698,577.5,case,2023-01-12
2020,49,Total,35061,2020-11-29,2020-12-05,5562663,630.3,case,2023-01-12
2020,50,0-4,576,2020-12-06,2020-12-12,351664,163.8,case,2023-01-12
2020,50,12-17,1503,2020-12-06,2020-12-12,433734,346.5,case,2023-01-12
2020,50,18-49,11296,2020-12-06,2020-12-12,2294817,492.2,case,2023-01-12
2020,50,5-11,1169,2020-12-06,2020-12-12,509735,229.3,case,2023-01-12
2020,50,50-64,4617,2020-12-06,2020-12-12,1114015,414.4,case,2023-01-12
2020,50,65+,3569,2020-12-06,2020-12-12,858698,415.6,case,2023-01-12
2020,50,Total,22730,2020-12-06,2020-12-12,5562663,408.6,case,2023-01-12
2020,51,0-4,435,2020-12-13,2020-12-19,351664,123.7,case,2023-01-12
2020,51,12-17,966,2020-12-13,2020-12-19,433734,222.7,case,2023-01-12
2020,51,18-49,8064,2020-12-13,2020-12-19,2294817,351.4,case,2023-01-12
2020,51,5-11,787,2020-12-13,2020-12-19,509735,154.4,case,2023-01-12
2020,51,50-64,3260,2020-12-13,2020-12-19,1114015,292.6,case,2023-01-12
2020,51,65+,2451,2020-12-13,2020-12-19,858698,285.4,case,2023-01-12
2020,51,Total,15963,2020-12-13,2020-12-19,5562663,287,case,2023-01-12
2020,52,0-4,291,2020-12-20,2020-12-26,351664,82.7,case,2023-01-12
2020,52,12-17,551,2020-12-20,2020-12-26,433734,127,case,2023-01-12
2020,52,18-49,5051,2020-12-20,2020-12-26,2294817,220.1,case,2023-01-12
2020,52,5-11,442,2020-12-20,2020-12-26,509735,86.7,case,2023-01-12
2020,52,50-64,2055,2020-12-20,2020-12-26,1114015,184.5,case,2023-01-12
2020,52,65+,1636,2020-12-20,2020-12-26,858698,190.5,case,2023-01-12
2020,52,Total,10026,2020-12-20,2020-12-26,5562663,180.2,case,2023-01-12
2020,53,0-4,350,2020-12-27,2021-01-02,351664,99.5,case,2023-01-12
2020,53,12-17,778,2020-12-27,2021-01-02,433734,179.4,case,2023-01-12
2020,53,18-49,6652,2020-12-27,2021-01-02,2294817,289.9,case,2023-01-12
2020,53,5-11,576,2020-12-27,2021-01-02,509735,113,case,2023-01-12
2020,53,50-64,2494,2020-12-27,2021-01-02,1114015,223.9,case,2023-01-12
2020,53,65+,1938,2020-12-27,2021-01-02,858698,225.7,case,2023-01-12
2020,53,Total,12788,2020-12-27,2021-01-02,5562663,229.9,case,2023-01-12
2021,1,0-4,303,2021-01-03,2021-01-09,351664,86.2,case,2023-01-12
2021,1,12-17,979,2021-01-03,2021-01-09,433734,225.7,case,2023-01-12
2021,1,18-49,6918,2021-01-03,2021-01-09,2294817,301.5,case,2023-01-12
2021,1,5-11,698,2021-01-03,2021-01-09,509735,136.9,case,2023-01-12
2021,1,50-64,2471,2021-01-03,2021-01-09,1114015,221.8,case,2023-01-12
2021,1,65+,1709,2021-01-03,2021-01-09,858698,199,case,2023-01-12
2021,1,Total,13078,2021-01-03,2021-01-09,5562663,235.1,case,2023-01-12
2021,2,0-4,291,2021-01-10,2021-01-16,351664,82.7,case,2023-01-12
2021,2,12-17,660,2021-01-10,2021-01-16,433734,152.2,case,2023-01-12
2021,2,18-49,4579,2021-01-10,2021-01-16,2294817,199.5,case,2023-01-12
2021,2,5-11,467,2021-01-10,2021-01-16,509735,91.6,case,2023-01-12
2021,2,50-64,1789,2021-01-10,2021-01-16,1114015,160.6,case,2023-01-12
2021,2,65+,1236,2021-01-10,2021-01-16,858698,143.9,case,2023-01-12
2021,2,Total,9022,2021-01-10,2021-01-16,5562663,162.2,case,2023-01-12
2021,3,0-4,252,2021-01-17,2021-01-23,351664,71.7,case,2023-01-12
2021,3,12-17,568,2021-01-17,2021-01-23,433734,131,case,2023-01-12
2021,3,18-49,4044,2021-01-17,2021-01-23,2294817,176.2,case,2023-01-12
2021,3,5-11,429,2021-01-17,2021-01-23,509735,84.2,case,2023-01-12
2021,3,50-64,1614,2021-01-17,2021-01-23,1114015,144.9,case,2023-01-12
2021,3,65+,1042,2021-01-17,2021-01-23,858698,121.3,case,2023-01-12
2021,3,Total,7949,2021-01-17,2021-01-23,5562663,142.9,case,2023-01-12
2021,4,0-4,169,2021-01-24,2021-01-30,351664,48.1,case,2023-01-12
2021,4,12-17,478,2021-01-24,2021-01-30,433734,110.2,case,2023-01-12
2021,4,18-49,3448,2021-01-24,2021-01-30,2294817,150.3,case,2023-01-12
2021,4,5-11,391,2021-01-24,2021-01-30,509735,76.7,case,2023-01-12
2021,4,50-64,1258,2021-01-24,2021-01-30,1114015,112.9,case,2023-01-12
2021,4,65+,844,2021-01-24,2021-01-30,858698,98.3,case,2023-01-12
2021,4,Total,6588,2021-01-24,2021-01-30,5562663,118.4,case,2023-01-12
2021,5,0-4,186,2021-01-31,2021-02-06,351664,52.9,case,2023-01-12
2021,5,12-17,507,2021-01-31,2021-02-06,433734,116.9,case,2023-01-12
2021,5,18-49,3137,2021-01-31,2021-02-06,2294817,136.7,case,2023-01-12
2021,5,5-11,378,2021-01-31,2021-02-06,509735,74.2,case,2023-01-12
2021,5,50-64,1232,2021-01-31,2021-02-06,1114015,110.6,case,2023-01-12
2021,5,65+,800,2021-01-31,2021-02-06,858698,93.2,case,2023-01-12
2021,5,Total,6240,2021-01-31,2021-02-06,5562663,112.2,case,2023-01-12
2021,6,0-4,175,2021-02-07,2021-02-13,351664,49.8,case,2023-01-12
2021,6,12-17,499,2021-02-07,2021-02-13,433734,115,case,2023-01-12
2021,6,18-49,2668,2021-02-07,2021-02-13,2294817,116.3,case,2023-01-12
2021,6,5-11,374,2021-02-07,2021-02-13,509735,73.4,case,2023-01-12
2021,6,50-64,1103,2021-02-07,2021-02-13,1114015,99,case,2023-01-12
2021,6,65+,649,2021-02-07,2021-02-13,858698,75.6,case,2023-01-12
2021,6,Total,5468,2021-02-07,2021-02-13,5562663,98.3,case,2023-01-12
2021,7,0-4,161,2021-02-14,2021-02-20,351664,45.8,case,2023-01-12
2021,7,12-17,585,2021-02-14,2021-02-20,433734,134.9,case,2023-01-12
2021,7,18-49,2548,2021-02-14,2021-02-20,2294817,111,case,2023-01-12
2021,7,5-11,350,2021-02-14,2021-02-20,509735,68.7,case,2023-01-12
2021,7,50-64,1020,2021-02-14,2021-02-20,1114015,91.6,case,2023-01-12
2021,7,65+,533,2021-02-14,2021-02-20,858698,62.1,case,2023-01-12
2021,7,Total,5197,2021-02-14,2021-02-20,5562663,93.4,case,2023-01-12
2021,8,0-4,154,2021-02-21,2021-02-27,351664,43.8,case,2023-01-12
2021,8,12-17,614,2021-02-21,2021-02-27,433734,141.6,case,2023-01-12
2021,8,18-49,2838,2021-02-21,2021-02-27,2294817,123.7,case,2023-01-12
2021,8,5-11,350,2021-02-21,2021-02-27,509735,68.7,case,2023-01-12
2021,8,50-64,1022,2021-02-21,2021-02-27,1114015,91.7,case,2023-01-12
2021,8,65+,485,2021-02-21,2021-02-27,858698,56.5,case,2023-01-12
2021,8,Total,5463,2021-02-21,2021-02-27,5562663,98.2,case,2023-01-12
2021,9,0-4,178,2021-02-28,2021-03-06,351664,50.6,case,2023-01-12
2021,9,12-17,667,2021-02-28,2021-03-06,433734,153.8,case,2023-01-12
2021,9,18-49,2759,2021-02-28,2021-03-06,2294817,120.2,case,2023-01-12
2021,9,5-11,357,2021-02-28,2021-03-06,509735,70,case,2023-01-12
2021,9,50-64,1221,2021-02-28,2021-03-06,1114015,109.6,case,2023-01-12
2021,9,65+,458,2021-02-28,2021-03-06,858698,53.3,case,2023-01-12
2021,9,Total,5640,2021-02-28,2021-03-06,5562663,101.4,case,2023-01-12
2021,10,0-4,181,2021-03-07,2021-03-13,351664,51.5,case,2023-01-12
2021,10,12-17,830,2021-03-07,2021-03-13,433734,191.4,case,2023-01-12
2021,10,18-49,3380,2021-03-07,2021-03-13,2294817,147.3,case,2023-01-12
2021,10,5-11,487,2021-03-07,2021-03-13,509735,95.5,case,2023-01-12
2021,10,50-64,1498,2021-03-07,2021-03-13,1114015,134.5,case,2023-01-12
2021,10,65+,566,2021-03-07,2021-03-13,858698,65.9,case,2023-01-12
2021,10,Total,6942,2021-03-07,2021-03-13,5562663,124.8,case,2023-01-12
2021,11,0-4,246,2021-03-14,2021-03-20,351664,70,case,2023-01-12
2021,11,12-17,970,2021-03-14,2021-03-20,433734,223.6,case,2023-01-12
2021,11,18-49,4245,2021-03-14,2021-03-20,2294817,185,case,2023-01-12
2021,11,5-11,610,2021-03-14,2021-03-20,509735,119.7,case,2023-01-12
2021,11,50-64,1751,2021-03-14,2021-03-20,1114015,157.2,case,2023-01-12
2021,11,65+,600,2021-03-14,2021-03-20,858698,69.9,case,2023-01-12
2021,11,Total,8422,2021-03-14,2021-03-20,5562663,151.4,case,2023-01-12
2021,12,0-4,308,2021-03-21,2021-03-27,351664,87.6,case,2023-01-12
2021,12,12-17,1111,2021-03-21,2021-03-27,433734,256.1,case,2023-01-12
2021,12,18-49,5838,2021-03-21,2021-03-27,2294817,254.4,case,2023-01-12
2021,12,5-11,765,2021-03-21,2021-03-27,509735,150.1,case,2023-01-12
2021,12,50-64,2277,2021-03-21,2021-03-27,1114015,204.4,case,2023-01-12
2021,12,65+,665,2021-03-21,2021-03-27,858698,77.4,case,2023-01-12
2021,12,Total,10964,2021-03-21,2021-03-27,5562663,197.1,case,2023-01-12
2021,13,0-4,407,2021-03-28,2021-04-03,351664,115.7,case,2023-01-12
2021,13,12-17,1273,2021-03-28,2021-04-03,433734,293.5,case,2023-01-12
2021,13,18-49,7456,2021-03-28,2021-04-03,2294817,324.9,case,2023-01-12
2021,13,5-11,923,2021-03-28,2021-04-03,509735,181.1,case,2023-01-12
2021,13,50-64,2877,2021-03-28,2021-04-03,1114015,258.3,case,2023-01-12
2021,13,65+,759,2021-03-28,2021-04-03,858698,88.4,case,2023-01-12
2021,13,Total,13695,2021-03-28,2021-04-03,5562663,246.2,case,2023-01-12
2021,14,0-4,434,2021-04-04,2021-04-10,351664,123.4,case,2023-01-12
2021,14,12-17,1543,2021-04-04,2021-04-10,433734,355.7,case,2023-01-12
2021,14,18-49,7858,2021-04-04,2021-04-10,2294817,342.4,case,2023-01-12
2021,14,5-11,1044,2021-04-04,2021-04-10,509735,204.8,case,2023-01-12
2021,14,50-64,2912,2021-04-04,2021-04-10,1114015,261.4,case,2023-01-12
2021,14,65+,835,2021-04-04,2021-04-10,858698,97.2,case,2023-01-12
2021,14,Total,14626,2021-04-04,2021-04-10,5562663,262.9,case,2023-01-12
2021,15,0-4,438,2021-04-11,2021-04-17,351664,124.6,case,2023-01-12
2021,15,12-17,1558,2021-04-11,2021-04-17,433734,359.2,case,2023-01-12
2021,15,18-49,7270,2021-04-11,2021-04-17,2294817,316.8,case,2023-01-12
2021,15,5-11,1101,2021-04-11,2021-04-17,509735,216,case,2023-01-12
2021,15,50-64,2547,2021-04-11,2021-04-17,1114015,228.6,case,2023-01-12
2021,15,65+,804,2021-04-11,2021-04-17,858698,93.6,case,2023-01-12
2021,15,Total,13718,2021-04-11,2021-04-17,5562663,246.6,case,2023-01-12
2021,16,0-4,429,2021-04-18,2021-04-24,351664,122,case,2023-01-12
2021,16,12-17,1512,2021-04-18,2021-04-24,433734,348.6,case,2023-01-12
2021,16,18-49,5989,2021-04-18,2021-04-24,2294817,261,case,2023-01-12
2021,16,5-11,985,2021-04-18,2021-04-24,509735,193.2,case,2023-01-12
2021,16,50-64,1959,2021-04-18,2021-04-24,1114015,175.9,case,2023-01-12
2021,16,65+,705,2021-04-18,2021-04-24,858698,82.1,case,2023-01-12
2021,16,Total,11579,2021-04-18,2021-04-24,5562663,208.2,case,2023-01-12
2021,17,0-4,494,2021-04-25,2021-05-01,351664,140.5,case,2023-01-12
2021,17,12-17,1397,2021-04-25,2021-05-01,433734,322.1,case,2023-01-12
2021,17,18-49,5617,2021-04-25,2021-05-01,2294817,244.8,case,2023-01-12
2021,17,5-11,1082,2021-04-25,2021-05-01,509735,212.3,case,2023-01-12
2021,17,50-64,1717,2021-04-25,2021-05-01,1114015,154.1,case,2023-01-12
2021,17,65+,657,2021-04-25,2021-05-01,858698,76.5,case,2023-01-12
2021,17,Total,10964,2021-04-25,2021-05-01,5562663,197.1,case,2023-01-12
2021,18,0-4,310,2021-05-02,2021-05-08,351664,88.2,case,2023-01-12
2021,18,12-17,1151,2021-05-02,2021-05-08,433734,265.4,case,2023-01-12
2021,18,18-49,4079,2021-05-02,2021-05-08,2294817,177.7,case,2023-01-12
2021,18,5-11,773,2021-05-02,2021-05-08,509735,151.6,case,2023-01-12
2021,18,50-64,1321,2021-05-02,2021-05-08,1114015,118.6,case,2023-01-12
2021,18,65+,591,2021-05-02,2021-05-08,858698,68.8,case,2023-01-12
2021,18,Total,8225,2021-05-02,2021-05-08,5562663,147.9,case,2023-01-12
2021,19,0-4,255,2021-05-09,2021-05-15,351664,72.5,case,2023-01-12
2021,19,12-17,711,2021-05-09,2021-05-15,433734,163.9,case,2023-01-12
2021,19,18-49,2838,2021-05-09,2021-05-15,2294817,123.7,case,2023-01-12
2021,19,5-11,549,2021-05-09,2021-05-15,509735,107.7,case,2023-01-12
2021,19,50-64,903,2021-05-09,2021-05-15,1114015,81.1,case,2023-01-12
2021,19,65+,455,2021-05-09,2021-05-15,858698,53,case,2023-01-12
2021,19,Total,5711,2021-05-09,2021-05-15,5562663,102.7,case,2023-01-12
2021,20,0-4,188,2021-05-16,2021-05-22,351664,53.5,case,2023-01-12
2021,20,12-17,529,2021-05-16,2021-05-22,433734,122,case,2023-01-12
2021,20,18-49,1958,2021-05-16,2021-05-22,2294817,85.3,case,2023-01-12
2021,20,5-11,357,2021-05-16,2021-05-22,509735,70,case,2023-01-12
2021,20,50-64,671,2021-05-16,2021-05-22,1114015,60.2,case,2023-01-12
2021,20,65+,364,2021-05-16,2021-05-22,858698,42.4,case,2023-01-12
2021,20,Total,4067,2021-05-16,2021-05-22,5562663,73.1,case,2023-01-12
2021,21,0-4,86,2021-05-23,2021-05-29,351664,24.5,case,2023-01-12
2021,21,12-17,213,2021-05-23,2021-05-29,433734,49.1,case,2023-01-12
2021,21,18-49,1105,2021-05-23,2021-05-29,2294817,48.2,case,2023-01-12
2021,21,5-11,199,2021-05-23,2021-05-29,509735,39,case,2023-01-12
2021,21,50-64,417,2021-05-23,2021-05-29,1114015,37.4,case,2023-01-12
2021,21,65+,213,2021-05-23,2021-05-29,858698,24.8,case,2023-01-12
2021,21,Total,2233,2021-05-23,2021-05-29,5562663,40.1,case,2023-01-12
2021,22,0-4,73,2021-05-30,2021-06-05,351664,20.8,case,2023-01-12
2021,22,12-17,145,2021-05-30,2021-06-05,433734,33.4,case,2023-01-12
2021,22,18-49,728,2021-05-30,2021-06-05,2294817,31.7,case,2023-01-12
2021,22,5-11,113,2021-05-30,2021-06-05,509735,22.2,case,2023-01-12
2021,22,50-64,248,2021-05-30,2021-06-05,1114015,22.3,case,2023-01-12
2021,22,65+,157,2021-05-30,2021-06-05,858698,18.3,case,2023-01-12
2021,22,Total,1464,2021-05-30,2021-06-05,5562663,26.3,case,2023-01-12
2021,23,0-4,60,2021-06-06,2021-06-12,351664,17.1,case,2023-01-12
2021,23,12-17,69,2021-06-06,2021-06-12,433734,15.9,case,2023-01-12
2021,23,18-49,534,2021-06-06,2021-06-12,2294817,23.3,case,2023-01-12
2021,23,5-11,67,2021-06-06,2021-06-12,509735,13.1,case,2023-01-12
2021,23,50-64,173,2021-06-06,2021-06-12,1114015,15.5,case,2023-01-12
2021,23,65+,113,2021-06-06,2021-06-12,858698,13.2,case,2023-01-12
2021,23,Total,1016,2021-06-06,2021-06-12,5562663,18.3,case,2023-01-12
2021,24,0-4,58,2021-06-13,2021-06-19,351664,16.5,case,2023-01-12
2021,24,12-17,59,2021-06-13,2021-06-19,433734,13.6,case,2023-01-12
2021,24,18-49,414,2021-06-13,2021-06-19,2294817,18,case,2023-01-12
2021,24,5-11,62,2021-06-13,2021-06-19,509735,12.2,case,2023-01-12
2021,24,50-64,137,2021-06-13,2021-06-19,1114015,12.3,case,2023-01-12
2021,24,65+,103,2021-06-13,2021-06-19,858698,12,case,2023-01-12
2021,24,Total,833,2021-06-13,2021-06-19,5562663,15,case,2023-01-12
2021,25,0-4,50,2021-06-20,2021-06-26,351664,14.2,case,2023-01-12
2021,25,12-17,55,2021-06-20,2021-06-26,433734,12.7,case,2023-01-12
2021,25,18-49,359,2021-06-20,2021-06-26,2294817,15.6,case,2023-01-12
2021,25,5-11,41,2021-06-20,2021-06-26,509735,8,case,2023-01-12
2021,25,50-64,122,2021-06-20,2021-06-26,1114015,11,case,2023-01-12
2021,25,65+,78,2021-06-20,2021-06-26,858698,9.1,case,2023-01-12
2021,25,Total,705,2021-06-20,2021-06-26,5562663,12.7,case,2023-01-12
2021,26,0-4,47,2021-06-27,2021-07-03,351664,13.4,case,2023-01-12
2021,26,12-17,79,2021-06-27,2021-07-03,433734,18.2,case,2023-01-12
2021,26,18-49,421,2021-06-27,2021-07-03,2294817,18.3,case,2023-01-12
2021,26,5-11,40,2021-06-27,2021-07-03,509735,7.8,case,2023-01-12
2021,26,50-64,118,2021-06-27,2021-07-03,1114015,10.6,case,2023-01-12
2021,26,65+,86,2021-06-27,2021-07-03,858698,10,case,2023-01-12
2021,26,Total,791,2021-06-27,2021-07-03,5562663,14.2,case,2023-01-12
2021,27,0-4,56,2021-07-04,2021-07-10,351664,15.9,case,2023-01-12
2021,27,12-17,75,2021-07-04,2021-07-10,433734,17.3,case,2023-01-12
2021,27,18-49,548,2021-07-04,2021-07-10,2294817,23.9,case,2023-01-12
2021,27,5-11,75,2021-07-04,2021-07-10,509735,14.7,case,2023-01-12
2021,27,50-64,189,2021-07-04,2021-07-10,1114015,17,case,2023-01-12
2021,27,65+,95,2021-07-04,2021-07-10,858698,11.1,case,2023-01-12
2021,27,Total,1038,2021-07-04,2021-07-10,5562663,18.7,case,2023-01-12
2021,28,0-4,69,2021-07-11,2021-07-17,351664,19.6,case,2023-01-12
2021,28,12-17,98,2021-07-11,2021-07-17,433734,22.6,case,2023-01-12
2021,28,18-49,874,2021-07-11,2021-07-17,2294817,38.1,case,2023-01-12
2021,28,5-11,120,2021-07-11,2021-07-17,509735,23.5,case,2023-01-12
2021,28,50-64,294,2021-07-11,2021-07-17,1114015,26.4,case,2023-01-12
2021,28,65+,180,2021-07-11,2021-07-17,858698,21,case,2023-01-12
2021,28,Total,1635,2021-07-11,2021-07-17,5562663,29.4,case,2023-01-12
2021,29,0-4,119,2021-07-18,2021-07-24,351664,33.8,case,2023-01-12
2021,29,12-17,194,2021-07-18,2021-07-24,433734,44.7,case,2023-01-12
2021,29,18-49,1547,2021-07-18,2021-07-24,2294817,67.4,case,2023-01-12
2021,29,5-11,189,2021-07-18,2021-07-24,509735,37.1,case,2023-01-12
2021,29,50-64,441,2021-07-18,2021-07-24,1114015,39.6,case,2023-01-12
2021,29,65+,275,2021-07-18,2021-07-24,858698,32,case,2023-01-12
2021,29,Total,2765,2021-07-18,2021-07-24,5562663,49.7,case,2023-01-12
2021,30,0-4,158,2021-07-25,2021-07-31,351664,44.9,case,2023-01-12
2021,30,12-17,331,2021-07-25,2021-07-31,433734,76.3,case,2023-01-12
2021,30,18-49,2575,2021-07-25,2021-07-31,2294817,112.2,case,2023-01-12
2021,30,5-11,342,2021-07-25,2021-07-31,509735,67.1,case,2023-01-12
2021,30,50-64,677,2021-07-25,2021-07-31,1114015,60.8,case,2023-01-12
2021,30,65+,475,2021-07-25,2021-07-31,858698,55.3,case,2023-01-12
2021,30,Total,4558,2021-07-25,2021-07-31,5562663,81.9,case,2023-01-12
2021,31,0-4,270,2021-08-01,2021-08-07,351664,76.8,case,2023-01-12
2021,31,12-17,470,2021-08-01,2021-08-07,433734,108.4,case,2023-01-12
2021,31,18-49,3582,2021-08-01,2021-08-07,2294817,156.1,case,2023-01-12
2021,31,5-11,519,2021-08-01,2021-08-07,509735,101.8,case,2023-01-12
2021,31,50-64,1014,2021-08-01,2021-08-07,1114015,91,case,2023-01-12
2021,31,65+,721,2021-08-01,2021-08-07,858698,84,case,2023-01-12
2021,31,Total,6576,2021-08-01,2021-08-07,5562663,118.2,case,2023-01-12
2021,32,0-4,355,2021-08-08,2021-08-14,351664,100.9,case,2023-01-12
2021,32,12-17,603,2021-08-08,2021-08-14,433734,139,case,2023-01-12
2021,32,18-49,4483,2021-08-08,2021-08-14,2294817,195.4,case,2023-01-12
2021,32,5-11,756,2021-08-08,2021-08-14,509735,148.3,case,2023-01-12
2021,32,50-64,1406,2021-08-08,2021-08-14,1114015,126.2,case,2023-01-12
2021,32,65+,864,2021-08-08,2021-08-14,858698,100.6,case,2023-01-12
2021,32,Total,8467,2021-08-08,2021-08-14,5562663,152.2,case,2023-01-12
2021,33,0-4,421,2021-08-15,2021-08-21,351664,119.7,case,2023-01-12
2021,33,12-17,676,2021-08-15,2021-08-21,433734,155.9,case,2023-01-12
2021,33,18-49,5399,2021-08-15,2021-08-21,2294817,235.3,case,2023-01-12
2021,33,5-11,880,2021-08-15,2021-08-21,509735,172.6,case,2023-01-12
2021,33,50-64,1816,2021-08-15,2021-08-21,1114015,163,case,2023-01-12
2021,33,65+,1254,2021-08-15,2021-08-21,858698,146,case,2023-01-12
2021,33,Total,10446,2021-08-15,2021-08-21,5562663,187.8,case,2023-01-12
2021,34,0-4,497,2021-08-22,2021-08-28,351664,141.3,case,2023-01-12
2021,34,12-17,710,2021-08-22,2021-08-28,433734,163.7,case,2023-01-12
2021,34,18-49,5571,2021-08-22,2021-08-28,2294817,242.8,case,2023-01-12
2021,34,5-11,1012,2021-08-22,2021-08-28,509735,198.5,case,2023-01-12
2021,34,50-64,1819,2021-08-22,2021-08-28,1114015,163.3,case,2023-01-12
2021,34,65+,1300,2021-08-22,2021-08-28,858698,151.4,case,2023-01-12
2021,34,Total,10909,2021-08-22,2021-08-28,5562663,196.1,case,2023-01-12
2021,35,0-4,553,2021-08-29,2021-09-04,351664,157.3,case,2023-01-12
2021,35,12-17,845,2021-08-29,2021-09-04,433734,194.8,case,2023-01-12
2021,35,18-49,6497,2021-08-29,2021-09-04,2294817,283.1,case,2023-01-12
2021,35,5-11,1089,2021-08-29,2021-09-04,509735,213.6,case,2023-01-12
2021,35,50-64,2062,2021-08-29,2021-09-04,1114015,185.1,case,2023-01-12
2021,35,65+,1460,2021-08-29,2021-09-04,858698,170,case,2023-01-12
2021,35,Total,12506,2021-08-29,2021-09-04,5562663,224.8,case,2023-01-12
2021,36,0-4,583,2021-09-05,2021-09-11,351664,165.8,case,2023-01-12
2021,36,12-17,1007,2021-09-05,2021-09-11,433734,232.2,case,2023-01-12
2021,36,18-49,6445,2021-09-05,2021-09-11,2294817,280.9,case,2023-01-12
2021,36,5-11,1240,2021-09-05,2021-09-11,509735,243.3,case,2023-01-12
2021,36,50-64,2057,2021-09-05,2021-09-11,1114015,184.6,case,2023-01-12
2021,36,65+,1510,2021-09-05,2021-09-11,858698,175.8,case,2023-01-12
2021,36,Total,12842,2021-09-05,2021-09-11,5562663,230.9,case,2023-01-12
2021,37,0-4,721,2021-09-12,2021-09-18,351664,205,case,2023-01-12
2021,37,12-17,1808,2021-09-12,2021-09-18,433734,416.8,case,2023-01-12
2021,37,18-49,7090,2021-09-12,2021-09-18,2294817,309,case,2023-01-12
2021,37,5-11,2083,2021-09-12,2021-09-18,509735,408.6,case,2023-01-12
2021,37,50-64,2322,2021-09-12,2021-09-18,1114015,208.4,case,2023-01-12
2021,37,65+,1704,2021-09-12,2021-09-18,858698,198.4,case,2023-01-12
2021,37,Total,15728,2021-09-12,2021-09-18,5562663,282.7,case,2023-01-12
2021,38,0-4,718,2021-09-19,2021-09-25,351664,204.2,case,2023-01-12
2021,38,12-17,2264,2021-09-19,2021-09-25,433734,522,case,2023-01-12
2021,38,18-49,7317,2021-09-19,2021-09-25,2294817,318.8,case,2023-01-12
2021,38,5-11,2459,2021-09-19,2021-09-25,509735,482.4,case,2023-01-12
2021,38,50-64,2478,2021-09-19,2021-09-25,1114015,222.4,case,2023-01-12
2021,38,65+,1901,2021-09-19,2021-09-25,858698,221.4,case,2023-01-12
2021,38,Total,17137,2021-09-19,2021-09-25,5562663,308.1,case,2023-01-12
2021,39,0-4,913,2021-09-26,2021-10-02,351664,259.6,case,2023-01-12
2021,39,12-17,2315,2021-09-26,2021-10-02,433734,533.7,case,2023-01-12
2021,39,18-49,9076,2021-09-26,2021-10-02,2294817,395.5,case,2023-01-12
2021,39,5-11,2874,2021-09-26,2021-10-02,509735,563.8,case,2023-01-12
2021,39,50-64,3080,2021-09-26,2021-10-02,1114015,276.5,case,2023-01-12
2021,39,65+,2454,2021-09-26,2021-10-02,858698,285.8,case,2023-01-12
2021,39,Total,20712,2021-09-26,2021-10-02,5562663,372.3,case,2023-01-12
2021,40,0-4,850,2021-10-03,2021-10-09,351664,241.7,case,2023-01-12
2021,40,12-17,2075,2021-10-03,2021-10-09,433734,478.4,case,2023-01-12
2021,40,18-49,9022,2021-10-03,2021-10-09,2294817,393.1,case,2023-01-12
2021,40,5-11,2485,2021-10-03,2021-10-09,509735,487.5,case,2023-01-12
2021,40,50-64,3383,2021-10-03,2021-10-09,1114015,303.7,case,2023-01-12
2021,40,65+,2607,2021-10-03,2021-10-09,858698,303.6,case,2023-01-12
2021,40,Total,20422,2021-10-03,2021-10-09,5562663,367.1,case,2023-01-12
2021,41,0-4,752,2021-10-10,2021-10-16,351664,213.8,case,2023-01-12
2021,41,12-17,1535,2021-10-10,2021-10-16,433734,353.9,case,2023-01-12
2021,41,18-49,7577,2021-10-10,2021-10-16,2294817,330.2,case,2023-01-12
2021,41,5-11,2167,2021-10-10,2021-10-16,509735,425.1,case,2023-01-12
2021,41,50-64,2935,2021-10-10,2021-10-16,1114015,263.5,case,2023-01-12
2021,41,65+,2202,2021-10-10,2021-10-16,858698,256.4,case,2023-01-12
2021,41,Total,17168,2021-10-10,2021-10-16,5562663,308.6,case,2023-01-12
2021,42,0-4,770,2021-10-17,2021-10-23,351664,219,case,2023-01-12
2021,42,12-17,1170,2021-10-17,2021-10-23,433734,269.8,case,2023-01-12
2021,42,18-49,7006,2021-10-17,2021-10-23,2294817,305.3,case,2023-01-12
2021,42,5-11,1872,2021-10-17,2021-10-23,509735,367.2,case,2023-01-12
2021,42,50-64,2740,2021-10-17,2021-10-23,1114015,246,case,2023-01-12
2021,42,65+,1930,2021-10-17,2021-10-23,858698,224.8,case,2023-01-12
2021,42,Total,15488,2021-10-17,2021-10-23,5562663,278.4,case,2023-01-12
2021,43,0-4,794,2021-10-24,2021-10-30,351664,225.8,case,2023-01-12
2021,43,12-17,1397,2021-10-24,2021-10-30,433734,322.1,case,2023-01-12
2021,43,18-49,8445,2021-10-24,2021-10-30,2294817,368,case,2023-01-12
2021,43,5-11,2267,2021-10-24,2021-10-30,509735,444.7,case,2023-01-12
2021,43,50-64,3361,2021-10-24,2021-10-30,1114015,301.7,case,2023-01-12
2021,43,65+,2447,2021-10-24,2021-10-30,858698,285,case,2023-01-12
2021,43,Total,18711,2021-10-24,2021-10-30,5562663,336.4,case,2023-01-12
2021,44,0-4,1150,2021-10-31,2021-11-06,351664,327,case,2023-01-12
2021,44,12-17,1520,2021-10-31,2021-11-06,433734,350.4,case,2023-01-12
2021,44,18-49,11575,2021-10-31,2021-11-06,2294817,504.4,case,2023-01-12
2021,44,5-11,3200,2021-10-31,2021-11-06,509735,627.8,case,2023-01-12
2021,44,50-64,4322,2021-10-31,2021-11-06,1114015,388,case,2023-01-12
2021,44,65+,2700,2021-10-31,2021-11-06,858698,314.4,case,2023-01-12
2021,44,Total,24467,2021-10-31,2021-11-06,5562663,439.8,case,2023-01-12
2021,45,0-4,1473,2021-11-07,2021-11-13,351664,418.9,case,2023-01-12
2021,45,12-17,1908,2021-11-07,2021-11-13,433734,439.9,case,2023-01-12
2021,45,18-49,13712,2021-11-07,2021-11-13,2294817,597.5,case,2023-01-12
2021,45,5-11,3875,2021-11-07,2021-11-13,509735,760.2,case,2023-01-12
2021,45,50-64,4970,2021-11-07,2021-11-13,1114015,446.1,case,2023-01-12
2021,45,65+,3060,2021-11-07,2021-11-13,858698,356.4,case,2023-01-12
2021,45,Total,28998,2021-11-07,2021-11-13,5562663,521.3,case,2023-01-12
2021,46,0-4,1609,2021-11-14,2021-11-20,351664,457.5,case,2023-01-12
2021,46,12-17,2195,2021-11-14,2021-11-20,433734,506.1,case,2023-01-12
2021,46,18-49,13855,2021-11-14,2021-11-20,2294817,603.8,case,2023-01-12
2021,46,5-11,4355,2021-11-14,2021-11-20,509735,854.4,case,2023-01-12
2021,46,50-64,5261,2021-11-14,2021-11-20,1114015,472.3,case,2023-01-12
2021,46,65+,2912,2021-11-14,2021-11-20,858698,339.1,case,2023-01-12
2021,46,Total,30187,2021-11-14,2021-11-20,5562663,542.7,case,2023-01-12
2021,47,0-4,1427,2021-11-21,2021-11-27,351664,405.8,case,2023-01-12
2021,47,12-17,1555,2021-11-21,2021-11-27,433734,358.5,case,2023-01-12
2021,47,18-49,12161,2021-11-21,2021-11-27,2294817,529.9,case,2023-01-12
2021,47,5-11,3191,2021-11-21,2021-11-27,509735,626,case,2023-01-12
2021,47,50-64,4526,2021-11-21,2021-11-27,1114015,406.3,case,2023-01-12
2021,47,65+,2577,2021-11-21,2021-11-27,858698,300.1,case,2023-01-12
2021,47,Total,25437,2021-11-21,2021-11-27,5562663,457.3,case,2023-01-12
2021,48,0-4,1769,2021-11-28,2021-12-04,351664,503,case,2023-01-12
2021,48,12-17,2287,2021-11-28,2021-12-04,433734,527.3,case,2023-01-12
2021,48,18-49,17094,2021-11-28,2021-12-04,2294817,744.9,case,2023-01-12
2021,48,5-11,3544,2021-11-28,2021-12-04,509735,695.3,case,2023-01-12
2021,48,50-64,6048,2021-11-28,2021-12-04,1114015,542.9,case,2023-01-12
2021,48,65+,2943,2021-11-28,2021-12-04,858698,342.7,case,2023-01-12
2021,48,Total,33685,2021-11-28,2021-12-04,5562663,605.6,case,2023-01-12
2021,49,0-4,1359,2021-12-05,2021-12-11,351664,386.4,case,2023-01-12
2021,49,12-17,1664,2021-12-05,2021-12-11,433734,383.6,case,2023-01-12
2021,49,18-49,11511,2021-12-05,2021-12-11,2294817,501.6,case,2023-01-12
2021,49,5-11,2207,2021-12-05,2021-12-11,509735,433,case,2023-01-12
2021,49,50-64,4254,2021-12-05,2021-12-11,1114015,381.9,case,2023-01-12
2021,49,65+,2194,2021-12-05,2021-12-11,858698,255.5,case,2023-01-12
2021,49,Total,23189,2021-12-05,2021-12-11,5562663,416.9,case,2023-01-12
2021,50,0-4,1132,2021-12-12,2021-12-18,351664,321.9,case,2023-01-12
2021,50,12-17,1536,2021-12-12,2021-12-18,433734,354.1,case,2023-01-12
2021,50,18-49,11116,2021-12-12,2021-12-18,2294817,484.4,case,2023-01-12
2021,50,5-11,1779,2021-12-12,2021-12-18,509735,349,case,2023-01-12
2021,50,50-64,3636,2021-12-12,2021-12-18,1114015,326.4,case,2023-01-12
2021,50,65+,1847,2021-12-12,2021-12-18,858698,215.1,case,2023-01-12
2021,50,Total,21046,2021-12-12,2021-12-18,5562663,378.3,case,2023-01-12
2021,51,0-4,1155,2021-12-19,2021-12-25,351664,328.4,case,2023-01-12
2021,51,12-17,1700,2021-12-19,2021-12-25,433734,391.9,case,2023-01-12
2021,51,18-49,13622,2021-12-19,2021-12-25,2294817,593.6,case,2023-01-12
2021,51,5-11,1390,2021-12-19,2021-12-25,509735,272.7,case,2023-01-12
2021,51,50-64,3652,2021-12-19,2021-12-25,1114015,327.8,case,2023-01-12
2021,51,65+,1693,2021-12-19,2021-12-25,858698,197.2,case,2023-01-12
2021,51,Total,23212,2021-12-19,2021-12-25,5562663,417.3,case,2023-01-12
2021,52,0-4,2342,2021-12-26,2022-01-01,351664,666,case,2023-01-12
2021,52,12-17,3395,2021-12-26,2022-01-01,433734,782.7,case,2023-01-12
2021,52,18-49,30664,2021-12-26,2022-01-01,2294817,1336.2,case,2023-01-12
2021,52,5-11,2999,2021-12-26,2022-01-01,509735,588.3,case,2023-01-12
2021,52,50-64,8116,2021-12-26,2022-01-01,1114015,728.5,case,2023-01-12
2021,52,65+,3535,2021-12-26,2022-01-01,858698,411.7,case,2023-01-12
2021,52,Total,51051,2021-12-26,2022-01-01,5562663,917.7,case,2023-01-12
2022,1,0-4,4447,2022-01-02,2022-01-08,351664,1264.6,case,2023-01-12
2022,1,12-17,7419,2022-01-02,2022-01-08,433734,1710.5,case,2023-01-12
2022,1,18-49,54270,2022-01-02,2022-01-08,2294817,2364.9,case,2023-01-12
2022,1,5-11,6284,2022-01-02,2022-01-08,509735,1232.8,case,2023-01-12
2022,1,50-64,13650,2022-01-02,2022-01-08,1114015,1225.3,case,2023-01-12
2022,1,65+,5829,2022-01-02,2022-01-08,858698,678.8,case,2023-01-12
2022,1,Total,91899,2022-01-02,2022-01-08,5562663,1652.1,case,2023-01-12
2022,2,0-4,5184,2022-01-09,2022-01-15,351664,1474.1,case,2023-01-12
2022,2,12-17,8424,2022-01-09,2022-01-15,433734,1942.2,case,2023-01-12
2022,2,18-49,49258,2022-01-09,2022-01-15,2294817,2146.5,case,2023-01-12
2022,2,5-11,7627,2022-01-09,2022-01-15,509735,1496.3,case,2023-01-12
2022,2,50-64,14383,2022-01-09,2022-01-15,1114015,1291.1,case,2023-01-12
2022,2,65+,6663,2022-01-09,2022-01-15,858698,775.9,case,2023-01-12
2022,2,Total,91539,2022-01-09,2022-01-15,5562663,1645.6,case,2023-01-12
2022,3,0-4,4162,2022-01-16,2022-01-22,351664,1183.5,case,2023-01-12
2022,3,12-17,5477,2022-01-16,2022-01-22,433734,1262.8,case,2023-01-12
2022,3,18-49,36239,2022-01-16,2022-01-22,2294817,1579.2,case,2023-01-12
2022,3,5-11,5778,2022-01-16,2022-01-22,509735,1133.5,case,2023-01-12
2022,3,50-64,11637,2022-01-16,2022-01-22,1114015,1044.6,case,2023-01-12
2022,3,65+,6278,2022-01-16,2022-01-22,858698,731.1,case,2023-01-12
2022,3,Total,69571,2022-01-16,2022-01-22,5562663,1250.7,case,2023-01-12
2022,4,0-4,2681,2022-01-23,2022-01-29,351664,762.4,case,2023-01-12
2022,4,12-17,2746,2022-01-23,2022-01-29,433734,633.1,case,2023-01-12
2022,4,18-49,21096,2022-01-23,2022-01-29,2294817,919.3,case,2023-01-12
2022,4,5-11,3209,2022-01-23,2022-01-29,509735,629.5,case,2023-01-12
2022,4,50-64,7398,2022-01-23,2022-01-29,1114015,664.1,case,2023-01-12
2022,4,65+,4562,2022-01-23,2022-01-29,858698,531.3,case,2023-01-12
2022,4,Total,41692,2022-01-23,2022-01-29,5562663,749.5,case,2023-01-12
2022,5,0-4,1657,2022-01-30,2022-02-05,351664,471.2,case,2023-01-12
2022,5,12-17,1391,2022-01-30,2022-02-05,433734,320.7,case,2023-01-12
2022,5,18-49,11810,2022-01-30,2022-02-05,2294817,514.6,case,2023-01-12
2022,5,5-11,1815,2022-01-30,2022-02-05,509735,356.1,case,2023-01-12
2022,5,50-64,4393,2022-01-30,2022-02-05,1114015,394.3,case,2023-01-12
2022,5,65+,3226,2022-01-30,2022-02-05,858698,375.7,case,2023-01-12
2022,5,Total,24292,2022-01-30,2022-02-05,5562663,436.7,case,2023-01-12
2022,6,0-4,1154,2022-02-06,2022-02-12,351664,328.2,case,2023-01-12
2022,6,12-17,811,2022-02-06,2022-02-12,433734,187,case,2023-01-12
2022,6,18-49,7007,2022-02-06,2022-02-12,2294817,305.3,case,2023-01-12
2022,6,5-11,1208,2022-02-06,2022-02-12,509735,237,case,2023-01-12
2022,6,50-64,2729,2022-02-06,2022-02-12,1114015,245,case,2023-01-12
2022,6,65+,2179,2022-02-06,2022-02-12,858698,253.8,case,2023-01-12
2022,6,Total,15088,2022-02-06,2022-02-12,5562663,271.2,case,2023-01-12
2022,7,0-4,688,2022-02-13,2022-02-19,351664,195.6,case,2023-01-12
2022,7,12-17,434,2022-02-13,2022-02-19,433734,100.1,case,2023-01-12
2022,7,18-49,4071,2022-02-13,2022-02-19,2294817,177.4,case,2023-01-12
2022,7,5-11,544,2022-02-13,2022-02-19,509735,106.7,case,2023-01-12
2022,7,50-64,1637,2022-02-13,2022-02-19,1114015,146.9,case,2023-01-12
2022,7,65+,1409,2022-02-13,2022-02-19,858698,164.1,case,2023-01-12
2022,7,Total,8783,2022-02-13,2022-02-19,5562663,157.9,case,2023-01-12
2022,8,0-4,452,2022-02-20,2022-02-26,351664,128.5,case,2023-01-12
2022,8,12-17,267,2022-02-20,2022-02-26,433734,61.6,case,2023-01-12
2022,8,18-49,2396,2022-02-20,2022-02-26,2294817,104.4,case,2023-01-12
2022,8,5-11,357,2022-02-20,2022-02-26,509735,70,case,2023-01-12
2022,8,50-64,927,2022-02-20,2022-02-26,1114015,83.2,case,2023-01-12
2022,8,65+,856,2022-02-20,2022-02-26,858698,99.7,case,2023-01-12
2022,8,Total,5255,2022-02-20,2022-02-26,5562663,94.5,case,2023-01-12
2022,9,0-4,306,2022-02-27,2022-03-05,351664,87,case,2023-01-12
2022,9,12-17,192,2022-02-27,2022-03-05,433734,44.3,case,2023-01-12
2022,9,18-49,1789,2022-02-27,2022-03-05,2294817,78,case,2023-01-12
2022,9,5-11,262,2022-02-27,2022-03-05,509735,51.4,case,2023-01-12
2022,9,50-64,658,2022-02-27,2022-03-05,1114015,59.1,case,2023-01-12
2022,9,65+,694,2022-02-27,2022-03-05,858698,80.8,case,2023-01-12
2022,9,Total,3901,2022-02-27,2022-03-05,5562663,70.1,case,2023-01-12
2022,10,0-4,213,2022-03-06,2022-03-12,351664,60.6,case,2023-01-12
2022,10,12-17,110,2022-03-06,2022-03-12,433734,25.4,case,2023-01-12
2022,10,18-49,1341,2022-03-06,2022-03-12,2294817,58.4,case,2023-01-12
2022,10,5-11,179,2022-03-06,2022-03-12,509735,35.1,case,2023-01-12
2022,10,50-64,505,2022-03-06,2022-03-12,1114015,45.3,case,2023-01-12
2022,10,65+,493,2022-03-06,2022-03-12,858698,57.4,case,2023-01-12
2022,10,Total,2841,2022-03-06,2022-03-12,5562663,51.1,case,2023-01-12
2022,11,0-4,201,2022-03-13,2022-03-19,351664,57.2,case,2023-01-12
2022,11,12-17,128,2022-03-13,2022-03-19,433734,29.5,case,2023-01-12
2022,11,18-49,1232,2022-03-13,2022-03-19,2294817,53.7,case,2023-01-12
2022,11,5-11,168,2022-03-13,2022-03-19,509735,33,case,2023-01-12
2022,11,50-64,454,2022-03-13,2022-03-19,1114015,40.8,case,2023-01-12
2022,11,65+,449,2022-03-13,2022-03-19,858698,52.3,case,2023-01-12
2022,11,Total,2632,2022-03-13,2022-03-19,5562663,47.3,case,2023-01-12
2022,12,0-4,169,2022-03-20,2022-03-26,351664,48.1,case,2023-01-12
2022,12,12-17,108,2022-03-20,2022-03-26,433734,24.9,case,2023-01-12
2022,12,18-49,1312,2022-03-20,2022-03-26,2294817,57.2,case,2023-01-12
2022,12,5-11,127,2022-03-20,2022-03-26,509735,24.9,case,2023-01-12
2022,12,50-64,535,2022-03-20,2022-03-26,1114015,48,case,2023-01-12
2022,12,65+,473,2022-03-20,2022-03-26,858698,55.1,case,2023-01-12
2022,12,Total,2724,2022-03-20,2022-03-26,5562663,49,case,2023-01-12
2022,13,0-4,178,2022-03-27,2022-04-02,351664,50.6,case,2023-01-12
2022,13,12-17,102,2022-03-27,2022-04-02,433734,23.5,case,2023-01-12
2022,13,18-49,1430,2022-03-27,2022-04-02,2294817,62.3,case,2023-01-12
2022,13,5-11,135,2022-03-27,2022-04-02,509735,26.5,case,2023-01-12
2022,13,50-64,519,2022-03-27,2022-04-02,1114015,46.6,case,2023-01-12
2022,13,65+,492,2022-03-27,2022-04-02,858698,57.3,case,2023-01-12
2022,13,Total,2856,2022-03-27,2022-04-02,5562663,51.3,case,2023-01-12
2022,14,0-4,202,2022-04-03,2022-04-09,351664,57.4,case,2023-01-12
2022,14,12-17,128,2022-04-03,2022-04-09,433734,29.5,case,2023-01-12
2022,14,18-49,1769,2022-04-03,2022-04-09,2294817,77.1,case,2023-01-12
2022,14,5-11,172,2022-04-03,2022-04-09,509735,33.7,case,2023-01-12
2022,14,50-64,686,2022-04-03,2022-04-09,1114015,61.6,case,2023-01-12
2022,14,65+,643,2022-04-03,2022-04-09,858698,74.9,case,2023-01-12
2022,14,Total,3600,2022-04-03,2022-04-09,5562663,64.7,case,2023-01-12
2022,15,0-4,304,2022-04-10,2022-04-16,351664,86.4,case,2023-01-12
2022,15,12-17,188,2022-04-10,2022-04-16,433734,43.3,case,2023-01-12
2022,15,18-49,2676,2022-04-10,2022-04-16,2294817,116.6,case,2023-01-12
2022,15,5-11,293,2022-04-10,2022-04-16,509735,57.5,case,2023-01-12
2022,15,50-64,1073,2022-04-10,2022-04-16,1114015,96.3,case,2023-01-12
2022,15,65+,940,2022-04-10,2022-04-16,858698,109.5,case,2023-01-12
2022,15,Total,5474,2022-04-10,2022-04-16,5562663,98.4,case,2023-01-12
2022,16,0-4,427,2022-04-17,2022-04-23,351664,121.4,case,2023-01-12
2022,16,12-17,288,2022-04-17,2022-04-23,433734,66.4,case,2023-01-12
2022,16,18-49,3639,2022-04-17,2022-04-23,2294817,158.6,case,2023-01-12
2022,16,5-11,430,2022-04-17,2022-04-23,509735,84.4,case,2023-01-12
2022,16,50-64,1323,2022-04-17,2022-04-23,1114015,118.8,case,2023-01-12
2022,16,65+,1375,2022-04-17,2022-04-23,858698,160.1,case,2023-01-12
2022,16,Total,7482,2022-04-17,2022-04-23,5562663,134.5,case,2023-01-12
2022,17,0-4,666,2022-04-24,2022-04-30,351664,189.4,case,2023-01-12
2022,17,12-17,492,2022-04-24,2022-04-30,433734,113.4,case,2023-01-12
2022,17,18-49,5023,2022-04-24,2022-04-30,2294817,218.9,case,2023-01-12
2022,17,5-11,650,2022-04-24,2022-04-30,509735,127.5,case,2023-01-12
2022,17,50-64,1918,2022-04-24,2022-04-30,1114015,172.2,case,2023-01-12
2022,17,65+,1835,2022-04-24,2022-04-30,858698,213.7,case,2023-01-12
2022,17,Total,10584,2022-04-24,2022-04-30,5562663,190.3,case,2023-01-12
2022,18,0-4,796,2022-05-01,2022-05-07,351664,226.4,case,2023-01-12
2022,18,12-17,623,2022-05-01,2022-05-07,433734,143.6,case,2023-01-12
2022,18,18-49,6788,2022-05-01,2022-05-07,2294817,295.8,case,2023-01-12
2022,18,5-11,848,2022-05-01,2022-05-07,509735,166.4,case,2023-01-12
2022,18,50-64,2439,2022-05-01,2022-05-07,1114015,218.9,case,2023-01-12
2022,18,65+,2464,2022-05-01,2022-05-07,858698,286.9,case,2023-01-12
2022,18,Total,13958,2022-05-01,2022-05-07,5562663,250.9,case,2023-01-12
2022,19,0-4,911,2022-05-08,2022-05-14,351664,259.1,case,2023-01-12
2022,19,12-17,649,2022-05-08,2022-05-14,433734,149.6,case,2023-01-12
2022,19,18-49,6972,2022-05-08,2022-05-14,2294817,303.8,case,2023-01-12
2022,19,5-11,813,2022-05-08,2022-05-14,509735,159.5,case,2023-01-12
2022,19,50-64,2797,2022-05-08,2022-05-14,1114015,251.1,case,2023-01-12
2022,19,65+,2685,2022-05-08,2022-05-14,858698,312.7,case,2023-01-12
2022,19,Total,14827,2022-05-08,2022-05-14,5562663,266.5,case,2023-01-12
2022,20,0-4,737,2022-05-15,2022-05-21,351664,209.6,case,2023-01-12
2022,20,12-17,610,2022-05-15,2022-05-21,433734,140.6,case,2023-01-12
2022,20,18-49,5938,2022-05-15,2022-05-21,2294817,258.8,case,2023-01-12
2022,20,5-11,679,2022-05-15,2022-05-21,509735,133.2,case,2023-01-12
2022,20,50-64,2234,2022-05-15,2022-05-21,1114015,200.5,case,2023-01-12
2022,20,65+,2355,2022-05-15,2022-05-21,858698,274.3,case,2023-01-12
2022,20,Total,12553,2022-05-15,2022-05-21,5562663,225.7,case,2023-01-12
2022,21,0-4,687,2022-05-22,2022-05-28,351664,195.4,case,2023-01-12
2022,21,12-17,569,2022-05-22,2022-05-28,433734,131.2,case,2023-01-12
2022,21,18-49,5524,2022-05-22,2022-05-28,2294817,240.7,case,2023-01-12
2022,21,5-11,659,2022-05-22,2022-05-28,509735,129.3,case,2023-01-12
2022,21,50-64,2230,2022-05-22,2022-05-28,1114015,200.2,case,2023-01-12
2022,21,65+,2318,2022-05-22,2022-05-28,858698,269.9,case,2023-01-12
2022,21,Total,11987,2022-05-22,2022-05-28,5562663,215.5,case,2023-01-12
2022,22,0-4,621,2022-05-29,2022-06-04,351664,176.6,case,2023-01-12
2022,22,12-17,434,2022-05-29,2022-06-04,433734,100.1,case,2023-01-12
2022,22,18-49,4874,2022-05-29,2022-06-04,2294817,212.4,case,2023-01-12
2022,22,5-11,495,2022-05-29,2022-06-04,509735,97.1,case,2023-01-12
2022,22,50-64,2003,2022-05-29,2022-06-04,1114015,179.8,case,2023-01-12
2022,22,65+,2093,2022-05-29,2022-06-04,858698,243.7,case,2023-01-12
2022,22,Total,10520,2022-05-29,2022-06-04,5562663,189.1,case,2023-01-12
2022,23,0-4,635,2022-06-05,2022-06-11,351664,180.6,case,2023-01-12
2022,23,12-17,394,2022-06-05,2022-06-11,433734,90.8,case,2023-01-12
2022,23,18-49,4981,2022-06-05,2022-06-11,2294817,217.1,case,2023-01-12
2022,23,5-11,386,2022-06-05,2022-06-11,509735,75.7,case,2023-01-12
2022,23,50-64,2070,2022-06-05,2022-06-11,1114015,185.8,case,2023-01-12
2022,23,65+,1984,2022-06-05,2022-06-11,858698,231,case,2023-01-12
2022,23,Total,10450,2022-06-05,2022-06-11,5562663,187.9,case,2023-01-12
2022,24,0-4,578,2022-06-12,2022-06-18,351664,164.4,case,2023-01-12
2022,24,12-17,309,2022-06-12,2022-06-18,433734,71.2,case,2023-01-12
2022,24,18-49,4640,2022-06-12,2022-06-18,2294817,202.2,case,2023-01-12
2022,24,5-11,327,2022-06-12,2022-06-18,509735,64.2,case,2023-01-12
2022,24,50-64,1934,2022-06-12,2022-06-18,1114015,173.6,case,2023-01-12
2022,24,65+,1997,2022-06-12,2022-06-18,858698,232.6,case,2023-01-12
2022,24,Total,9785,2022-06-12,2022-06-18,5562663,175.9,case,2023-01-12
2022,25,0-4,622,2022-06-19,2022-06-25,351664,176.9,case,2023-01-12
2022,25,12-17,288,2022-06-19,2022-06-25,433734,66.4,case,2023-01-12
2022,25,18-49,4262,2022-06-19,2022-06-25,2294817,185.7,case,2023-01-12
2022,25,5-11,349,2022-06-19,2022-06-25,509735,68.5,case,2023-01-12
2022,25,50-64,1765,2022-06-19,2022-06-25,1114015,158.4,case,2023-01-12
2022,25,65+,1902,2022-06-19,2022-06-25,858698,221.5,case,2023-01-12
2022,25,Total,9188,2022-06-19,2022-06-25,5562663,165.2,case,2023-01-12
2022,26,0-4,542,2022-06-26,2022-07-02,351664,154.1,case,2023-01-12
2022,26,12-17,273,2022-06-26,2022-07-02,433734,62.9,case,2023-01-12
2022,26,18-49,4626,2022-06-26,2022-07-02,2294817,201.6,case,2023-01-12
2022,26,5-11,295,2022-06-26,2022-07-02,509735,57.9,case,2023-01-12
2022,26,50-64,1888,2022-06-26,2022-07-02,1114015,169.5,case,2023-01-12
2022,26,65+,1974,2022-06-26,2022-07-02,858698,229.9,case,2023-01-12
2022,26,Total,9598,2022-06-26,2022-07-02,5562663,172.5,case,2023-01-12
2022,27,0-4,571,2022-07-03,2022-07-09,351664,162.4,case,2023-01-12
2022,27,12-17,234,2022-07-03,2022-07-09,433734,54,case,2023-01-12
2022,27,18-49,4099,2022-07-03,2022-07-09,2294817,178.6,case,2023-01-12
2022,27,5-11,297,2022-07-03,2022-07-09,509735,58.3,case,2023-01-12
2022,27,50-64,1616,2022-07-03,2022-07-09,1114015,145.1,case,2023-01-12
2022,27,65+,1876,2022-07-03,2022-07-09,858698,218.5,case,2023-01-12
2022,27,Total,8693,2022-07-03,2022-07-09,5562663,156.3,case,2023-01-12
2022,28,0-4,628,2022-07-10,2022-07-16,351664,178.6,case,2023-01-12
2022,28,12-17,297,2022-07-10,2022-07-16,433734,68.5,case,2023-01-12
2022,28,18-49,4391,2022-07-10,2022-07-16,2294817,191.3,case,2023-01-12
2022,28,5-11,347,2022-07-10,2022-07-16,509735,68.1,case,2023-01-12
2022,28,50-64,1797,2022-07-10,2022-07-16,1114015,161.3,case,2023-01-12
2022,28,65+,2002,2022-07-10,2022-07-16,858698,233.1,case,2023-01-12
2022,28,Total,9462,2022-07-10,2022-07-16,5562663,170.1,case,2023-01-12
2022,29,0-4,638,2022-07-17,2022-07-23,351664,181.4,case,2023-01-12
2022,29,12-17,347,2022-07-17,2022-07-23,433734,80,case,2023-01-12
2022,29,18-49,4552,2022-07-17,2022-07-23,2294817,198.4,case,2023-01-12
2022,29,5-11,416,2022-07-17,2022-07-23,509735,81.6,case,2023-01-12
2022,29,50-64,1919,2022-07-17,2022-07-23,1114015,172.3,case,2023-01-12
2022,29,65+,2142,2022-07-17,2022-07-23,858698,249.4,case,2023-01-12
2022,29,Total,10014,2022-07-17,2022-07-23,5562663,180,case,2023-01-12
2022,30,0-4,645,2022-07-24,2022-07-30,351664,183.4,case,2023-01-12
2022,30,12-17,328,2022-07-24,2022-07-30,433734,75.6,case,2023-01-12
2022,30,18-49,4849,2022-07-24,2022-07-30,2294817,211.3,case,2023-01-12
2022,30,5-11,364,2022-07-24,2022-07-30,509735,71.4,case,2023-01-12
2022,30,50-64,1928,2022-07-24,2022-07-30,1114015,173.1,case,2023-01-12
2022,30,65+,2216,2022-07-24,2022-07-30,858698,258.1,case,2023-01-12
2022,30,Total,10330,2022-07-24,2022-07-30,5562663,185.7,case,2023-01-12
2022,31,0-4,672,2022-07-31,2022-08-06,351664,191.1,case,2023-01-12
2022,31,12-17,293,2022-07-31,2022-08-06,433734,67.6,case,2023-01-12
2022,31,18-49,4781,2022-07-31,2022-08-06,2294817,208.3,case,2023-01-12
2022,31,5-11,382,2022-07-31,2022-08-06,509735,74.9,case,2023-01-12
2022,31,50-64,1950,2022-07-31,2022-08-06,1114015,175,case,2023-01-12
2022,31,65+,2199,2022-07-31,2022-08-06,858698,256.1,case,2023-01-12
2022,31,Total,10277,2022-07-31,2022-08-06,5562663,184.7,case,2023-01-12
2022,32,0-4,633,2022-08-07,2022-08-13,351664,180,case,2023-01-12
2022,32,12-17,304,2022-08-07,2022-08-13,433734,70.1,case,2023-01-12
2022,32,18-49,4716,2022-08-07,2022-08-13,2294817,205.5,case,2023-01-12
2022,32,5-11,358,2022-08-07,2022-08-13,509735,70.2,case,2023-01-12
2022,32,50-64,1865,2022-08-07,2022-08-13,1114015,167.4,case,2023-01-12
2022,32,65+,2207,2022-08-07,2022-08-13,858698,257,case,2023-01-12
2022,32,Total,10083,2022-08-07,2022-08-13,5562663,181.3,case,2023-01-12
2022,33,0-4,540,2022-08-14,2022-08-20,351664,153.6,case,2023-01-12
2022,33,12-17,280,2022-08-14,2022-08-20,433734,64.6,case,2023-01-12
2022,33,18-49,4389,2022-08-14,2022-08-20,2294817,191.3,case,2023-01-12
2022,33,5-11,328,2022-08-14,2022-08-20,509735,64.3,case,2023-01-12
2022,33,50-64,1897,2022-08-14,2022-08-20,1114015,170.3,case,2023-01-12
2022,33,65+,2188,2022-08-14,2022-08-20,858698,254.8,case,2023-01-12
2022,33,Total,9622,2022-08-14,2022-08-20,5562663,173,case,2023-01-12
2022,34,0-4,514,2022-08-21,2022-08-27,351664,146.2,case,2023-01-12
2022,34,12-17,244,2022-08-21,2022-08-27,433734,56.3,case,2023-01-12
2022,34,18-49,3817,2022-08-21,2022-08-27,2294817,166.3,case,2023-01-12
2022,34,5-11,259,2022-08-21,2022-08-27,509735,50.8,case,2023-01-12
2022,34,50-64,1658,2022-08-21,2022-08-27,1114015,148.8,case,2023-01-12
2022,34,65+,1936,2022-08-21,2022-08-27,858698,225.5,case,2023-01-12
2022,34,Total,8428,2022-08-21,2022-08-27,5562663,151.5,case,2023-01-12
2022,35,0-4,435,2022-08-28,2022-09-03,351664,123.7,case,2023-01-12
2022,35,12-17,208,2022-08-28,2022-09-03,433734,48,case,2023-01-12
2022,35,18-49,3042,2022-08-28,2022-09-03,2294817,132.6,case,2023-01-12
2022,35,5-11,240,2022-08-28,2022-09-03,509735,47.1,case,2023-01-12
2022,35,50-64,1405,2022-08-28,2022-09-03,1114015,126.1,case,2023-01-12
2022,35,65+,1671,2022-08-28,2022-09-03,858698,194.6,case,2023-01-12
2022,35,Total,7001,2022-08-28,2022-09-03,5562663,125.9,case,2023-01-12
2022,36,0-4,368,2022-09-04,2022-09-10,351664,104.6,case,2023-01-12
2022,36,12-17,204,2022-09-04,2022-09-10,433734,47,case,2023-01-12
2022,36,18-49,2464,2022-09-04,2022-09-10,2294817,107.4,case,2023-01-12
2022,36,5-11,227,2022-09-04,2022-09-10,509735,44.5,case,2023-01-12
2022,36,50-64,1096,2022-09-04,2022-09-10,1114015,98.4,case,2023-01-12
2022,36,65+,1458,2022-09-04,2022-09-10,858698,169.8,case,2023-01-12
2022,36,Total,5817,2022-09-04,2022-09-10,5562663,104.6,case,2023-01-12
2022,37,0-4,387,2022-09-11,2022-09-17,351664,110,case,2023-01-12
2022,37,12-17,417,2022-09-11,2022-09-17,433734,96.1,case,2023-01-12
2022,37,18-49,2655,2022-09-11,2022-09-17,2294817,115.7,case,2023-01-12
2022,37,5-11,389,2022-09-11,2022-09-17,509735,76.3,case,2023-01-12
2022,37,50-64,1101,2022-09-11,2022-09-17,1114015,98.8,case,2023-01-12
2022,37,65+,1587,2022-09-11,2022-09-17,858698,184.8,case,2023-01-12
2022,37,Total,6536,2022-09-11,2022-09-17,5562663,117.5,case,2023-01-12
2022,38,0-4,333,2022-09-18,2022-09-24,351664,94.7,case,2023-01-12
2022,38,12-17,442,2022-09-18,2022-09-24,433734,101.9,case,2023-01-12
2022,38,18-49,2554,2022-09-18,2022-09-24,2294817,111.3,case,2023-01-12
2022,38,5-11,339,2022-09-18,2022-09-24,509735,66.5,case,2023-01-12
2022,38,50-64,1120,2022-09-18,2022-09-24,1114015,100.5,case,2023-01-12
2022,38,65+,1508,2022-09-18,2022-09-24,858698,175.6,case,2023-01-12
2022,38,Total,6296,2022-09-18,2022-09-24,5562663,113.2,case,2023-01-12
2022,39,0-4,316,2022-09-25,2022-10-01,351664,89.9,case,2023-01-12
2022,39,12-17,254,2022-09-25,2022-10-01,433734,58.6,case,2023-01-12
2022,39,18-49,2240,2022-09-25,2022-10-01,2294817,97.6,case,2023-01-12
2022,39,5-11,204,2022-09-25,2022-10-01,509735,40,case,2023-01-12
2022,39,50-64,1153,2022-09-25,2022-10-01,1114015,103.5,case,2023-01-12
2022,39,65+,1682,2022-09-25,2022-10-01,858698,195.9,case,2023-01-12
2022,39,Total,5849,2022-09-25,2022-10-01,5562663,105.1,case,2023-01-12
2022,40,0-4,253,2022-10-02,2022-10-08,351664,71.9,case,2023-01-12
2022,40,12-17,185,2022-10-02,2022-10-08,433734,42.7,case,2023-01-12
2022,40,18-49,2042,2022-10-02,2022-10-08,2294817,89,case,2023-01-12
2022,40,5-11,143,2022-10-02,2022-10-08,509735,28.1,case,2023-01-12
2022,40,50-64,1098,2022-10-02,2022-10-08,1114015,98.6,case,2023-01-12
2022,40,65+,1742,2022-10-02,2022-10-08,858698,202.9,case,2023-01-12
2022,40,Total,5463,2022-10-02,2022-10-08,5562663,98.2,case,2023-01-12
2022,41,0-4,263,2022-10-09,2022-10-15,351664,74.8,case,2023-01-12
2022,41,12-17,149,2022-10-09,2022-10-15,433734,34.4,case,2023-01-12
2022,41,18-49,1826,2022-10-09,2022-10-15,2294817,79.6,case,2023-01-12
2022,41,5-11,123,2022-10-09,2022-10-15,509735,24.1,case,2023-01-12
2022,41,50-64,993,2022-10-09,2022-10-15,1114015,89.1,case,2023-01-12
2022,41,65+,1551,2022-10-09,2022-10-15,858698,180.6,case,2023-01-12
2022,41,Total,4905,2022-10-09,2022-10-15,5562663,88.2,case,2023-01-12
2022,42,0-4,296,2022-10-16,2022-10-22,351664,84.2,case,2023-01-12
2022,42,12-17,132,2022-10-16,2022-10-22,433734,30.4,case,2023-01-12
2022,42,18-49,2001,2022-10-16,2022-10-22,2294817,87.2,case,2023-01-12
2022,42,5-11,116,2022-10-16,2022-10-22,509735,22.8,case,2023-01-12
2022,42,50-64,986,2022-10-16,2022-10-22,1114015,88.5,case,2023-01-12
2022,42,65+,1708,2022-10-16,2022-10-22,858698,198.9,case,2023-01-12
2022,42,Total,5239,2022-10-16,2022-10-22,5562663,94.2,case,2023-01-12
2022,43,0-4,342,2022-10-23,2022-10-29,351664,97.3,case,2023-01-12
2022,43,12-17,163,2022-10-23,2022-10-29,433734,37.6,case,2023-01-12
2022,43,18-49,2072,2022-10-23,2022-10-29,2294817,90.3,case,2023-01-12
2022,43,5-11,140,2022-10-23,2022-10-29,509735,27.5,case,2023-01-12
2022,43,50-64,1152,2022-10-23,2022-10-29,1114015,103.4,case,2023-01-12
2022,43,65+,1735,2022-10-23,2022-10-29,858698,202.1,case,2023-01-12
2022,43,Total,5604,2022-10-23,2022-10-29,5562663,100.7,case,2023-01-12
2022,44,0-4,327,2022-10-30,2022-11-05,351664,93,case,2023-01-12
2022,44,12-17,174,2022-10-30,2022-11-05,433734,40.1,case,2023-01-12
2022,44,18-49,2086,2022-10-30,2022-11-05,2294817,90.9,case,2023-01-12
2022,44,5-11,201,2022-10-30,2022-11-05,509735,39.4,case,2023-01-12
2022,44,50-64,1057,2022-10-30,2022-11-05,1114015,94.9,case,2023-01-12
2022,44,65+,1567,2022-10-30,2022-11-05,858698,182.5,case,2023-01-12
2022,44,Total,5412,2022-10-30,2022-11-05,5562663,97.3,case,2023-01-12
2022,45,0-4,371,2022-11-06,2022-11-12,351664,105.5,case,2023-01-12
2022,45,12-17,174,2022-11-06,2022-11-12,433734,40.1,case,2023-01-12
2022,45,18-49,1942,2022-11-06,2022-11-12,2294817,84.6,case,2023-01-12
2022,45,5-11,196,2022-11-06,2022-11-12,509735,38.5,case,2023-01-12
2022,45,50-64,901,2022-11-06,2022-11-12,1114015,80.9,case,2023-01-12
2022,45,65+,1466,2022-11-06,2022-11-12,858698,170.7,case,2023-01-12
2022,45,Total,5050,2022-11-06,2022-11-12,5562663,90.8,case,2023-01-12
2022,46,0-4,345,2022-11-13,2022-11-19,351664,98.1,case,2023-01-12
2022,46,12-17,172,2022-11-13,2022-11-19,433734,39.7,case,2023-01-12
2022,46,18-49,1996,2022-11-13,2022-11-19,2294817,87,case,2023-01-12
2022,46,5-11,197,2022-11-13,2022-11-19,509735,38.6,case,2023-01-12
2022,46,50-64,1036,2022-11-13,2022-11-19,1114015,93,case,2023-01-12
2022,46,65+,1544,2022-11-13,2022-11-19,858698,179.8,case,2023-01-12
2022,46,Total,5290,2022-11-13,2022-11-19,5562663,95.1,case,2023-01-12
2022,47,0-4,359,2022-11-20,2022-11-26,351664,102.1,case,2023-01-12
2022,47,12-17,139,2022-11-20,2022-11-26,433734,32,case,2023-01-12
2022,47,18-49,1921,2022-11-20,2022-11-26,2294817,83.7,case,2023-01-12
2022,47,5-11,195,2022-11-20,2022-11-26,509735,38.3,case,2023-01-12
2022,47,50-64,1001,2022-11-20,2022-11-26,1114015,89.9,case,2023-01-12
2022,47,65+,1512,2022-11-20,2022-11-26,858698,176.1,case,2023-01-12
2022,47,Total,5127,2022-11-20,2022-11-26,5562663,92.2,case,2023-01-12
2022,48,0-4,493,2022-11-27,2022-12-03,351664,140.2,case,2023-01-12
2022,48,12-17,167,2022-11-27,2022-12-03,433734,38.5,case,2023-01-12
2022,48,18-49,2631,2022-11-27,2022-12-03,2294817,114.6,case,2023-01-12
2022,48,5-11,153,2022-11-27,2022-12-03,509735,30,case,2023-01-12
2022,48,50-64,1254,2022-11-27,2022-12-03,1114015,112.6,case,2023-01-12
2022,48,65+,1697,2022-11-27,2022-12-03,858698,197.6,case,2023-01-12
2022,48,Total,6395,2022-11-27,2022-12-03,5562663,115,case,2023-01-12
2022,49,0-4,385,2022-12-04,2022-12-10,351664,109.5,case,2023-01-12
2022,49,12-17,199,2022-12-04,2022-12-10,433734,45.9,case,2023-01-12
2022,49,18-49,2254,2022-12-04,2022-12-10,2294817,98.2,case,2023-01-12
2022,49,5-11,177,2022-12-04,2022-12-10,509735,34.7,case,2023-01-12
2022,49,50-64,1148,2022-12-04,2022-12-10,1114015,103.1,case,2023-01-12
2022,49,65+,1552,2022-12-04,2022-12-10,858698,180.7,case,2023-01-12
2022,49,Total,5715,2022-12-04,2022-12-10,5562663,102.7,case,2023-01-12
2022,50,0-4,396,2022-12-11,2022-12-17,351664,112.6,case,2023-01-12
2022,50,12-17,177,2022-12-11,2022-12-17,433734,40.8,case,2023-01-12
2022,50,18-49,2361,2022-12-11,2022-12-17,2294817,102.9,case,2023-01-12
2022,50,5-11,186,2022-12-11,2022-12-17,509735,36.5,case,2023-01-12
2022,50,50-64,1091,2022-12-11,2022-12-17,1114015,97.9,case,2023-01-12
2022,50,65+,1529,2022-12-11,2022-12-17,858698,178.1,case,2023-01-12
2022,50,Total,5740,2022-12-11,2022-12-17,5562663,103.2,case,2023-01-12
2022,51,0-4,344,2022-12-18,2022-12-24,351664,97.8,case,2023-01-12
2022,51,12-17,163,2022-12-18,2022-12-24,433734,37.6,case,2023-01-12
2022,51,18-49,1987,2022-12-18,2022-12-24,2294817,86.6,case,2023-01-12
2022,51,5-11,169,2022-12-18,2022-12-24,509735,33.2,case,2023-01-12
2022,51,50-64,1046,2022-12-18,2022-12-24,1114015,93.9,case,2023-01-12
2022,51,65+,1482,2022-12-18,2022-12-24,858698,172.6,case,2023-01-12
2022,51,Total,5191,2022-12-18,2022-12-24,5562663,93.3,case,2023-01-12
2022,52,0-4,314,2022-12-25,2022-12-31,351664,89.3,case,2023-01-12
2022,52,12-17,86,2022-12-25,2022-12-31,433734,19.8,case,2023-01-12
2022,52,18-49,1914,2022-12-25,2022-12-31,2294817,83.4,case,2023-01-12
2022,52,5-11,91,2022-12-25,2022-12-31,509735,17.9,case,2023-01-12
2022,52,50-64,814,2022-12-25,2022-12-31,1114015,73.1,case,2023-01-12
2022,52,65+,1502,2022-12-25,2022-12-31,858698,174.9,case,2023-01-12
2022,52,Total,4721,2022-12-25,2022-12-31,5562663,84.9,case,2023-01-12
2023,1,0-4,254,2023-01-01,2023-01-07,351664,72.2,case,2023-01-12
2023,1,12-17,90,2023-01-01,2023-01-07,433734,20.8,case,2023-01-12
2023,1,18-49,1512,2023-01-01,2023-01-07,2294817,65.9,case,2023-01-12
2023,1,5-11,77,2023-01-01,2023-01-07,509735,15.1,case,2023-01-12
2023,1,50-64,739,2023-01-01,2023-01-07,1114015,66.3,case,2023-01-12
2023,1,65+,1175,2023-01-01,2023-01-07,858698,136.8,case,2023-01-12
2023,1,Total,3847,2023-01-01,2023-01-07,5562663,69.2,case,2023-01-12
2023,2,0-4,42,2023-01-08,2023-01-14,351664,11.9,case,2023-01-12
2023,2,12-17,14,2023-01-08,2023-01-14,433734,3.2,case,2023-01-12
2023,2,18-49,170,2023-01-08,2023-01-14,2294817,7.4,case,2023-01-12
2023,2,5-11,13,2023-01-08,2023-01-14,509735,2.6,case,2023-01-12
2023,2,50-64,87,2023-01-08,2023-01-14,1114015,7.8,case,2023-01-12
2023,2,65+,166,2023-01-08,2023-01-14,858698,19.3,case,2023-01-12
2023,2,Total,492,2023-01-08,2023-01-14,5562663,8.8,case,2023-01-12
