date,outcome,new_cases,total_pop,new_cases_percap,report_date
2020-03-01,case,0,5562663,0,2022-12-22
2020-03-02,case,0,5562663,0,2022-12-22
2020-03-03,case,0,5562663,0,2022-12-22
2020-03-04,case,0,5562663,0,2022-12-22
2020-03-05,case,1,5562663,0,2022-12-22
2020-03-06,case,0,5562663,0,2022-12-22
2020-03-07,case,1,5562663,0,2022-12-22
2020-03-08,case,0,5562663,0,2022-12-22
2020-03-09,case,3,5562663,0.1,2022-12-22
2020-03-10,case,6,5562663,0.1,2022-12-22
2020-03-11,case,10,5562663,0.2,2022-12-22
2020-03-12,case,22,5562663,0.4,2022-12-22
2020-03-13,case,19,5562663,0.3,2022-12-22
2020-03-14,case,29,5562663,0.5,2022-12-22
2020-03-15,case,39,5562663,0.7,2022-12-22
2020-03-16,case,51,5562663,0.9,2022-12-22
2020-03-17,case,67,5562663,1.2,2022-12-22
2020-03-18,case,23,5562663,0.4,2022-12-22
2020-03-19,case,18,5562663,0.3,2022-12-22
2020-03-20,case,16,5562663,0.3,2022-12-22
2020-03-21,case,24,5562663,0.4,2022-12-22
2020-03-22,case,22,5562663,0.4,2022-12-22
2020-03-23,case,45,5562663,0.8,2022-12-22
2020-03-24,case,51,5562663,0.9,2022-12-22
2020-03-25,case,58,5562663,1,2022-12-22
2020-03-26,case,64,5562663,1.2,2022-12-22
2020-03-27,case,75,5562663,1.3,2022-12-22
2020-03-28,case,47,5562663,0.8,2022-12-22
2020-03-29,case,38,5562663,0.7,2022-12-22
2020-03-30,case,98,5562663,1.8,2022-12-22
2020-03-31,case,94,5562663,1.7,2022-12-22
2020-04-01,case,57,5562663,1,2022-12-22
2020-04-02,case,86,5562663,1.5,2022-12-22
2020-04-03,case,63,5562663,1.1,2022-12-22
2020-04-04,case,37,5562663,0.7,2022-12-22
2020-04-05,case,60,5562663,1.1,2022-12-22
2020-04-06,case,113,5562663,2,2022-12-22
2020-04-07,case,103,5562663,1.9,2022-12-22
2020-04-08,case,102,5562663,1.8,2022-12-22
2020-04-09,case,104,5562663,1.9,2022-12-22
2020-04-10,case,94,5562663,1.7,2022-12-22
2020-04-11,case,75,5562663,1.3,2022-12-22
2020-04-12,case,57,5562663,1,2022-12-22
2020-04-13,case,147,5562663,2.6,2022-12-22
2020-04-14,case,156,5562663,2.8,2022-12-22
2020-04-15,case,152,5562663,2.7,2022-12-22
2020-04-16,case,184,5562663,3.3,2022-12-22
2020-04-17,case,180,5562663,3.2,2022-12-22
2020-04-18,case,122,5562663,2.2,2022-12-22
2020-04-19,case,126,5562663,2.3,2022-12-22
2020-04-20,case,277,5562663,5,2022-12-22
2020-04-21,case,263,5562663,4.7,2022-12-22
2020-04-22,case,307,5562663,5.5,2022-12-22
2020-04-23,case,536,5562663,9.6,2022-12-22
2020-04-24,case,523,5562663,9.4,2022-12-22
2020-04-25,case,340,5562663,6.1,2022-12-22
2020-04-26,case,386,5562663,6.9,2022-12-22
2020-04-27,case,680,5562663,12.2,2022-12-22
2020-04-28,case,608,5562663,10.9,2022-12-22
2020-04-29,case,686,5562663,12.3,2022-12-22
2020-04-30,case,651,5562663,11.7,2022-12-22
2020-05-01,case,623,5562663,11.2,2022-12-22
2020-05-02,case,338,5562663,6.1,2022-12-22
2020-05-03,case,340,5562663,6.1,2022-12-22
2020-05-04,case,825,5562663,14.8,2022-12-22
2020-05-05,case,650,5562663,11.7,2022-12-22
2020-05-06,case,641,5562663,11.5,2022-12-22
2020-05-07,case,821,5562663,14.8,2022-12-22
2020-05-08,case,712,5562663,12.8,2022-12-22
2020-05-09,case,280,5562663,5,2022-12-22
2020-05-10,case,230,5562663,4.1,2022-12-22
2020-05-11,case,821,5562663,14.8,2022-12-22
2020-05-12,case,662,5562663,11.9,2022-12-22
2020-05-13,case,735,5562663,13.2,2022-12-22
2020-05-14,case,799,5562663,14.4,2022-12-22
2020-05-15,case,803,5562663,14.4,2022-12-22
2020-05-16,case,347,5562663,6.2,2022-12-22
2020-05-17,case,313,5562663,5.6,2022-12-22
2020-05-18,case,980,5562663,17.6,2022-12-22
2020-05-19,case,862,5562663,15.5,2022-12-22
2020-05-20,case,757,5562663,13.6,2022-12-22
2020-05-21,case,988,5562663,17.8,2022-12-22
2020-05-22,case,790,5562663,14.2,2022-12-22
2020-05-23,case,402,5562663,7.2,2022-12-22
2020-05-24,case,359,5562663,6.5,2022-12-22
2020-05-25,case,409,5562663,7.4,2022-12-22
2020-05-26,case,802,5562663,14.4,2022-12-22
2020-05-27,case,681,5562663,12.2,2022-12-22
2020-05-28,case,578,5562663,10.4,2022-12-22
2020-05-29,case,460,5562663,8.3,2022-12-22
2020-05-30,case,169,5562663,3,2022-12-22
2020-05-31,case,142,5562663,2.6,2022-12-22
2020-06-01,case,588,5562663,10.6,2022-12-22
2020-06-02,case,488,5562663,8.8,2022-12-22
2020-06-03,case,527,5562663,9.5,2022-12-22
2020-06-04,case,409,5562663,7.4,2022-12-22
2020-06-05,case,413,5562663,7.4,2022-12-22
2020-06-06,case,164,5562663,2.9,2022-12-22
2020-06-07,case,138,5562663,2.5,2022-12-22
2020-06-08,case,485,5562663,8.7,2022-12-22
2020-06-09,case,457,5562663,8.2,2022-12-22
2020-06-10,case,404,5562663,7.3,2022-12-22
2020-06-11,case,348,5562663,6.3,2022-12-22
2020-06-12,case,311,5562663,5.6,2022-12-22
2020-06-13,case,152,5562663,2.7,2022-12-22
2020-06-14,case,150,5562663,2.7,2022-12-22
2020-06-15,case,420,5562663,7.6,2022-12-22
2020-06-16,case,413,5562663,7.4,2022-12-22
2020-06-17,case,431,5562663,7.7,2022-12-22
2020-06-18,case,393,5562663,7.1,2022-12-22
2020-06-19,case,349,5562663,6.3,2022-12-22
2020-06-20,case,223,5562663,4,2022-12-22
2020-06-21,case,199,5562663,3.6,2022-12-22
2020-06-22,case,497,5562663,8.9,2022-12-22
2020-06-23,case,594,5562663,10.7,2022-12-22
2020-06-24,case,518,5562663,9.3,2022-12-22
2020-06-25,case,490,5562663,8.8,2022-12-22
2020-06-26,case,531,5562663,9.5,2022-12-22
2020-06-27,case,281,5562663,5.1,2022-12-22
2020-06-28,case,244,5562663,4.4,2022-12-22
2020-06-29,case,611,5562663,11,2022-12-22
2020-06-30,case,614,5562663,11,2022-12-22
2020-07-01,case,651,5562663,11.7,2022-12-22
2020-07-02,case,587,5562663,10.6,2022-12-22
2020-07-03,case,438,5562663,7.9,2022-12-22
2020-07-04,case,102,5562663,1.8,2022-12-22
2020-07-05,case,281,5562663,5.1,2022-12-22
2020-07-06,case,782,5562663,14.1,2022-12-22
2020-07-07,case,724,5562663,13,2022-12-22
2020-07-08,case,811,5562663,14.6,2022-12-22
2020-07-09,case,770,5562663,13.8,2022-12-22
2020-07-10,case,778,5562663,14,2022-12-22
2020-07-11,case,288,5562663,5.2,2022-12-22
2020-07-12,case,355,5562663,6.4,2022-12-22
2020-07-13,case,774,5562663,13.9,2022-12-22
2020-07-14,case,838,5562663,15.1,2022-12-22
2020-07-15,case,814,5562663,14.6,2022-12-22
2020-07-16,case,820,5562663,14.7,2022-12-22
2020-07-17,case,710,5562663,12.8,2022-12-22
2020-07-18,case,309,5562663,5.6,2022-12-22
2020-07-19,case,318,5562663,5.7,2022-12-22
2020-07-20,case,855,5562663,15.4,2022-12-22
2020-07-21,case,768,5562663,13.8,2022-12-22
2020-07-22,case,771,5562663,13.9,2022-12-22
2020-07-23,case,883,5562663,15.9,2022-12-22
2020-07-24,case,823,5562663,14.8,2022-12-22
2020-07-25,case,348,5562663,6.3,2022-12-22
2020-07-26,case,315,5562663,5.7,2022-12-22
2020-07-27,case,858,5562663,15.4,2022-12-22
2020-07-28,case,827,5562663,14.9,2022-12-22
2020-07-29,case,824,5562663,14.8,2022-12-22
2020-07-30,case,802,5562663,14.4,2022-12-22
2020-07-31,case,725,5562663,13,2022-12-22
2020-08-01,case,459,5562663,8.3,2022-12-22
2020-08-02,case,296,5562663,5.3,2022-12-22
2020-08-03,case,853,5562663,15.3,2022-12-22
2020-08-04,case,795,5562663,14.3,2022-12-22
2020-08-05,case,692,5562663,12.4,2022-12-22
2020-08-06,case,736,5562663,13.2,2022-12-22
2020-08-07,case,706,5562663,12.7,2022-12-22
2020-08-08,case,382,5562663,6.9,2022-12-22
2020-08-09,case,329,5562663,5.9,2022-12-22
2020-08-10,case,824,5562663,14.8,2022-12-22
2020-08-11,case,724,5562663,13,2022-12-22
2020-08-12,case,725,5562663,13,2022-12-22
2020-08-13,case,704,5562663,12.7,2022-12-22
2020-08-14,case,700,5562663,12.6,2022-12-22
2020-08-15,case,369,5562663,6.6,2022-12-22
2020-08-16,case,338,5562663,6.1,2022-12-22
2020-08-17,case,931,5562663,16.7,2022-12-22
2020-08-18,case,814,5562663,14.6,2022-12-22
2020-08-19,case,755,5562663,13.6,2022-12-22
2020-08-20,case,826,5562663,14.8,2022-12-22
2020-08-21,case,795,5562663,14.3,2022-12-22
2020-08-22,case,367,5562663,6.6,2022-12-22
2020-08-23,case,316,5562663,5.7,2022-12-22
2020-08-24,case,989,5562663,17.8,2022-12-22
2020-08-25,case,996,5562663,17.9,2022-12-22
2020-08-26,case,978,5562663,17.6,2022-12-22
2020-08-27,case,833,5562663,15,2022-12-22
2020-08-28,case,850,5562663,15.3,2022-12-22
2020-08-29,case,371,5562663,6.7,2022-12-22
2020-08-30,case,337,5562663,6.1,2022-12-22
2020-08-31,case,931,5562663,16.7,2022-12-22
2020-09-01,case,812,5562663,14.6,2022-12-22
2020-09-02,case,802,5562663,14.4,2022-12-22
2020-09-03,case,747,5562663,13.4,2022-12-22
2020-09-04,case,653,5562663,11.7,2022-12-22
2020-09-05,case,359,5562663,6.5,2022-12-22
2020-09-06,case,286,5562663,5.1,2022-12-22
2020-09-07,case,196,5562663,3.5,2022-12-22
2020-09-08,case,947,5562663,17,2022-12-22
2020-09-09,case,860,5562663,15.5,2022-12-22
2020-09-10,case,688,5562663,12.4,2022-12-22
2020-09-11,case,697,5562663,12.5,2022-12-22
2020-09-12,case,378,5562663,6.8,2022-12-22
2020-09-13,case,390,5562663,7,2022-12-22
2020-09-14,case,1034,5562663,18.6,2022-12-22
2020-09-15,case,1026,5562663,18.4,2022-12-22
2020-09-16,case,1182,5562663,21.2,2022-12-22
2020-09-17,case,1113,5562663,20,2022-12-22
2020-09-18,case,1061,5562663,19.1,2022-12-22
2020-09-19,case,578,5562663,10.4,2022-12-22
2020-09-20,case,473,5562663,8.5,2022-12-22
2020-09-21,case,1378,5562663,24.8,2022-12-22
2020-09-22,case,1330,5562663,23.9,2022-12-22
2020-09-23,case,1297,5562663,23.3,2022-12-22
2020-09-24,case,1233,5562663,22.2,2022-12-22
2020-09-25,case,1037,5562663,18.6,2022-12-22
2020-09-26,case,633,5562663,11.4,2022-12-22
2020-09-27,case,482,5562663,8.7,2022-12-22
2020-09-28,case,1388,5562663,25,2022-12-22
2020-09-29,case,1127,5562663,20.3,2022-12-22
2020-09-30,case,1253,5562663,22.5,2022-12-22
2020-10-01,case,1244,5562663,22.4,2022-12-22
2020-10-02,case,1128,5562663,20.3,2022-12-22
2020-10-03,case,676,5562663,12.2,2022-12-22
2020-10-04,case,588,5562663,10.6,2022-12-22
2020-10-05,case,1666,5562663,29.9,2022-12-22
2020-10-06,case,1580,5562663,28.4,2022-12-22
2020-10-07,case,1689,5562663,30.4,2022-12-22
2020-10-08,case,1705,5562663,30.7,2022-12-22
2020-10-09,case,1587,5562663,28.5,2022-12-22
2020-10-10,case,856,5562663,15.4,2022-12-22
2020-10-11,case,726,5562663,13.1,2022-12-22
2020-10-12,case,2048,5562663,36.8,2022-12-22
2020-10-13,case,1893,5562663,34,2022-12-22
2020-10-14,case,2001,5562663,36,2022-12-22
2020-10-15,case,1748,5562663,31.4,2022-12-22
2020-10-16,case,1473,5562663,26.5,2022-12-22
2020-10-17,case,878,5562663,15.8,2022-12-22
2020-10-18,case,693,5562663,12.5,2022-12-22
2020-10-19,case,2409,5562663,43.3,2022-12-22
2020-10-20,case,2363,5562663,42.5,2022-12-22
2020-10-21,case,2523,5562663,45.4,2022-12-22
2020-10-22,case,2165,5562663,38.9,2022-12-22
2020-10-23,case,2315,5562663,41.6,2022-12-22
2020-10-24,case,1433,5562663,25.8,2022-12-22
2020-10-25,case,1430,5562663,25.7,2022-12-22
2020-10-26,case,3790,5562663,68.1,2022-12-22
2020-10-27,case,3664,5562663,65.9,2022-12-22
2020-10-28,case,3634,5562663,65.3,2022-12-22
2020-10-29,case,3783,5562663,68,2022-12-22
2020-10-30,case,4068,5562663,73.1,2022-12-22
2020-10-31,case,2369,5562663,42.6,2022-12-22
2020-11-01,case,2334,5562663,42,2022-12-22
2020-11-02,case,5777,5562663,103.9,2022-12-22
2020-11-03,case,5913,5562663,106.3,2022-12-22
2020-11-04,case,6928,5562663,124.5,2022-12-22
2020-11-05,case,7463,5562663,134.2,2022-12-22
2020-11-06,case,7345,5562663,132,2022-12-22
2020-11-07,case,4369,5562663,78.5,2022-12-22
2020-11-08,case,4110,5562663,73.9,2022-12-22
2020-11-09,case,9227,5562663,165.9,2022-12-22
2020-11-10,case,8347,5562663,150.1,2022-12-22
2020-11-11,case,7734,5562663,139,2022-12-22
2020-11-12,case,7470,5562663,134.3,2022-12-22
2020-11-13,case,7453,5562663,134,2022-12-22
2020-11-14,case,4346,5562663,78.1,2022-12-22
2020-11-15,case,3924,5562663,70.5,2022-12-22
2020-11-16,case,8818,5562663,158.5,2022-12-22
2020-11-17,case,7891,5562663,141.9,2022-12-22
2020-11-18,case,7576,5562663,136.2,2022-12-22
2020-11-19,case,7039,5562663,126.5,2022-12-22
2020-11-20,case,6775,5562663,121.8,2022-12-22
2020-11-21,case,3680,5562663,66.2,2022-12-22
2020-11-22,case,3147,5562663,56.6,2022-12-22
2020-11-23,case,8067,5562663,145,2022-12-22
2020-11-24,case,7264,5562663,130.6,2022-12-22
2020-11-25,case,6016,5562663,108.1,2022-12-22
2020-11-26,case,812,5562663,14.6,2022-12-22
2020-11-27,case,5360,5562663,96.4,2022-12-22
2020-11-28,case,4084,5562663,73.4,2022-12-22
2020-11-29,case,3219,5562663,57.9,2022-12-22
2020-11-30,case,7813,5562663,140.5,2022-12-22
2020-12-01,case,6492,5562663,116.7,2022-12-22
2020-12-02,case,5654,5562663,101.6,2022-12-22
2020-12-03,case,4834,5562663,86.9,2022-12-22
2020-12-04,case,4713,5562663,84.7,2022-12-22
2020-12-05,case,2336,5562663,42,2022-12-22
2020-12-06,case,2163,5562663,38.9,2022-12-22
2020-12-07,case,4873,5562663,87.6,2022-12-22
2020-12-08,case,4394,5562663,79,2022-12-22
2020-12-09,case,3424,5562663,61.6,2022-12-22
2020-12-10,case,3048,5562663,54.8,2022-12-22
2020-12-11,case,3136,5562663,56.4,2022-12-22
2020-12-12,case,1692,5562663,30.4,2022-12-22
2020-12-13,case,1440,5562663,25.9,2022-12-22
2020-12-14,case,3287,5562663,59.1,2022-12-22
2020-12-15,case,3040,5562663,54.7,2022-12-22
2020-12-16,case,2370,5562663,42.6,2022-12-22
2020-12-17,case,2291,5562663,41.2,2022-12-22
2020-12-18,case,2250,5562663,40.4,2022-12-22
2020-12-19,case,1285,5562663,23.1,2022-12-22
2020-12-20,case,1003,5562663,18,2022-12-22
2020-12-21,case,2636,5562663,47.4,2022-12-22
2020-12-22,case,2124,5562663,38.2,2022-12-22
2020-12-23,case,1507,5562663,27.1,2022-12-22
2020-12-24,case,901,5562663,16.2,2022-12-22
2020-12-25,case,241,5562663,4.3,2022-12-22
2020-12-26,case,1614,5562663,29,2022-12-22
2020-12-27,case,1217,5562663,21.9,2022-12-22
2020-12-28,case,2904,5562663,52.2,2022-12-22
2020-12-29,case,2315,5562663,41.6,2022-12-22
2020-12-30,case,2334,5562663,42,2022-12-22
2020-12-31,case,1658,5562663,29.8,2022-12-22
2021-01-01,case,524,5562663,9.4,2022-12-22
2021-01-02,case,1837,5562663,33,2022-12-22
2021-01-03,case,1397,5562663,25.1,2022-12-22
2021-01-04,case,3020,5562663,54.3,2022-12-22
2021-01-05,case,2267,5562663,40.8,2022-12-22
2021-01-06,case,1890,5562663,34,2022-12-22
2021-01-07,case,1810,5562663,32.5,2022-12-22
2021-01-08,case,1678,5562663,30.2,2022-12-22
2021-01-09,case,1016,5562663,18.3,2022-12-22
2021-01-10,case,779,5562663,14,2022-12-22
2021-01-11,case,2071,5562663,37.2,2022-12-22
2021-01-12,case,1322,5562663,23.8,2022-12-22
2021-01-13,case,1479,5562663,26.6,2022-12-22
2021-01-14,case,1333,5562663,24,2022-12-22
2021-01-15,case,1174,5562663,21.1,2022-12-22
2021-01-16,case,864,5562663,15.5,2022-12-22
2021-01-17,case,703,5562663,12.6,2022-12-22
2021-01-18,case,1542,5562663,27.7,2022-12-22
2021-01-19,case,1385,5562663,24.9,2022-12-22
2021-01-20,case,1296,5562663,23.3,2022-12-22
2021-01-21,case,1206,5562663,21.7,2022-12-22
2021-01-22,case,1146,5562663,20.6,2022-12-22
2021-01-23,case,671,5562663,12.1,2022-12-22
2021-01-24,case,537,5562663,9.7,2022-12-22
2021-01-25,case,1264,5562663,22.7,2022-12-22
2021-01-26,case,1066,5562663,19.2,2022-12-22
2021-01-27,case,1091,5562663,19.6,2022-12-22
2021-01-28,case,1019,5562663,18.3,2022-12-22
2021-01-29,case,992,5562663,17.8,2022-12-22
2021-01-30,case,619,5562663,11.1,2022-12-22
2021-01-31,case,517,5562663,9.3,2022-12-22
2021-02-01,case,1167,5562663,21,2022-12-22
2021-02-02,case,1058,5562663,19,2022-12-22
2021-02-03,case,1035,5562663,18.6,2022-12-22
2021-02-04,case,899,5562663,16.2,2022-12-22
2021-02-05,case,1023,5562663,18.4,2022-12-22
2021-02-06,case,541,5562663,9.7,2022-12-22
2021-02-07,case,398,5562663,7.2,2022-12-22
2021-02-08,case,1043,5562663,18.8,2022-12-22
2021-02-09,case,872,5562663,15.7,2022-12-22
2021-02-10,case,942,5562663,16.9,2022-12-22
2021-02-11,case,848,5562663,15.2,2022-12-22
2021-02-12,case,843,5562663,15.2,2022-12-22
2021-02-13,case,522,5562663,9.4,2022-12-22
2021-02-14,case,423,5562663,7.6,2022-12-22
2021-02-15,case,838,5562663,15.1,2022-12-22
2021-02-16,case,904,5562663,16.3,2022-12-22
2021-02-17,case,848,5562663,15.2,2022-12-22
2021-02-18,case,853,5562663,15.3,2022-12-22
2021-02-19,case,828,5562663,14.9,2022-12-22
2021-02-20,case,503,5562663,9,2022-12-22
2021-02-21,case,471,5562663,8.5,2022-12-22
2021-02-22,case,1050,5562663,18.9,2022-12-22
2021-02-23,case,923,5562663,16.6,2022-12-22
2021-02-24,case,831,5562663,14.9,2022-12-22
2021-02-25,case,836,5562663,15,2022-12-22
2021-02-26,case,881,5562663,15.8,2022-12-22
2021-02-27,case,471,5562663,8.5,2022-12-22
2021-02-28,case,390,5562663,7,2022-12-22
2021-03-01,case,1013,5562663,18.2,2022-12-22
2021-03-02,case,885,5562663,15.9,2022-12-22
2021-03-03,case,955,5562663,17.2,2022-12-22
2021-03-04,case,947,5562663,17,2022-12-22
2021-03-05,case,885,5562663,15.9,2022-12-22
2021-03-06,case,565,5562663,10.2,2022-12-22
2021-03-07,case,568,5562663,10.2,2022-12-22
2021-03-08,case,1236,5562663,22.2,2022-12-22
2021-03-09,case,1092,5562663,19.6,2022-12-22
2021-03-10,case,1150,5562663,20.7,2022-12-22
2021-03-11,case,1121,5562663,20.2,2022-12-22
2021-03-12,case,1122,5562663,20.2,2022-12-22
2021-03-13,case,653,5562663,11.7,2022-12-22
2021-03-14,case,620,5562663,11.1,2022-12-22
2021-03-15,case,1466,5562663,26.4,2022-12-22
2021-03-16,case,1402,5562663,25.2,2022-12-22
2021-03-17,case,1347,5562663,24.2,2022-12-22
2021-03-18,case,1373,5562663,24.7,2022-12-22
2021-03-19,case,1339,5562663,24.1,2022-12-22
2021-03-20,case,875,5562663,15.7,2022-12-22
2021-03-21,case,848,5562663,15.2,2022-12-22
2021-03-22,case,1879,5562663,33.8,2022-12-22
2021-03-23,case,1739,5562663,31.3,2022-12-22
2021-03-24,case,1732,5562663,31.1,2022-12-22
2021-03-25,case,1749,5562663,31.4,2022-12-22
2021-03-26,case,1850,5562663,33.3,2022-12-22
2021-03-27,case,1167,5562663,21,2022-12-22
2021-03-28,case,1085,5562663,19.5,2022-12-22
2021-03-29,case,2346,5562663,42.2,2022-12-22
2021-03-30,case,2210,5562663,39.7,2022-12-22
2021-03-31,case,2292,5562663,41.2,2022-12-22
2021-04-01,case,2166,5562663,38.9,2022-12-22
2021-04-02,case,2139,5562663,38.5,2022-12-22
2021-04-03,case,1457,5562663,26.2,2022-12-22
2021-04-04,case,661,5562663,11.9,2022-12-22
2021-04-05,case,2844,5562663,51.1,2022-12-22
2021-04-06,case,2557,5562663,46,2022-12-22
2021-04-07,case,2524,5562663,45.4,2022-12-22
2021-04-08,case,2374,5562663,42.7,2022-12-22
2021-04-09,case,2302,5562663,41.4,2022-12-22
2021-04-10,case,1364,5562663,24.5,2022-12-22
2021-04-11,case,1280,5562663,23,2022-12-22
2021-04-12,case,2626,5562663,47.2,2022-12-22
2021-04-13,case,2314,5562663,41.6,2022-12-22
2021-04-14,case,2308,5562663,41.5,2022-12-22
2021-04-15,case,2156,5562663,38.8,2022-12-22
2021-04-16,case,1936,5562663,34.8,2022-12-22
2021-04-17,case,1098,5562663,19.7,2022-12-22
2021-04-18,case,998,5562663,17.9,2022-12-22
2021-04-19,case,2259,5562663,40.6,2022-12-22
2021-04-20,case,1934,5562663,34.8,2022-12-22
2021-04-21,case,1984,5562663,35.7,2022-12-22
2021-04-22,case,1752,5562663,31.5,2022-12-22
2021-04-23,case,1672,5562663,30.1,2022-12-22
2021-04-24,case,980,5562663,17.6,2022-12-22
2021-04-25,case,1008,5562663,18.1,2022-12-22
2021-04-26,case,2175,5562663,39.1,2022-12-22
2021-04-27,case,1865,5562663,33.5,2022-12-22
2021-04-28,case,1764,5562663,31.7,2022-12-22
2021-04-29,case,1730,5562663,31.1,2022-12-22
2021-04-30,case,1587,5562663,28.5,2022-12-22
2021-05-01,case,835,5562663,15,2022-12-22
2021-05-02,case,890,5562663,16,2022-12-22
2021-05-03,case,1770,5562663,31.8,2022-12-22
2021-05-04,case,1435,5562663,25.8,2022-12-22
2021-05-05,case,1261,5562663,22.7,2022-12-22
2021-05-06,case,1211,5562663,21.8,2022-12-22
2021-05-07,case,1044,5562663,18.8,2022-12-22
2021-05-08,case,614,5562663,11,2022-12-22
2021-05-09,case,526,5562663,9.5,2022-12-22
2021-05-10,case,1195,5562663,21.5,2022-12-22
2021-05-11,case,918,5562663,16.5,2022-12-22
2021-05-12,case,1049,5562663,18.9,2022-12-22
2021-05-13,case,857,5562663,15.4,2022-12-22
2021-05-14,case,745,5562663,13.4,2022-12-22
2021-05-15,case,421,5562663,7.6,2022-12-22
2021-05-16,case,424,5562663,7.6,2022-12-22
2021-05-17,case,911,5562663,16.4,2022-12-22
2021-05-18,case,774,5562663,13.9,2022-12-22
2021-05-19,case,644,5562663,11.6,2022-12-22
2021-05-20,case,559,5562663,10,2022-12-22
2021-05-21,case,466,5562663,8.4,2022-12-22
2021-05-22,case,289,5562663,5.2,2022-12-22
2021-05-23,case,213,5562663,3.8,2022-12-22
2021-05-24,case,523,5562663,9.4,2022-12-22
2021-05-25,case,421,5562663,7.6,2022-12-22
2021-05-26,case,372,5562663,6.7,2022-12-22
2021-05-27,case,307,5562663,5.5,2022-12-22
2021-05-28,case,254,5562663,4.6,2022-12-22
2021-05-29,case,143,5562663,2.6,2022-12-22
2021-05-30,case,138,5562663,2.5,2022-12-22
2021-05-31,case,83,5562663,1.5,2022-12-22
2021-06-01,case,363,5562663,6.5,2022-12-22
2021-06-02,case,279,5562663,5,2022-12-22
2021-06-03,case,243,5562663,4.4,2022-12-22
2021-06-04,case,222,5562663,4,2022-12-22
2021-06-05,case,136,5562663,2.4,2022-12-22
2021-06-06,case,101,5562663,1.8,2022-12-22
2021-06-07,case,217,5562663,3.9,2022-12-22
2021-06-08,case,204,5562663,3.7,2022-12-22
2021-06-09,case,154,5562663,2.8,2022-12-22
2021-06-10,case,135,5562663,2.4,2022-12-22
2021-06-11,case,123,5562663,2.2,2022-12-22
2021-06-12,case,82,5562663,1.5,2022-12-22
2021-06-13,case,73,5562663,1.3,2022-12-22
2021-06-14,case,174,5562663,3.1,2022-12-22
2021-06-15,case,154,5562663,2.8,2022-12-22
2021-06-16,case,123,5562663,2.2,2022-12-22
2021-06-17,case,124,5562663,2.2,2022-12-22
2021-06-18,case,101,5562663,1.8,2022-12-22
2021-06-19,case,84,5562663,1.5,2022-12-22
2021-06-20,case,81,5562663,1.5,2022-12-22
2021-06-21,case,120,5562663,2.2,2022-12-22
2021-06-22,case,107,5562663,1.9,2022-12-22
2021-06-23,case,86,5562663,1.5,2022-12-22
2021-06-24,case,133,5562663,2.4,2022-12-22
2021-06-25,case,129,5562663,2.3,2022-12-22
2021-06-26,case,49,5562663,0.9,2022-12-22
2021-06-27,case,59,5562663,1.1,2022-12-22
2021-06-28,case,133,5562663,2.4,2022-12-22
2021-06-29,case,108,5562663,1.9,2022-12-22
2021-06-30,case,131,5562663,2.4,2022-12-22
2021-07-01,case,160,5562663,2.9,2022-12-22
2021-07-02,case,114,5562663,2,2022-12-22
2021-07-03,case,86,5562663,1.5,2022-12-22
2021-07-04,case,42,5562663,0.8,2022-12-22
2021-07-05,case,133,5562663,2.4,2022-12-22
2021-07-06,case,163,5562663,2.9,2022-12-22
2021-07-07,case,204,5562663,3.7,2022-12-22
2021-07-08,case,157,5562663,2.8,2022-12-22
2021-07-09,case,196,5562663,3.5,2022-12-22
2021-07-10,case,143,5562663,2.6,2022-12-22
2021-07-11,case,123,5562663,2.2,2022-12-22
2021-07-12,case,255,5562663,4.6,2022-12-22
2021-07-13,case,253,5562663,4.5,2022-12-22
2021-07-14,case,255,5562663,4.6,2022-12-22
2021-07-15,case,317,5562663,5.7,2022-12-22
2021-07-16,case,263,5562663,4.7,2022-12-22
2021-07-17,case,169,5562663,3,2022-12-22
2021-07-18,case,215,5562663,3.9,2022-12-22
2021-07-19,case,420,5562663,7.6,2022-12-22
2021-07-20,case,416,5562663,7.5,2022-12-22
2021-07-21,case,466,5562663,8.4,2022-12-22
2021-07-22,case,479,5562663,8.6,2022-12-22
2021-07-23,case,470,5562663,8.4,2022-12-22
2021-07-24,case,299,5562663,5.4,2022-12-22
2021-07-25,case,355,5562663,6.4,2022-12-22
2021-07-26,case,705,5562663,12.7,2022-12-22
2021-07-27,case,680,5562663,12.2,2022-12-22
2021-07-28,case,772,5562663,13.9,2022-12-22
2021-07-29,case,788,5562663,14.2,2022-12-22
2021-07-30,case,782,5562663,14.1,2022-12-22
2021-07-31,case,476,5562663,8.6,2022-12-22
2021-08-01,case,544,5562663,9.8,2022-12-22
2021-08-02,case,1087,5562663,19.5,2022-12-22
2021-08-03,case,1049,5562663,18.9,2022-12-22
2021-08-04,case,1117,5562663,20.1,2022-12-22
2021-08-05,case,1087,5562663,19.5,2022-12-22
2021-08-06,case,1048,5562663,18.8,2022-12-22
2021-08-07,case,644,5562663,11.6,2022-12-22
2021-08-08,case,674,5562663,12.1,2022-12-22
2021-08-09,case,1439,5562663,25.9,2022-12-22
2021-08-10,case,1453,5562663,26.1,2022-12-22
2021-08-11,case,1440,5562663,25.9,2022-12-22
2021-08-12,case,1343,5562663,24.1,2022-12-22
2021-08-13,case,1347,5562663,24.2,2022-12-22
2021-08-14,case,771,5562663,13.9,2022-12-22
2021-08-15,case,872,5562663,15.7,2022-12-22
2021-08-16,case,1919,5562663,34.5,2022-12-22
2021-08-17,case,1634,5562663,29.4,2022-12-22
2021-08-18,case,1699,5562663,30.5,2022-12-22
2021-08-19,case,1767,5562663,31.8,2022-12-22
2021-08-20,case,1597,5562663,28.7,2022-12-22
2021-08-21,case,958,5562663,17.2,2022-12-22
2021-08-22,case,929,5562663,16.7,2022-12-22
2021-08-23,case,2117,5562663,38.1,2022-12-22
2021-08-24,case,1857,5562663,33.4,2022-12-22
2021-08-25,case,1825,5562663,32.8,2022-12-22
2021-08-26,case,1611,5562663,29,2022-12-22
2021-08-27,case,1563,5562663,28.1,2022-12-22
2021-08-28,case,1007,5562663,18.1,2022-12-22
2021-08-29,case,964,5562663,17.3,2022-12-22
2021-08-30,case,2293,5562663,41.2,2022-12-22
2021-08-31,case,2182,5562663,39.2,2022-12-22
2021-09-01,case,2105,5562663,37.8,2022-12-22
2021-09-02,case,2013,5562663,36.2,2022-12-22
2021-09-03,case,1838,5562663,33,2022-12-22
2021-09-04,case,1111,5562663,20,2022-12-22
2021-09-05,case,1023,5562663,18.4,2022-12-22
2021-09-06,case,832,5562663,15,2022-12-22
2021-09-07,case,3034,5562663,54.5,2022-12-22
2021-09-08,case,2446,5562663,44,2022-12-22
2021-09-09,case,2257,5562663,40.6,2022-12-22
2021-09-10,case,2158,5562663,38.8,2022-12-22
2021-09-11,case,1092,5562663,19.6,2022-12-22
2021-09-12,case,1240,5562663,22.3,2022-12-22
2021-09-13,case,2904,5562663,52.2,2022-12-22
2021-09-14,case,2712,5562663,48.8,2022-12-22
2021-09-15,case,2572,5562663,46.2,2022-12-22
2021-09-16,case,2702,5562663,48.6,2022-12-22
2021-09-17,case,2414,5562663,43.4,2022-12-22
2021-09-18,case,1184,5562663,21.3,2022-12-22
2021-09-19,case,1260,5562663,22.7,2022-12-22
2021-09-20,case,3288,5562663,59.1,2022-12-22
2021-09-21,case,2903,5562663,52.2,2022-12-22
2021-09-22,case,3032,5562663,54.5,2022-12-22
2021-09-23,case,2760,5562663,49.6,2022-12-22
2021-09-24,case,2549,5562663,45.8,2022-12-22
2021-09-25,case,1345,5562663,24.2,2022-12-22
2021-09-26,case,1425,5562663,25.6,2022-12-22
2021-09-27,case,4103,5562663,73.8,2022-12-22
2021-09-28,case,3550,5562663,63.8,2022-12-22
2021-09-29,case,3539,5562663,63.6,2022-12-22
2021-09-30,case,3371,5562663,60.6,2022-12-22
2021-10-01,case,3139,5562663,56.4,2022-12-22
2021-10-02,case,1585,5562663,28.5,2022-12-22
2021-10-03,case,1545,5562663,27.8,2022-12-22
2021-10-04,case,4187,5562663,75.3,2022-12-22
2021-10-05,case,3431,5562663,61.7,2022-12-22
2021-10-06,case,3446,5562663,61.9,2022-12-22
2021-10-07,case,3240,5562663,58.2,2022-12-22
2021-10-08,case,3001,5562663,53.9,2022-12-22
2021-10-09,case,1572,5562663,28.3,2022-12-22
2021-10-10,case,1395,5562663,25.1,2022-12-22
2021-10-11,case,3767,5562663,67.7,2022-12-22
2021-10-12,case,3120,5562663,56.1,2022-12-22
2021-10-13,case,2851,5562663,51.3,2022-12-22
2021-10-14,case,2577,5562663,46.3,2022-12-22
2021-10-15,case,2243,5562663,40.3,2022-12-22
2021-10-16,case,1215,5562663,21.8,2022-12-22
2021-10-17,case,1166,5562663,21,2022-12-22
2021-10-18,case,3170,5562663,57,2022-12-22
2021-10-19,case,2697,5562663,48.5,2022-12-22
2021-10-20,case,2459,5562663,44.2,2022-12-22
2021-10-21,case,2423,5562663,43.6,2022-12-22
2021-10-22,case,2294,5562663,41.2,2022-12-22
2021-10-23,case,1279,5562663,23,2022-12-22
2021-10-24,case,1383,5562663,24.9,2022-12-22
2021-10-25,case,3646,5562663,65.5,2022-12-22
2021-10-26,case,3071,5562663,55.2,2022-12-22
2021-10-27,case,3158,5562663,56.8,2022-12-22
2021-10-28,case,3061,5562663,55,2022-12-22
2021-10-29,case,2879,5562663,51.8,2022-12-22
2021-10-30,case,1512,5562663,27.2,2022-12-22
2021-10-31,case,1633,5562663,29.4,2022-12-22
2021-11-01,case,4357,5562663,78.3,2022-12-22
2021-11-02,case,3957,5562663,71.1,2022-12-22
2021-11-03,case,4056,5562663,72.9,2022-12-22
2021-11-04,case,4243,5562663,76.3,2022-12-22
2021-11-05,case,4126,5562663,74.2,2022-12-22
2021-11-06,case,2095,5562663,37.7,2022-12-22
2021-11-07,case,2152,5562663,38.7,2022-12-22
2021-11-08,case,5979,5562663,107.5,2022-12-22
2021-11-09,case,5133,5562663,92.3,2022-12-22
2021-11-10,case,4891,5562663,87.9,2022-12-22
2021-11-11,case,4261,5562663,76.6,2022-12-22
2021-11-12,case,4360,5562663,78.4,2022-12-22
2021-11-13,case,2222,5562663,39.9,2022-12-22
2021-11-14,case,2217,5562663,39.9,2022-12-22
2021-11-15,case,5993,5562663,107.7,2022-12-22
2021-11-16,case,5318,5562663,95.6,2022-12-22
2021-11-17,case,5265,5562663,94.6,2022-12-22
2021-11-18,case,4589,5562663,82.5,2022-12-22
2021-11-19,case,4456,5562663,80.1,2022-12-22
2021-11-20,case,2344,5562663,42.1,2022-12-22
2021-11-21,case,2225,5562663,40,2022-12-22
2021-11-22,case,5722,5562663,102.9,2022-12-22
2021-11-23,case,5105,5562663,91.8,2022-12-22
2021-11-24,case,4801,5562663,86.3,2022-12-22
2021-11-25,case,780,5562663,14,2022-12-22
2021-11-26,case,3723,5562663,66.9,2022-12-22
2021-11-27,case,3073,5562663,55.2,2022-12-22
2021-11-28,case,2837,5562663,51,2022-12-22
2021-11-29,case,7133,5562663,128.2,2022-12-22
2021-11-30,case,6219,5562663,111.8,2022-12-22
2021-12-01,case,5709,5562663,102.6,2022-12-22
2021-12-02,case,4972,5562663,89.4,2022-12-22
2021-12-03,case,4541,5562663,81.6,2022-12-22
2021-12-04,case,2265,5562663,40.7,2022-12-22
2021-12-05,case,2035,5562663,36.6,2022-12-22
2021-12-06,case,4929,5562663,88.6,2022-12-22
2021-12-07,case,4332,5562663,77.9,2022-12-22
2021-12-08,case,4195,5562663,75.4,2022-12-22
2021-12-09,case,3445,5562663,61.9,2022-12-22
2021-12-10,case,2713,5562663,48.8,2022-12-22
2021-12-11,case,1517,5562663,27.3,2022-12-22
2021-12-12,case,1795,5562663,32.3,2022-12-22
2021-12-13,case,4194,5562663,75.4,2022-12-22
2021-12-14,case,3697,5562663,66.5,2022-12-22
2021-12-15,case,3512,5562663,63.1,2022-12-22
2021-12-16,case,3102,5562663,55.8,2022-12-22
2021-12-17,case,3009,5562663,54.1,2022-12-22
2021-12-18,case,1730,5562663,31.1,2022-12-22
2021-12-19,case,1773,5562663,31.9,2022-12-22
2021-12-20,case,4466,5562663,80.3,2022-12-22
2021-12-21,case,4312,5562663,77.5,2022-12-22
2021-12-22,case,4961,5562663,89.2,2022-12-22
2021-12-23,case,5094,5562663,91.6,2022-12-22
2021-12-24,case,1918,5562663,34.5,2022-12-22
2021-12-25,case,688,5562663,12.4,2022-12-22
2021-12-26,case,3552,5562663,63.9,2022-12-22
2021-12-27,case,8581,5562663,154.3,2022-12-22
2021-12-28,case,10084,5562663,181.3,2022-12-22
2021-12-29,case,11017,5562663,198.1,2022-12-22
2021-12-30,case,10686,5562663,192.1,2022-12-22
2021-12-31,case,5007,5562663,90,2022-12-22
2022-01-01,case,2124,5562663,38.2,2022-12-22
2022-01-02,case,5596,5562663,100.6,2022-12-22
2022-01-03,case,15998,5562663,287.6,2022-12-22
2022-01-04,case,17654,5562663,317.4,2022-12-22
2022-01-05,case,16732,5562663,300.8,2022-12-22
2022-01-06,case,15676,5562663,281.8,2022-12-22
2022-01-07,case,13250,5562663,238.2,2022-12-22
2022-01-08,case,6994,5562663,125.7,2022-12-22
2022-01-09,case,6217,5562663,111.8,2022-12-22
2022-01-10,case,18299,5562663,329,2022-12-22
2022-01-11,case,18164,5562663,326.5,2022-12-22
2022-01-12,case,16526,5562663,297.1,2022-12-22
2022-01-13,case,15051,5562663,270.6,2022-12-22
2022-01-14,case,11328,5562663,203.6,2022-12-22
2022-01-15,case,5951,5562663,107,2022-12-22
2022-01-16,case,5670,5562663,101.9,2022-12-22
2022-01-17,case,14173,5562663,254.8,2022-12-22
2022-01-18,case,13898,5562663,249.8,2022-12-22
2022-01-19,case,12788,5562663,229.9,2022-12-22
2022-01-20,case,10362,5562663,186.3,2022-12-22
2022-01-21,case,8721,5562663,156.8,2022-12-22
2022-01-22,case,3960,5562663,71.2,2022-12-22
2022-01-23,case,3539,5562663,63.6,2022-12-22
2022-01-24,case,9481,5562663,170.4,2022-12-22
2022-01-25,case,8168,5562663,146.8,2022-12-22
2022-01-26,case,6920,5562663,124.4,2022-12-22
2022-01-27,case,6128,5562663,110.2,2022-12-22
2022-01-28,case,5083,5562663,91.4,2022-12-22
2022-01-29,case,2374,5562663,42.7,2022-12-22
2022-01-30,case,2096,5562663,37.7,2022-12-22
2022-01-31,case,5812,5562663,104.5,2022-12-22
2022-02-01,case,4676,5562663,84.1,2022-12-22
2022-02-02,case,4053,5562663,72.9,2022-12-22
2022-02-03,case,3330,5562663,59.9,2022-12-22
2022-02-04,case,2932,5562663,52.7,2022-12-22
2022-02-05,case,1393,5562663,25,2022-12-22
2022-02-06,case,1284,5562663,23.1,2022-12-22
2022-02-07,case,3537,5562663,63.6,2022-12-22
2022-02-08,case,2951,5562663,53.1,2022-12-22
2022-02-09,case,2539,5562663,45.6,2022-12-22
2022-02-10,case,2096,5562663,37.7,2022-12-22
2022-02-11,case,1789,5562663,32.2,2022-12-22
2022-02-12,case,887,5562663,15.9,2022-12-22
2022-02-13,case,859,5562663,15.4,2022-12-22
2022-02-14,case,1991,5562663,35.8,2022-12-22
2022-02-15,case,1594,5562663,28.7,2022-12-22
2022-02-16,case,1524,5562663,27.4,2022-12-22
2022-02-17,case,1269,5562663,22.8,2022-12-22
2022-02-18,case,1022,5562663,18.4,2022-12-22
2022-02-19,case,520,5562663,9.3,2022-12-22
2022-02-20,case,490,5562663,8.8,2022-12-22
2022-02-21,case,1076,5562663,19.3,2022-12-22
2022-02-22,case,765,5562663,13.8,2022-12-22
2022-02-23,case,989,5562663,17.8,2022-12-22
2022-02-24,case,902,5562663,16.2,2022-12-22
2022-02-25,case,685,5562663,12.3,2022-12-22
2022-02-26,case,343,5562663,6.2,2022-12-22
2022-02-27,case,330,5562663,5.9,2022-12-22
2022-02-28,case,889,5562663,16,2022-12-22
2022-03-01,case,644,5562663,11.6,2022-12-22
2022-03-02,case,655,5562663,11.8,2022-12-22
2022-03-03,case,628,5562663,11.3,2022-12-22
2022-03-04,case,507,5562663,9.1,2022-12-22
2022-03-05,case,248,5562663,4.5,2022-12-22
2022-03-06,case,241,5562663,4.3,2022-12-22
2022-03-07,case,588,5562663,10.6,2022-12-22
2022-03-08,case,502,5562663,9,2022-12-22
2022-03-09,case,464,5562663,8.3,2022-12-22
2022-03-10,case,418,5562663,7.5,2022-12-22
2022-03-11,case,391,5562663,7,2022-12-22
2022-03-12,case,235,5562663,4.2,2022-12-22
2022-03-13,case,203,5562663,3.6,2022-12-22
2022-03-14,case,496,5562663,8.9,2022-12-22
2022-03-15,case,429,5562663,7.7,2022-12-22
2022-03-16,case,461,5562663,8.3,2022-12-22
2022-03-17,case,422,5562663,7.6,2022-12-22
2022-03-18,case,395,5562663,7.1,2022-12-22
2022-03-19,case,226,5562663,4.1,2022-12-22
2022-03-20,case,189,5562663,3.4,2022-12-22
2022-03-21,case,517,5562663,9.3,2022-12-22
2022-03-22,case,459,5562663,8.3,2022-12-22
2022-03-23,case,489,5562663,8.8,2022-12-22
2022-03-24,case,446,5562663,8,2022-12-22
2022-03-25,case,408,5562663,7.3,2022-12-22
2022-03-26,case,216,5562663,3.9,2022-12-22
2022-03-27,case,206,5562663,3.7,2022-12-22
2022-03-28,case,506,5562663,9.1,2022-12-22
2022-03-29,case,493,5562663,8.9,2022-12-22
2022-03-30,case,487,5562663,8.8,2022-12-22
2022-03-31,case,429,5562663,7.7,2022-12-22
2022-04-01,case,450,5562663,8.1,2022-12-22
2022-04-02,case,285,5562663,5.1,2022-12-22
2022-04-03,case,260,5562663,4.7,2022-12-22
2022-04-04,case,587,5562663,10.6,2022-12-22
2022-04-05,case,618,5562663,11.1,2022-12-22
2022-04-06,case,595,5562663,10.7,2022-12-22
2022-04-07,case,567,5562663,10.2,2022-12-22
2022-04-08,case,588,5562663,10.6,2022-12-22
2022-04-09,case,383,5562663,6.9,2022-12-22
2022-04-10,case,380,5562663,6.8,2022-12-22
2022-04-11,case,959,5562663,17.2,2022-12-22
2022-04-12,case,807,5562663,14.5,2022-12-22
2022-04-13,case,1014,5562663,18.2,2022-12-22
2022-04-14,case,889,5562663,16,2022-12-22
2022-04-15,case,858,5562663,15.4,2022-12-22
2022-04-16,case,567,5562663,10.2,2022-12-22
2022-04-17,case,282,5562663,5.1,2022-12-22
2022-04-18,case,1402,5562663,25.2,2022-12-22
2022-04-19,case,1275,5562663,22.9,2022-12-22
2022-04-20,case,1356,5562663,24.4,2022-12-22
2022-04-21,case,1299,5562663,23.4,2022-12-22
2022-04-22,case,1193,5562663,21.4,2022-12-22
2022-04-23,case,675,5562663,12.1,2022-12-22
2022-04-24,case,636,5562663,11.4,2022-12-22
2022-04-25,case,1966,5562663,35.3,2022-12-22
2022-04-26,case,1841,5562663,33.1,2022-12-22
2022-04-27,case,1710,5562663,30.7,2022-12-22
2022-04-28,case,1768,5562663,31.8,2022-12-22
2022-04-29,case,1701,5562663,30.6,2022-12-22
2022-04-30,case,962,5562663,17.3,2022-12-22
2022-05-01,case,876,5562663,15.7,2022-12-22
2022-05-02,case,2507,5562663,45.1,2022-12-22
2022-05-03,case,2460,5562663,44.2,2022-12-22
2022-05-04,case,2458,5562663,44.2,2022-12-22
2022-05-05,case,2333,5562663,41.9,2022-12-22
2022-05-06,case,2155,5562663,38.7,2022-12-22
2022-05-07,case,1168,5562663,21,2022-12-22
2022-05-08,case,1156,5562663,20.8,2022-12-22
2022-05-09,case,2980,5562663,53.6,2022-12-22
2022-05-10,case,2686,5562663,48.3,2022-12-22
2022-05-11,case,2601,5562663,46.8,2022-12-22
2022-05-12,case,2295,5562663,41.3,2022-12-22
2022-05-13,case,2002,5562663,36,2022-12-22
2022-05-14,case,1106,5562663,19.9,2022-12-22
2022-05-15,case,959,5562663,17.2,2022-12-22
2022-05-16,case,2543,5562663,45.7,2022-12-22
2022-05-17,case,2393,5562663,43,2022-12-22
2022-05-18,case,2089,5562663,37.6,2022-12-22
2022-05-19,case,1955,5562663,35.1,2022-12-22
2022-05-20,case,1781,5562663,32,2022-12-22
2022-05-21,case,829,5562663,14.9,2022-12-22
2022-05-22,case,911,5562663,16.4,2022-12-22
2022-05-23,case,2270,5562663,40.8,2022-12-22
2022-05-24,case,2117,5562663,38.1,2022-12-22
2022-05-25,case,2096,5562663,37.7,2022-12-22
2022-05-26,case,1945,5562663,35,2022-12-22
2022-05-27,case,1741,5562663,31.3,2022-12-22
2022-05-28,case,904,5562663,16.3,2022-12-22
2022-05-29,case,884,5562663,15.9,2022-12-22
2022-05-30,case,628,5562663,11.3,2022-12-22
2022-05-31,case,2763,5562663,49.7,2022-12-22
2022-06-01,case,2134,5562663,38.4,2022-12-22
2022-06-02,case,1699,5562663,30.5,2022-12-22
2022-06-03,case,1549,5562663,27.8,2022-12-22
2022-06-04,case,855,5562663,15.4,2022-12-22
2022-06-05,case,835,5562663,15,2022-12-22
2022-06-06,case,2164,5562663,38.9,2022-12-22
2022-06-07,case,1756,5562663,31.6,2022-12-22
2022-06-08,case,1673,5562663,30.1,2022-12-22
2022-06-09,case,1525,5562663,27.4,2022-12-22
2022-06-10,case,1605,5562663,28.9,2022-12-22
2022-06-11,case,880,5562663,15.8,2022-12-22
2022-06-12,case,805,5562663,14.5,2022-12-22
2022-06-13,case,1913,5562663,34.4,2022-12-22
2022-06-14,case,1640,5562663,29.5,2022-12-22
2022-06-15,case,1644,5562663,29.6,2022-12-22
2022-06-16,case,1539,5562663,27.7,2022-12-22
2022-06-17,case,1403,5562663,25.2,2022-12-22
2022-06-18,case,830,5562663,14.9,2022-12-22
2022-06-19,case,743,5562663,13.4,2022-12-22
2022-06-20,case,1692,5562663,30.4,2022-12-22
2022-06-21,case,1666,5562663,29.9,2022-12-22
2022-06-22,case,1510,5562663,27.1,2022-12-22
2022-06-23,case,1505,5562663,27.1,2022-12-22
2022-06-24,case,1311,5562663,23.6,2022-12-22
2022-06-25,case,740,5562663,13.3,2022-12-22
2022-06-26,case,788,5562663,14.2,2022-12-22
2022-06-27,case,1868,5562663,33.6,2022-12-22
2022-06-28,case,1606,5562663,28.9,2022-12-22
2022-06-29,case,1716,5562663,30.8,2022-12-22
2022-06-30,case,1426,5562663,25.6,2022-12-22
2022-07-01,case,1357,5562663,24.4,2022-12-22
2022-07-02,case,810,5562663,14.6,2022-12-22
2022-07-03,case,654,5562663,11.8,2022-12-22
2022-07-04,case,496,5562663,8.9,2022-12-22
2022-07-05,case,1995,5562663,35.9,2022-12-22
2022-07-06,case,1769,5562663,31.8,2022-12-22
2022-07-07,case,1501,5562663,27,2022-12-22
2022-07-08,case,1431,5562663,25.7,2022-12-22
2022-07-09,case,818,5562663,14.7,2022-12-22
2022-07-10,case,842,5562663,15.1,2022-12-22
2022-07-11,case,1738,5562663,31.2,2022-12-22
2022-07-12,case,1676,5562663,30.1,2022-12-22
2022-07-13,case,1495,5562663,26.9,2022-12-22
2022-07-14,case,1500,5562663,27,2022-12-22
2022-07-15,case,1382,5562663,24.8,2022-12-22
2022-07-16,case,826,5562663,14.8,2022-12-22
2022-07-17,case,762,5562663,13.7,2022-12-22
2022-07-18,case,1883,5562663,33.9,2022-12-22
2022-07-19,case,1806,5562663,32.5,2022-12-22
2022-07-20,case,1707,5562663,30.7,2022-12-22
2022-07-21,case,1517,5562663,27.3,2022-12-22
2022-07-22,case,1481,5562663,26.6,2022-12-22
2022-07-23,case,857,5562663,15.4,2022-12-22
2022-07-24,case,847,5562663,15.2,2022-12-22
2022-07-25,case,1988,5562663,35.7,2022-12-22
2022-07-26,case,1731,5562663,31.1,2022-12-22
2022-07-27,case,1758,5562663,31.6,2022-12-22
2022-07-28,case,1635,5562663,29.4,2022-12-22
2022-07-29,case,1523,5562663,27.4,2022-12-22
2022-07-30,case,847,5562663,15.2,2022-12-22
2022-07-31,case,870,5562663,15.6,2022-12-22
2022-08-01,case,2022,5562663,36.3,2022-12-22
2022-08-02,case,1885,5562663,33.9,2022-12-22
2022-08-03,case,1726,5562663,31,2022-12-22
2022-08-04,case,1505,5562663,27.1,2022-12-22
2022-08-05,case,1467,5562663,26.4,2022-12-22
2022-08-06,case,802,5562663,14.4,2022-12-22
2022-08-07,case,811,5562663,14.6,2022-12-22
2022-08-08,case,1816,5562663,32.6,2022-12-22
2022-08-09,case,1811,5562663,32.6,2022-12-22
2022-08-10,case,1798,5562663,32.3,2022-12-22
2022-08-11,case,1637,5562663,29.4,2022-12-22
2022-08-12,case,1349,5562663,24.3,2022-12-22
2022-08-13,case,861,5562663,15.5,2022-12-22
2022-08-14,case,759,5562663,13.6,2022-12-22
2022-08-15,case,1904,5562663,34.2,2022-12-22
2022-08-16,case,1669,5562663,30,2022-12-22
2022-08-17,case,1655,5562663,29.8,2022-12-22
2022-08-18,case,1511,5562663,27.2,2022-12-22
2022-08-19,case,1341,5562663,24.1,2022-12-22
2022-08-20,case,783,5562663,14.1,2022-12-22
2022-08-21,case,729,5562663,13.1,2022-12-22
2022-08-22,case,1735,5562663,31.2,2022-12-22
2022-08-23,case,1557,5562663,28,2022-12-22
2022-08-24,case,1472,5562663,26.5,2022-12-22
2022-08-25,case,1231,5562663,22.1,2022-12-22
2022-08-26,case,1103,5562663,19.8,2022-12-22
2022-08-27,case,601,5562663,10.8,2022-12-22
2022-08-28,case,628,5562663,11.3,2022-12-22
2022-08-29,case,1419,5562663,25.5,2022-12-22
2022-08-30,case,1252,5562663,22.5,2022-12-22
2022-08-31,case,1176,5562663,21.1,2022-12-22
2022-09-01,case,1036,5562663,18.6,2022-12-22
2022-09-02,case,925,5562663,16.6,2022-12-22
2022-09-03,case,565,5562663,10.2,2022-12-22
2022-09-04,case,460,5562663,8.3,2022-12-22
2022-09-05,case,384,5562663,6.9,2022-12-22
2022-09-06,case,1472,5562663,26.5,2022-12-22
2022-09-07,case,1084,5562663,19.5,2022-12-22
2022-09-08,case,1038,5562663,18.7,2022-12-22
2022-09-09,case,914,5562663,16.4,2022-12-22
2022-09-10,case,465,5562663,8.4,2022-12-22
2022-09-11,case,493,5562663,8.9,2022-12-22
2022-09-12,case,1190,5562663,21.4,2022-12-22
2022-09-13,case,1224,5562663,22,2022-12-22
2022-09-14,case,1061,5562663,19.1,2022-12-22
2022-09-15,case,1063,5562663,19.1,2022-12-22
2022-09-16,case,993,5562663,17.9,2022-12-22
2022-09-17,case,511,5562663,9.2,2022-12-22
2022-09-18,case,586,5562663,10.5,2022-12-22
2022-09-19,case,1336,5562663,24,2022-12-22
2022-09-20,case,1146,5562663,20.6,2022-12-22
2022-09-21,case,1009,5562663,18.1,2022-12-22
2022-09-22,case,950,5562663,17.1,2022-12-22
2022-09-23,case,817,5562663,14.7,2022-12-22
2022-09-24,case,451,5562663,8.1,2022-12-22
2022-09-25,case,459,5562663,8.3,2022-12-22
2022-09-26,case,1157,5562663,20.8,2022-12-22
2022-09-27,case,984,5562663,17.7,2022-12-22
2022-09-28,case,919,5562663,16.5,2022-12-22
2022-09-29,case,925,5562663,16.6,2022-12-22
2022-09-30,case,926,5562663,16.6,2022-12-22
2022-10-01,case,478,5562663,8.6,2022-12-22
2022-10-02,case,474,5562663,8.5,2022-12-22
2022-10-03,case,1192,5562663,21.4,2022-12-22
2022-10-04,case,1009,5562663,18.1,2022-12-22
2022-10-05,case,922,5562663,16.6,2022-12-22
2022-10-06,case,767,5562663,13.8,2022-12-22
2022-10-07,case,726,5562663,13.1,2022-12-22
2022-10-08,case,373,5562663,6.7,2022-12-22
2022-10-09,case,384,5562663,6.9,2022-12-22
2022-10-10,case,955,5562663,17.2,2022-12-22
2022-10-11,case,839,5562663,15.1,2022-12-22
2022-10-12,case,853,5562663,15.3,2022-12-22
2022-10-13,case,739,5562663,13.3,2022-12-22
2022-10-14,case,704,5562663,12.7,2022-12-22
2022-10-15,case,430,5562663,7.7,2022-12-22
2022-10-16,case,381,5562663,6.8,2022-12-22
2022-10-17,case,987,5562663,17.7,2022-12-22
2022-10-18,case,865,5562663,15.6,2022-12-22
2022-10-19,case,888,5562663,16,2022-12-22
2022-10-20,case,804,5562663,14.5,2022-12-22
2022-10-21,case,794,5562663,14.3,2022-12-22
2022-10-22,case,518,5562663,9.3,2022-12-22
2022-10-23,case,493,5562663,8.9,2022-12-22
2022-10-24,case,1187,5562663,21.3,2022-12-22
2022-10-25,case,930,5562663,16.7,2022-12-22
2022-10-26,case,955,5562663,17.2,2022-12-22
2022-10-27,case,764,5562663,13.7,2022-12-22
2022-10-28,case,808,5562663,14.5,2022-12-22
2022-10-29,case,466,5562663,8.4,2022-12-22
2022-10-30,case,437,5562663,7.9,2022-12-22
2022-10-31,case,1079,5562663,19.4,2022-12-22
2022-11-01,case,884,5562663,15.9,2022-12-22
2022-11-02,case,933,5562663,16.8,2022-12-22
2022-11-03,case,880,5562663,15.8,2022-12-22
2022-11-04,case,741,5562663,13.3,2022-12-22
2022-11-05,case,459,5562663,8.3,2022-12-22
2022-11-06,case,404,5562663,7.3,2022-12-22
2022-11-07,case,1038,5562663,18.7,2022-12-22
2022-11-08,case,871,5562663,15.7,2022-12-22
2022-11-09,case,867,5562663,15.6,2022-12-22
2022-11-10,case,762,5562663,13.7,2022-12-22
2022-11-11,case,667,5562663,12,2022-12-22
2022-11-12,case,436,5562663,7.8,2022-12-22
2022-11-13,case,464,5562663,8.3,2022-12-22
2022-11-14,case,956,5562663,17.2,2022-12-22
2022-11-15,case,889,5562663,16,2022-12-22
2022-11-16,case,903,5562663,16.2,2022-12-22
2022-11-17,case,845,5562663,15.2,2022-12-22
2022-11-18,case,788,5562663,14.2,2022-12-22
2022-11-19,case,445,5562663,8,2022-12-22
2022-11-20,case,470,5562663,8.4,2022-12-22
2022-11-21,case,1102,5562663,19.8,2022-12-22
2022-11-22,case,919,5562663,16.5,2022-12-22
2022-11-23,case,953,5562663,17.1,2022-12-22
2022-11-24,case,308,5562663,5.5,2022-12-22
2022-11-25,case,784,5562663,14.1,2022-12-22
2022-11-26,case,583,5562663,10.5,2022-12-22
2022-11-27,case,636,5562663,11.4,2022-12-22
2022-11-28,case,1348,5562663,24.2,2022-12-22
2022-11-29,case,1005,5562663,18.1,2022-12-22
2022-11-30,case,1074,5562663,19.3,2022-12-22
2022-12-01,case,980,5562663,17.6,2022-12-22
2022-12-02,case,884,5562663,15.9,2022-12-22
2022-12-03,case,450,5562663,8.1,2022-12-22
2022-12-04,case,511,5562663,9.2,2022-12-22
2022-12-05,case,1159,5562663,20.8,2022-12-22
2022-12-06,case,971,5562663,17.5,2022-12-22
2022-12-07,case,863,5562663,15.5,2022-12-22
2022-12-08,case,899,5562663,16.2,2022-12-22
2022-12-09,case,835,5562663,15,2022-12-22
2022-12-10,case,457,5562663,8.2,2022-12-22
2022-12-11,case,460,5562663,8.3,2022-12-22
2022-12-12,case,1163,5562663,20.9,2022-12-22
2022-12-13,case,910,5562663,16.4,2022-12-22
2022-12-14,case,933,5562663,16.8,2022-12-22
2022-12-15,case,777,5562663,14,2022-12-22
2022-12-16,case,877,5562663,15.8,2022-12-22
2022-12-17,case,482,5562663,8.7,2022-12-22
2022-12-18,case,420,5562663,7.6,2022-12-22
2022-12-19,case,285,5562663,5.1,2022-12-22
2022-12-20,case,0,5562663,0,2022-12-22
