year,week,mmwr_startdate,mmwr_enddate,race_ethnicity,outcome,new_cases,pop_size,new_cases_percap,aa_rate,report_date
2020,10,2020-03-01,2020-03-07,American Indian,case,0,59651,0,0,2022-09-08
2020,10,2020-03-01,2020-03-07,Asian/Pacific Islander,case,0,288741,0,0,2022-09-08
2020,10,2020-03-01,2020-03-07,Black/African American,case,0,379408,0,0,2022-09-08
2020,10,2020-03-01,2020-03-07,Hispanic,case,0,312653,0,0,2022-09-08
2020,10,2020-03-01,2020-03-07,Multiracial,case,0,128987,0,0,2022-09-08
2020,10,2020-03-01,2020-03-07,Total,case,2,5562663,0,0,2022-09-08
2020,10,2020-03-01,2020-03-07,White,case,2,4393223,0,0,2022-09-08
2020,11,2020-03-08,2020-03-14,American Indian,case,0,59651,0,0,2022-09-08
2020,11,2020-03-08,2020-03-14,Asian/Pacific Islander,case,8,288741,2.8,2.7,2022-09-08
2020,11,2020-03-08,2020-03-14,Black/African American,case,2,379408,0.5,0.5,2022-09-08
2020,11,2020-03-08,2020-03-14,Hispanic,case,1,312653,0.3,0.3,2022-09-08
2020,11,2020-03-08,2020-03-14,Multiracial,case,1,128987,0.8,0.9,2022-09-08
2020,11,2020-03-08,2020-03-14,Total,case,83,5562663,1.5,1.5,2022-09-08
2020,11,2020-03-08,2020-03-14,White,case,71,4393223,1.6,1.5,2022-09-08
2020,12,2020-03-15,2020-03-21,American Indian,case,0,59651,0,0,2022-09-08
2020,12,2020-03-15,2020-03-21,Asian/Pacific Islander,case,8,288741,2.8,2.9,2022-09-08
2020,12,2020-03-15,2020-03-21,Black/African American,case,11,379408,2.9,3.3,2022-09-08
2020,12,2020-03-15,2020-03-21,Hispanic,case,13,312653,4.2,4.3,2022-09-08
2020,12,2020-03-15,2020-03-21,Multiracial,case,2,128987,1.6,1.8,2022-09-08
2020,12,2020-03-15,2020-03-21,Total,case,225,5562663,4,4,2022-09-08
2020,12,2020-03-15,2020-03-21,White,case,191,4393223,4.3,4.2,2022-09-08
2020,13,2020-03-22,2020-03-28,American Indian,case,3,59651,5,6.1,2022-09-08
2020,13,2020-03-22,2020-03-28,Asian/Pacific Islander,case,7,288741,2.4,2.8,2022-09-08
2020,13,2020-03-22,2020-03-28,Black/African American,case,30,379408,7.9,9.5,2022-09-08
2020,13,2020-03-22,2020-03-28,Hispanic,case,24,312653,7.7,8.7,2022-09-08
2020,13,2020-03-22,2020-03-28,Multiracial,case,5,128987,3.9,6.2,2022-09-08
2020,13,2020-03-22,2020-03-28,Total,case,351,5562663,6.3,6.1,2022-09-08
2020,13,2020-03-22,2020-03-28,White,case,282,4393223,6.4,5.9,2022-09-08
2020,14,2020-03-29,2020-04-04,American Indian,case,2,59651,3.4,4,2022-09-08
2020,14,2020-03-29,2020-04-04,Asian/Pacific Islander,case,17,288741,5.9,6.3,2022-09-08
2020,14,2020-03-29,2020-04-04,Black/African American,case,62,379408,16.3,19.9,2022-09-08
2020,14,2020-03-29,2020-04-04,Hispanic,case,29,312653,9.3,14.6,2022-09-08
2020,14,2020-03-29,2020-04-04,Multiracial,case,8,128987,6.2,8.4,2022-09-08
2020,14,2020-03-29,2020-04-04,Total,case,465,5562663,8.4,7.7,2022-09-08
2020,14,2020-03-29,2020-04-04,White,case,347,4393223,7.9,6.9,2022-09-08
2020,15,2020-04-05,2020-04-11,American Indian,case,14,59651,23.5,23.4,2022-09-08
2020,15,2020-04-05,2020-04-11,Asian/Pacific Islander,case,43,288741,14.9,17.1,2022-09-08
2020,15,2020-04-05,2020-04-11,Black/African American,case,126,379408,33.2,42.9,2022-09-08
2020,15,2020-04-05,2020-04-11,Hispanic,case,46,312653,14.7,17.3,2022-09-08
2020,15,2020-04-05,2020-04-11,Multiracial,case,12,128987,9.3,11.1,2022-09-08
2020,15,2020-04-05,2020-04-11,Total,case,639,5562663,11.5,10.5,2022-09-08
2020,15,2020-04-05,2020-04-11,White,case,398,4393223,9.1,7.5,2022-09-08
2020,16,2020-04-12,2020-04-18,American Indian,case,16,59651,26.8,29.7,2022-09-08
2020,16,2020-04-12,2020-04-18,Asian/Pacific Islander,case,56,288741,19.4,22.2,2022-09-08
2020,16,2020-04-12,2020-04-18,Black/African American,case,216,379408,56.9,70.7,2022-09-08
2020,16,2020-04-12,2020-04-18,Hispanic,case,132,312653,42.2,51.8,2022-09-08
2020,16,2020-04-12,2020-04-18,Multiracial,case,27,128987,20.9,42.2,2022-09-08
2020,16,2020-04-12,2020-04-18,Total,case,966,5562663,17.4,16.2,2022-09-08
2020,16,2020-04-12,2020-04-18,White,case,519,4393223,11.8,9.7,2022-09-08
2020,17,2020-04-19,2020-04-25,American Indian,case,21,59651,35.2,37.7,2022-09-08
2020,17,2020-04-19,2020-04-25,Asian/Pacific Islander,case,147,288741,50.9,54.7,2022-09-08
2020,17,2020-04-19,2020-04-25,Black/African American,case,554,379408,146,163.9,2022-09-08
2020,17,2020-04-19,2020-04-25,Hispanic,case,624,312653,199.6,224.7,2022-09-08
2020,17,2020-04-19,2020-04-25,Multiracial,case,52,128987,40.3,83.7,2022-09-08
2020,17,2020-04-19,2020-04-25,Total,case,2174,5562663,39.1,38.3,2022-09-08
2020,17,2020-04-19,2020-04-25,White,case,776,4393223,17.7,15.1,2022-09-08
2020,18,2020-04-26,2020-05-02,American Indian,case,27,59651,45.3,50.4,2022-09-08
2020,18,2020-04-26,2020-05-02,Asian/Pacific Islander,case,190,288741,65.8,72.8,2022-09-08
2020,18,2020-04-26,2020-05-02,Black/African American,case,1101,379408,290.2,319.3,2022-09-08
2020,18,2020-04-26,2020-05-02,Hispanic,case,691,312653,221,238,2022-09-08
2020,18,2020-04-26,2020-05-02,Multiracial,case,71,128987,55,101.1,2022-09-08
2020,18,2020-04-26,2020-05-02,Total,case,3213,5562663,57.8,57.5,2022-09-08
2020,18,2020-04-26,2020-05-02,White,case,1133,4393223,25.8,22.5,2022-09-08
2020,19,2020-05-03,2020-05-09,American Indian,case,28,59651,46.9,51.3,2022-09-08
2020,19,2020-05-03,2020-05-09,Asian/Pacific Islander,case,214,288741,74.1,79.9,2022-09-08
2020,19,2020-05-03,2020-05-09,Black/African American,case,1365,379408,359.8,394,2022-09-08
2020,19,2020-05-03,2020-05-09,Hispanic,case,683,312653,218.5,243.2,2022-09-08
2020,19,2020-05-03,2020-05-09,Multiracial,case,80,128987,62,107.1,2022-09-08
2020,19,2020-05-03,2020-05-09,Total,case,3609,5562663,64.9,64.9,2022-09-08
2020,19,2020-05-03,2020-05-09,White,case,1239,4393223,28.2,25,2022-09-08
2020,20,2020-05-10,2020-05-16,American Indian,case,25,59651,41.9,45.2,2022-09-08
2020,20,2020-05-10,2020-05-16,Asian/Pacific Islander,case,264,288741,91.4,96.3,2022-09-08
2020,20,2020-05-10,2020-05-16,Black/African American,case,1243,379408,327.6,358,2022-09-08
2020,20,2020-05-10,2020-05-16,Hispanic,case,928,312653,296.8,319.1,2022-09-08
2020,20,2020-05-10,2020-05-16,Multiracial,case,77,128987,59.7,99.8,2022-09-08
2020,20,2020-05-10,2020-05-16,Total,case,3986,5562663,71.7,72,2022-09-08
2020,20,2020-05-10,2020-05-16,White,case,1449,4393223,33,29.4,2022-09-08
2020,21,2020-05-17,2020-05-23,American Indian,case,36,59651,60.4,63.9,2022-09-08
2020,21,2020-05-17,2020-05-23,Asian/Pacific Islander,case,489,288741,169.4,175.7,2022-09-08
2020,21,2020-05-17,2020-05-23,Black/African American,case,1057,379408,278.6,305.2,2022-09-08
2020,21,2020-05-17,2020-05-23,Hispanic,case,1450,312653,463.8,483.8,2022-09-08
2020,21,2020-05-17,2020-05-23,Multiracial,case,92,128987,71.3,124.8,2022-09-08
2020,21,2020-05-17,2020-05-23,Total,case,4679,5562663,84.1,85.2,2022-09-08
2020,21,2020-05-17,2020-05-23,White,case,1555,4393223,35.4,32,2022-09-08
2020,22,2020-05-24,2020-05-30,American Indian,case,30,59651,50.3,51.9,2022-09-08
2020,22,2020-05-24,2020-05-30,Asian/Pacific Islander,case,379,288741,131.3,134.4,2022-09-08
2020,22,2020-05-24,2020-05-30,Black/African American,case,605,379408,159.5,176,2022-09-08
2020,22,2020-05-24,2020-05-30,Hispanic,case,1017,312653,325.3,349.8,2022-09-08
2020,22,2020-05-24,2020-05-30,Multiracial,case,58,128987,45,71.7,2022-09-08
2020,22,2020-05-24,2020-05-30,Total,case,3138,5562663,56.4,57.1,2022-09-08
2020,22,2020-05-24,2020-05-30,White,case,1049,4393223,23.9,21.9,2022-09-08
2020,23,2020-05-31,2020-06-06,American Indian,case,21,59651,35.2,38.3,2022-09-08
2020,23,2020-05-31,2020-06-06,Asian/Pacific Islander,case,349,288741,120.9,119.7,2022-09-08
2020,23,2020-05-31,2020-06-06,Black/African American,case,490,379408,129.1,139.6,2022-09-08
2020,23,2020-05-31,2020-06-06,Hispanic,case,950,312653,303.9,312.2,2022-09-08
2020,23,2020-05-31,2020-06-06,Multiracial,case,44,128987,34.1,64.4,2022-09-08
2020,23,2020-05-31,2020-06-06,Total,case,2537,5562663,45.6,47.1,2022-09-08
2020,23,2020-05-31,2020-06-06,White,case,683,4393223,15.5,14.6,2022-09-08
2020,24,2020-06-07,2020-06-13,American Indian,case,19,59651,31.9,34,2022-09-08
2020,24,2020-06-07,2020-06-13,Asian/Pacific Islander,case,338,288741,117.1,116.9,2022-09-08
2020,24,2020-06-07,2020-06-13,Black/African American,case,420,379408,110.7,119.1,2022-09-08
2020,24,2020-06-07,2020-06-13,Hispanic,case,674,312653,215.6,223.2,2022-09-08
2020,24,2020-06-07,2020-06-13,Multiracial,case,50,128987,38.8,74,2022-09-08
2020,24,2020-06-07,2020-06-13,Total,case,2156,5562663,38.8,39.9,2022-09-08
2020,24,2020-06-07,2020-06-13,White,case,655,4393223,14.9,14.3,2022-09-08
2020,25,2020-06-14,2020-06-20,American Indian,case,16,59651,26.8,29.5,2022-09-08
2020,25,2020-06-14,2020-06-20,Asian/Pacific Islander,case,282,288741,97.7,99.1,2022-09-08
2020,25,2020-06-14,2020-06-20,Black/African American,case,372,379408,98,101.1,2022-09-08
2020,25,2020-06-14,2020-06-20,Hispanic,case,665,312653,212.7,215,2022-09-08
2020,25,2020-06-14,2020-06-20,Multiracial,case,44,128987,34.1,55.1,2022-09-08
2020,25,2020-06-14,2020-06-20,Total,case,2234,5562663,40.2,42,2022-09-08
2020,25,2020-06-14,2020-06-20,White,case,855,4393223,19.5,20,2022-09-08
2020,26,2020-06-21,2020-06-27,American Indian,case,18,59651,30.2,30.4,2022-09-08
2020,26,2020-06-21,2020-06-27,Asian/Pacific Islander,case,212,288741,73.4,74.7,2022-09-08
2020,26,2020-06-21,2020-06-27,Black/African American,case,459,379408,121,123.7,2022-09-08
2020,26,2020-06-21,2020-06-27,Hispanic,case,556,312653,177.8,188.2,2022-09-08
2020,26,2020-06-21,2020-06-27,Multiracial,case,72,128987,55.8,88.7,2022-09-08
2020,26,2020-06-21,2020-06-27,Total,case,2906,5562663,52.2,55.2,2022-09-08
2020,26,2020-06-21,2020-06-27,White,case,1589,4393223,36.2,39.1,2022-09-08
2020,27,2020-06-28,2020-07-04,American Indian,case,19,59651,31.9,34.8,2022-09-08
2020,27,2020-06-28,2020-07-04,Asian/Pacific Islander,case,126,288741,43.6,42.3,2022-09-08
2020,27,2020-06-28,2020-07-04,Black/African American,case,472,379408,124.4,128.4,2022-09-08
2020,27,2020-06-28,2020-07-04,Hispanic,case,456,312653,145.8,150,2022-09-08
2020,27,2020-06-28,2020-07-04,Multiracial,case,89,128987,69,105.3,2022-09-08
2020,27,2020-06-28,2020-07-04,Total,case,2986,5562663,53.7,56.7,2022-09-08
2020,27,2020-06-28,2020-07-04,White,case,1824,4393223,41.5,44.5,2022-09-08
2020,28,2020-07-05,2020-07-11,American Indian,case,27,59651,45.3,46.4,2022-09-08
2020,28,2020-07-05,2020-07-11,Asian/Pacific Islander,case,162,288741,56.1,52.9,2022-09-08
2020,28,2020-07-05,2020-07-11,Black/African American,case,668,379408,176.1,181.9,2022-09-08
2020,28,2020-07-05,2020-07-11,Hispanic,case,473,312653,151.3,161.2,2022-09-08
2020,28,2020-07-05,2020-07-11,Multiracial,case,92,128987,71.3,96.4,2022-09-08
2020,28,2020-07-05,2020-07-11,Total,case,4035,5562663,72.5,75.8,2022-09-08
2020,28,2020-07-05,2020-07-11,White,case,2613,4393223,59.5,63.3,2022-09-08
2020,29,2020-07-12,2020-07-18,American Indian,case,47,59651,78.8,82,2022-09-08
2020,29,2020-07-12,2020-07-18,Asian/Pacific Islander,case,154,288741,53.3,54.1,2022-09-08
2020,29,2020-07-12,2020-07-18,Black/African American,case,892,379408,235.1,242.7,2022-09-08
2020,29,2020-07-12,2020-07-18,Hispanic,case,572,312653,183,197.4,2022-09-08
2020,29,2020-07-12,2020-07-18,Multiracial,case,93,128987,72.1,93.3,2022-09-08
2020,29,2020-07-12,2020-07-18,Total,case,4114,5562663,74,76.6,2022-09-08
2020,29,2020-07-12,2020-07-18,White,case,2356,4393223,53.6,56,2022-09-08
2020,30,2020-07-19,2020-07-25,American Indian,case,48,59651,80.5,84.2,2022-09-08
2020,30,2020-07-19,2020-07-25,Asian/Pacific Islander,case,185,288741,64.1,64.7,2022-09-08
2020,30,2020-07-19,2020-07-25,Black/African American,case,1109,379408,292.3,301.2,2022-09-08
2020,30,2020-07-19,2020-07-25,Hispanic,case,645,312653,206.3,217.3,2022-09-08
2020,30,2020-07-19,2020-07-25,Multiracial,case,106,128987,82.2,115.2,2022-09-08
2020,30,2020-07-19,2020-07-25,Total,case,4261,5562663,76.6,79.4,2022-09-08
2020,30,2020-07-19,2020-07-25,White,case,2168,4393223,49.3,50.8,2022-09-08
2020,31,2020-07-26,2020-08-01,American Indian,case,42,59651,70.4,72.1,2022-09-08
2020,31,2020-07-26,2020-08-01,Asian/Pacific Islander,case,203,288741,70.3,68.8,2022-09-08
2020,31,2020-07-26,2020-08-01,Black/African American,case,1011,379408,266.5,286.7,2022-09-08
2020,31,2020-07-26,2020-08-01,Hispanic,case,649,312653,207.6,229.2,2022-09-08
2020,31,2020-07-26,2020-08-01,Multiracial,case,116,128987,89.9,131.9,2022-09-08
2020,31,2020-07-26,2020-08-01,Total,case,4304,5562663,77.4,79.3,2022-09-08
2020,31,2020-07-26,2020-08-01,White,case,2283,4393223,52,52.6,2022-09-08
2020,32,2020-08-02,2020-08-08,American Indian,case,40,59651,67.1,69.1,2022-09-08
2020,32,2020-08-02,2020-08-08,Asian/Pacific Islander,case,232,288741,80.3,79.4,2022-09-08
2020,32,2020-08-02,2020-08-08,Black/African American,case,976,379408,257.2,269.7,2022-09-08
2020,32,2020-08-02,2020-08-08,Hispanic,case,518,312653,165.7,181.2,2022-09-08
2020,32,2020-08-02,2020-08-08,Multiracial,case,135,128987,104.7,153.7,2022-09-08
2020,32,2020-08-02,2020-08-08,Total,case,4071,5562663,73.2,75.2,2022-09-08
2020,32,2020-08-02,2020-08-08,White,case,2170,4393223,49.4,50.5,2022-09-08
2020,33,2020-08-09,2020-08-15,American Indian,case,32,59651,53.6,54.2,2022-09-08
2020,33,2020-08-09,2020-08-15,Asian/Pacific Islander,case,233,288741,80.7,83.1,2022-09-08
2020,33,2020-08-09,2020-08-15,Black/African American,case,776,379408,204.5,208.7,2022-09-08
2020,33,2020-08-09,2020-08-15,Hispanic,case,566,312653,181,193.4,2022-09-08
2020,33,2020-08-09,2020-08-15,Multiracial,case,105,128987,81.4,140.2,2022-09-08
2020,33,2020-08-09,2020-08-15,Total,case,3996,5562663,71.8,73.7,2022-09-08
2020,33,2020-08-09,2020-08-15,White,case,2284,4393223,52,52.8,2022-09-08
2020,34,2020-08-16,2020-08-22,American Indian,case,57,59651,95.6,95.7,2022-09-08
2020,34,2020-08-16,2020-08-22,Asian/Pacific Islander,case,177,288741,61.3,62.4,2022-09-08
2020,34,2020-08-16,2020-08-22,Black/African American,case,821,379408,216.4,229.4,2022-09-08
2020,34,2020-08-16,2020-08-22,Hispanic,case,567,312653,181.4,191,2022-09-08
2020,34,2020-08-16,2020-08-22,Multiracial,case,126,128987,97.7,179.7,2022-09-08
2020,34,2020-08-16,2020-08-22,Total,case,4464,5562663,80.2,81.8,2022-09-08
2020,34,2020-08-16,2020-08-22,White,case,2716,4393223,61.8,62.3,2022-09-08
2020,35,2020-08-23,2020-08-29,American Indian,case,44,59651,73.8,76,2022-09-08
2020,35,2020-08-23,2020-08-29,Asian/Pacific Islander,case,205,288741,71,69.8,2022-09-08
2020,35,2020-08-23,2020-08-29,Black/African American,case,704,379408,185.6,200.5,2022-09-08
2020,35,2020-08-23,2020-08-29,Hispanic,case,538,312653,172.1,185.1,2022-09-08
2020,35,2020-08-23,2020-08-29,Multiracial,case,108,128987,83.7,130.4,2022-09-08
2020,35,2020-08-23,2020-08-29,Total,case,4958,5562663,89.1,91.8,2022-09-08
2020,35,2020-08-23,2020-08-29,White,case,3359,4393223,76.5,79.8,2022-09-08
2020,36,2020-08-30,2020-09-05,American Indian,case,40,59651,67.1,73.5,2022-09-08
2020,36,2020-08-30,2020-09-05,Asian/Pacific Islander,case,197,288741,68.2,69,2022-09-08
2020,36,2020-08-30,2020-09-05,Black/African American,case,459,379408,121,126.2,2022-09-08
2020,36,2020-08-30,2020-09-05,Hispanic,case,435,312653,139.1,144.7,2022-09-08
2020,36,2020-08-30,2020-09-05,Multiracial,case,109,128987,84.5,130,2022-09-08
2020,36,2020-08-30,2020-09-05,Total,case,4329,5562663,77.8,80.1,2022-09-08
2020,36,2020-08-30,2020-09-05,White,case,3089,4393223,70.3,72.7,2022-09-08
2020,37,2020-09-06,2020-09-12,American Indian,case,45,59651,75.4,81.2,2022-09-08
2020,37,2020-09-06,2020-09-12,Asian/Pacific Islander,case,190,288741,65.8,68.5,2022-09-08
2020,37,2020-09-06,2020-09-12,Black/African American,case,366,379408,96.5,103.3,2022-09-08
2020,37,2020-09-06,2020-09-12,Hispanic,case,396,312653,126.7,132.5,2022-09-08
2020,37,2020-09-06,2020-09-12,Multiracial,case,81,128987,62.8,97,2022-09-08
2020,37,2020-09-06,2020-09-12,Total,case,3796,5562663,68.2,69.9,2022-09-08
2020,37,2020-09-06,2020-09-12,White,case,2718,4393223,61.9,64.2,2022-09-08
2020,38,2020-09-13,2020-09-19,American Indian,case,60,59651,100.6,102.3,2022-09-08
2020,38,2020-09-13,2020-09-19,Asian/Pacific Islander,case,273,288741,94.5,99,2022-09-08
2020,38,2020-09-13,2020-09-19,Black/African American,case,431,379408,113.6,118,2022-09-08
2020,38,2020-09-13,2020-09-19,Hispanic,case,584,312653,186.8,191.6,2022-09-08
2020,38,2020-09-13,2020-09-19,Multiracial,case,189,128987,146.5,231.6,2022-09-08
2020,38,2020-09-13,2020-09-19,Total,case,5925,5562663,106.5,108.4,2022-09-08
2020,38,2020-09-13,2020-09-19,White,case,4388,4393223,99.9,101.7,2022-09-08
2020,39,2020-09-20,2020-09-26,American Indian,case,66,59651,110.6,114.5,2022-09-08
2020,39,2020-09-20,2020-09-26,Asian/Pacific Islander,case,314,288741,108.7,112.1,2022-09-08
2020,39,2020-09-20,2020-09-26,Black/African American,case,459,379408,121,126.1,2022-09-08
2020,39,2020-09-20,2020-09-26,Hispanic,case,684,312653,218.8,230.5,2022-09-08
2020,39,2020-09-20,2020-09-26,Multiracial,case,182,128987,141.1,229.6,2022-09-08
2020,39,2020-09-20,2020-09-26,Total,case,6764,5562663,121.6,123,2022-09-08
2020,39,2020-09-20,2020-09-26,White,case,5059,4393223,115.2,115.5,2022-09-08
2020,40,2020-09-27,2020-10-03,American Indian,case,71,59651,119,123.6,2022-09-08
2020,40,2020-09-27,2020-10-03,Asian/Pacific Islander,case,363,288741,125.7,124.4,2022-09-08
2020,40,2020-09-27,2020-10-03,Black/African American,case,393,379408,103.6,109.1,2022-09-08
2020,40,2020-09-27,2020-10-03,Hispanic,case,650,312653,207.9,214.8,2022-09-08
2020,40,2020-09-27,2020-10-03,Multiracial,case,155,128987,120.2,197.3,2022-09-08
2020,40,2020-09-27,2020-10-03,Total,case,6683,5562663,120.1,120.6,2022-09-08
2020,40,2020-09-27,2020-10-03,White,case,5051,4393223,115,113.9,2022-09-08
2020,41,2020-10-04,2020-10-10,American Indian,case,108,59651,181.1,189.1,2022-09-08
2020,41,2020-10-04,2020-10-10,Asian/Pacific Islander,case,419,288741,145.1,144,2022-09-08
2020,41,2020-10-04,2020-10-10,Black/African American,case,579,379408,152.6,163.6,2022-09-08
2020,41,2020-10-04,2020-10-10,Hispanic,case,847,312653,270.9,283.3,2022-09-08
2020,41,2020-10-04,2020-10-10,Multiracial,case,187,128987,145,256,2022-09-08
2020,41,2020-10-04,2020-10-10,Total,case,8940,5562663,160.7,160.9,2022-09-08
2020,41,2020-10-04,2020-10-10,White,case,6800,4393223,154.8,152.8,2022-09-08
2020,42,2020-10-11,2020-10-17,American Indian,case,118,59651,197.8,208.2,2022-09-08
2020,42,2020-10-11,2020-10-17,Asian/Pacific Islander,case,419,288741,145.1,140.9,2022-09-08
2020,42,2020-10-11,2020-10-17,Black/African American,case,684,379408,180.3,188.8,2022-09-08
2020,42,2020-10-11,2020-10-17,Hispanic,case,878,312653,280.8,305.9,2022-09-08
2020,42,2020-10-11,2020-10-17,Multiracial,case,232,128987,179.9,289.3,2022-09-08
2020,42,2020-10-11,2020-10-17,Total,case,9783,5562663,175.9,175.6,2022-09-08
2020,42,2020-10-11,2020-10-17,White,case,7452,4393223,169.6,166.9,2022-09-08
2020,43,2020-10-18,2020-10-24,American Indian,case,150,59651,251.5,259.6,2022-09-08
2020,43,2020-10-18,2020-10-24,Asian/Pacific Islander,case,482,288741,166.9,171.6,2022-09-08
2020,43,2020-10-18,2020-10-24,Black/African American,case,1019,379408,268.6,288.6,2022-09-08
2020,43,2020-10-18,2020-10-24,Hispanic,case,972,312653,310.9,331,2022-09-08
2020,43,2020-10-18,2020-10-24,Multiracial,case,250,128987,193.8,307.3,2022-09-08
2020,43,2020-10-18,2020-10-24,Total,case,12666,5562663,227.7,227.6,2022-09-08
2020,43,2020-10-18,2020-10-24,White,case,9793,4393223,222.9,220.6,2022-09-08
2020,44,2020-10-25,2020-10-31,American Indian,case,195,59651,326.9,340.5,2022-09-08
2020,44,2020-10-25,2020-10-31,Asian/Pacific Islander,case,803,288741,278.1,277.9,2022-09-08
2020,44,2020-10-25,2020-10-31,Black/African American,case,1408,379408,371.1,386.6,2022-09-08
2020,44,2020-10-25,2020-10-31,Hispanic,case,1383,312653,442.3,480.9,2022-09-08
2020,44,2020-10-25,2020-10-31,Multiracial,case,416,128987,322.5,523.8,2022-09-08
2020,44,2020-10-25,2020-10-31,Total,case,20414,5562663,367,367.2,2022-09-08
2020,44,2020-10-25,2020-10-31,White,case,16209,4393223,369,365.5,2022-09-08
2020,45,2020-11-01,2020-11-07,American Indian,case,366,59651,613.6,644.3,2022-09-08
2020,45,2020-11-01,2020-11-07,Asian/Pacific Islander,case,1360,288741,471,461.2,2022-09-08
2020,45,2020-11-01,2020-11-07,Black/African American,case,1755,379408,462.6,475.9,2022-09-08
2020,45,2020-11-01,2020-11-07,Hispanic,case,2176,312653,696,737.5,2022-09-08
2020,45,2020-11-01,2020-11-07,Multiracial,case,624,128987,483.8,767.4,2022-09-08
2020,45,2020-11-01,2020-11-07,Total,case,35697,5562663,641.7,647.8,2022-09-08
2020,45,2020-11-01,2020-11-07,White,case,29416,4393223,669.6,677.4,2022-09-08
2020,46,2020-11-08,2020-11-14,American Indian,case,429,59651,719.2,744.1,2022-09-08
2020,46,2020-11-08,2020-11-14,Asian/Pacific Islander,case,1533,288741,530.9,531.9,2022-09-08
2020,46,2020-11-08,2020-11-14,Black/African American,case,2033,379408,535.8,570.3,2022-09-08
2020,46,2020-11-08,2020-11-14,Hispanic,case,2696,312653,862.3,922,2022-09-08
2020,46,2020-11-08,2020-11-14,Multiracial,case,799,128987,619.4,1116.7,2022-09-08
2020,46,2020-11-08,2020-11-14,Total,case,43536,5562663,782.6,783.6,2022-09-08
2020,46,2020-11-08,2020-11-14,White,case,36046,4393223,820.5,821.9,2022-09-08
2020,47,2020-11-15,2020-11-21,American Indian,case,403,59651,675.6,692.7,2022-09-08
2020,47,2020-11-15,2020-11-21,Asian/Pacific Islander,case,1655,288741,573.2,576.5,2022-09-08
2020,47,2020-11-15,2020-11-21,Black/African American,case,2141,379408,564.3,600.6,2022-09-08
2020,47,2020-11-15,2020-11-21,Hispanic,case,2954,312653,944.8,1008,2022-09-08
2020,47,2020-11-15,2020-11-21,Multiracial,case,787,128987,610.1,1031.1,2022-09-08
2020,47,2020-11-15,2020-11-21,Total,case,41395,5562663,744.2,740.3,2022-09-08
2020,47,2020-11-15,2020-11-21,White,case,33455,4393223,761.5,751.3,2022-09-08
2020,48,2020-11-22,2020-11-28,American Indian,case,296,59651,496.2,515.2,2022-09-08
2020,48,2020-11-22,2020-11-28,Asian/Pacific Islander,case,1412,288741,489,492.4,2022-09-08
2020,48,2020-11-22,2020-11-28,Black/African American,case,1637,379408,431.5,463.9,2022-09-08
2020,48,2020-11-22,2020-11-28,Hispanic,case,2292,312653,733.1,775,2022-09-08
2020,48,2020-11-22,2020-11-28,Multiracial,case,634,128987,491.5,792.2,2022-09-08
2020,48,2020-11-22,2020-11-28,Total,case,32010,5562663,575.4,572.6,2022-09-08
2020,48,2020-11-22,2020-11-28,White,case,25739,4393223,585.9,578.4,2022-09-08
2020,49,2020-11-29,2020-12-05,American Indian,case,347,59651,581.7,603.2,2022-09-08
2020,49,2020-11-29,2020-12-05,Asian/Pacific Islander,case,1673,288741,579.4,571.7,2022-09-08
2020,49,2020-11-29,2020-12-05,Black/African American,case,2094,379408,551.9,581.1,2022-09-08
2020,49,2020-11-29,2020-12-05,Hispanic,case,3156,312653,1009.4,1046.5,2022-09-08
2020,49,2020-11-29,2020-12-05,Multiracial,case,646,128987,500.8,808.1,2022-09-08
2020,49,2020-11-29,2020-12-05,Total,case,32616,5562663,586.3,588.4,2022-09-08
2020,49,2020-11-29,2020-12-05,White,case,24700,4393223,562.2,559.5,2022-09-08
2020,50,2020-12-06,2020-12-12,American Indian,case,275,59651,461,484.7,2022-09-08
2020,50,2020-12-06,2020-12-12,Asian/Pacific Islander,case,1243,288741,430.5,431.3,2022-09-08
2020,50,2020-12-06,2020-12-12,Black/African American,case,1625,379408,428.3,459.3,2022-09-08
2020,50,2020-12-06,2020-12-12,Hispanic,case,2213,312653,707.8,733.2,2022-09-08
2020,50,2020-12-06,2020-12-12,Multiracial,case,394,128987,305.5,489.1,2022-09-08
2020,50,2020-12-06,2020-12-12,Total,case,21387,5562663,384.5,384.4,2022-09-08
2020,50,2020-12-06,2020-12-12,White,case,15637,4393223,355.9,349.7,2022-09-08
2020,51,2020-12-13,2020-12-19,American Indian,case,248,59651,415.8,430.4,2022-09-08
2020,51,2020-12-13,2020-12-19,Asian/Pacific Islander,case,857,288741,296.8,299.2,2022-09-08
2020,51,2020-12-13,2020-12-19,Black/African American,case,1324,379408,349,374.7,2022-09-08
2020,51,2020-12-13,2020-12-19,Hispanic,case,1556,312653,497.7,532.6,2022-09-08
2020,51,2020-12-13,2020-12-19,Multiracial,case,300,128987,232.6,393.1,2022-09-08
2020,51,2020-12-13,2020-12-19,Total,case,15126,5562663,271.9,271.7,2022-09-08
2020,51,2020-12-13,2020-12-19,White,case,10841,4393223,246.8,242.9,2022-09-08
2020,52,2020-12-20,2020-12-26,American Indian,case,132,59651,221.3,231.8,2022-09-08
2020,52,2020-12-20,2020-12-26,Asian/Pacific Islander,case,536,288741,185.6,187.2,2022-09-08
2020,52,2020-12-20,2020-12-26,Black/African American,case,779,379408,205.3,220.7,2022-09-08
2020,52,2020-12-20,2020-12-26,Hispanic,case,836,312653,267.4,290.1,2022-09-08
2020,52,2020-12-20,2020-12-26,Multiracial,case,188,128987,145.8,225.4,2022-09-08
2020,52,2020-12-20,2020-12-26,Total,case,9435,5562663,169.6,169.1,2022-09-08
2020,52,2020-12-20,2020-12-26,White,case,6964,4393223,158.5,155.6,2022-09-08
2020,53,2020-12-27,2021-01-02,American Indian,case,143,59651,239.7,250.3,2022-09-08
2020,53,2020-12-27,2021-01-02,Asian/Pacific Islander,case,700,288741,242.4,247.8,2022-09-08
2020,53,2020-12-27,2021-01-02,Black/African American,case,801,379408,211.1,228.4,2022-09-08
2020,53,2020-12-27,2021-01-02,Hispanic,case,1044,312653,333.9,352.9,2022-09-08
2020,53,2020-12-27,2021-01-02,Multiracial,case,205,128987,158.9,211.3,2022-09-08
2020,53,2020-12-27,2021-01-02,Total,case,11990,5562663,215.5,216.5,2022-09-08
2020,53,2020-12-27,2021-01-02,White,case,9097,4393223,207.1,206.2,2022-09-08
2021,1,2021-01-03,2021-01-09,American Indian,case,147,59651,246.4,257.6,2022-09-08
2021,1,2021-01-03,2021-01-09,Asian/Pacific Islander,case,758,288741,262.5,262.8,2022-09-08
2021,1,2021-01-03,2021-01-09,Black/African American,case,981,379408,258.6,276.9,2022-09-08
2021,1,2021-01-03,2021-01-09,Hispanic,case,1139,312653,364.3,379.8,2022-09-08
2021,1,2021-01-03,2021-01-09,Multiracial,case,224,128987,173.7,204.9,2022-09-08
2021,1,2021-01-03,2021-01-09,Total,case,12322,5562663,221.5,224.2,2022-09-08
2021,1,2021-01-03,2021-01-09,White,case,9073,4393223,206.5,209,2022-09-08
2021,2,2021-01-10,2021-01-16,American Indian,case,107,59651,179.4,186,2022-09-08
2021,2,2021-01-10,2021-01-16,Asian/Pacific Islander,case,509,288741,176.3,180.1,2022-09-08
2021,2,2021-01-10,2021-01-16,Black/African American,case,729,379408,192.1,204.8,2022-09-08
2021,2,2021-01-10,2021-01-16,Hispanic,case,820,312653,262.3,282.4,2022-09-08
2021,2,2021-01-10,2021-01-16,Multiracial,case,205,128987,158.9,193.7,2022-09-08
2021,2,2021-01-10,2021-01-16,Total,case,8559,5562663,153.9,155,2022-09-08
2021,2,2021-01-10,2021-01-16,White,case,6189,4393223,140.9,141.1,2022-09-08
2021,3,2021-01-17,2021-01-23,American Indian,case,88,59651,147.5,149.3,2022-09-08
2021,3,2021-01-17,2021-01-23,Asian/Pacific Islander,case,345,288741,119.5,122,2022-09-08
2021,3,2021-01-17,2021-01-23,Black/African American,case,592,379408,156,165,2022-09-08
2021,3,2021-01-17,2021-01-23,Hispanic,case,670,312653,214.3,222.8,2022-09-08
2021,3,2021-01-17,2021-01-23,Multiracial,case,158,128987,122.5,161,2022-09-08
2021,3,2021-01-17,2021-01-23,Total,case,7484,5562663,134.5,135.5,2022-09-08
2021,3,2021-01-17,2021-01-23,White,case,5631,4393223,128.2,128.7,2022-09-08
2021,4,2021-01-24,2021-01-30,American Indian,case,49,59651,82.1,82.5,2022-09-08
2021,4,2021-01-24,2021-01-30,Asian/Pacific Islander,case,263,288741,91.1,93.3,2022-09-08
2021,4,2021-01-24,2021-01-30,Black/African American,case,415,379408,109.4,116.9,2022-09-08
2021,4,2021-01-24,2021-01-30,Hispanic,case,602,312653,192.5,200,2022-09-08
2021,4,2021-01-24,2021-01-30,Multiracial,case,141,128987,109.3,148.7,2022-09-08
2021,4,2021-01-24,2021-01-30,Total,case,6226,5562663,111.9,113.4,2022-09-08
2021,4,2021-01-24,2021-01-30,White,case,4756,4393223,108.3,110.1,2022-09-08
2021,5,2021-01-31,2021-02-06,American Indian,case,49,59651,82.1,84.8,2022-09-08
2021,5,2021-01-31,2021-02-06,Asian/Pacific Islander,case,249,288741,86.2,88.4,2022-09-08
2021,5,2021-01-31,2021-02-06,Black/African American,case,396,379408,104.4,110,2022-09-08
2021,5,2021-01-31,2021-02-06,Hispanic,case,451,312653,144.2,148.8,2022-09-08
2021,5,2021-01-31,2021-02-06,Multiracial,case,132,128987,102.3,128.2,2022-09-08
2021,5,2021-01-31,2021-02-06,Total,case,5910,5562663,106.2,107.2,2022-09-08
2021,5,2021-01-31,2021-02-06,White,case,4633,4393223,105.5,107.3,2022-09-08
2021,6,2021-02-07,2021-02-13,American Indian,case,61,59651,102.3,101.5,2022-09-08
2021,6,2021-02-07,2021-02-13,Asian/Pacific Islander,case,255,288741,88.3,89.8,2022-09-08
2021,6,2021-02-07,2021-02-13,Black/African American,case,318,379408,83.8,86.5,2022-09-08
2021,6,2021-02-07,2021-02-13,Hispanic,case,361,312653,115.5,121.8,2022-09-08
2021,6,2021-02-07,2021-02-13,Multiracial,case,116,128987,89.9,93.4,2022-09-08
2021,6,2021-02-07,2021-02-13,Total,case,5172,5562663,93,94,2022-09-08
2021,6,2021-02-07,2021-02-13,White,case,4061,4393223,92.4,94.1,2022-09-08
2021,7,2021-02-14,2021-02-20,American Indian,case,34,59651,57,57.6,2022-09-08
2021,7,2021-02-14,2021-02-20,Asian/Pacific Islander,case,262,288741,90.7,92.3,2022-09-08
2021,7,2021-02-14,2021-02-20,Black/African American,case,300,379408,79.1,81.2,2022-09-08
2021,7,2021-02-14,2021-02-20,Hispanic,case,416,312653,133.1,133.6,2022-09-08
2021,7,2021-02-14,2021-02-20,Multiracial,case,87,128987,67.4,80.3,2022-09-08
2021,7,2021-02-14,2021-02-20,Total,case,4931,5562663,88.6,90.4,2022-09-08
2021,7,2021-02-14,2021-02-20,White,case,3832,4393223,87.2,90.3,2022-09-08
2021,8,2021-02-21,2021-02-27,American Indian,case,39,59651,65.4,66.1,2022-09-08
2021,8,2021-02-21,2021-02-27,Asian/Pacific Islander,case,299,288741,103.6,105.1,2022-09-08
2021,8,2021-02-21,2021-02-27,Black/African American,case,257,379408,67.7,66.6,2022-09-08
2021,8,2021-02-21,2021-02-27,Hispanic,case,438,312653,140.1,143,2022-09-08
2021,8,2021-02-21,2021-02-27,Multiracial,case,92,128987,71.3,80.5,2022-09-08
2021,8,2021-02-21,2021-02-27,Total,case,5158,5562663,92.7,95.2,2022-09-08
2021,8,2021-02-21,2021-02-27,White,case,4033,4393223,91.8,96.3,2022-09-08
2021,9,2021-02-28,2021-03-06,American Indian,case,40,59651,67.1,67.6,2022-09-08
2021,9,2021-02-28,2021-03-06,Asian/Pacific Islander,case,226,288741,78.3,74.6,2022-09-08
2021,9,2021-02-28,2021-03-06,Black/African American,case,287,379408,75.6,75.1,2022-09-08
2021,9,2021-02-28,2021-03-06,Hispanic,case,323,312653,103.3,103.3,2022-09-08
2021,9,2021-02-28,2021-03-06,Multiracial,case,110,128987,85.3,97.6,2022-09-08
2021,9,2021-02-28,2021-03-06,Total,case,5345,5562663,96.1,97.7,2022-09-08
2021,9,2021-02-28,2021-03-06,White,case,4359,4393223,99.2,103,2022-09-08
2021,10,2021-03-07,2021-03-13,American Indian,case,60,59651,100.6,98.5,2022-09-08
2021,10,2021-03-07,2021-03-13,Asian/Pacific Islander,case,219,288741,75.8,74,2022-09-08
2021,10,2021-03-07,2021-03-13,Black/African American,case,343,379408,90.4,94,2022-09-08
2021,10,2021-03-07,2021-03-13,Hispanic,case,402,312653,128.6,132.2,2022-09-08
2021,10,2021-03-07,2021-03-13,Multiracial,case,116,128987,89.9,111.8,2022-09-08
2021,10,2021-03-07,2021-03-13,Total,case,6567,5562663,118.1,119.9,2022-09-08
2021,10,2021-03-07,2021-03-13,White,case,5427,4393223,123.5,128.5,2022-09-08
2021,11,2021-03-14,2021-03-20,American Indian,case,66,59651,110.6,105.4,2022-09-08
2021,11,2021-03-14,2021-03-20,Asian/Pacific Islander,case,237,288741,82.1,78.7,2022-09-08
2021,11,2021-03-14,2021-03-20,Black/African American,case,473,379408,124.7,127.2,2022-09-08
2021,11,2021-03-14,2021-03-20,Hispanic,case,500,312653,159.9,159.1,2022-09-08
2021,11,2021-03-14,2021-03-20,Multiracial,case,192,128987,148.9,193,2022-09-08
2021,11,2021-03-14,2021-03-20,Total,case,7943,5562663,142.8,146.1,2022-09-08
2021,11,2021-03-14,2021-03-20,White,case,6475,4393223,147.4,154.3,2022-09-08
2021,12,2021-03-21,2021-03-27,American Indian,case,72,59651,120.7,122.2,2022-09-08
2021,12,2021-03-21,2021-03-27,Asian/Pacific Islander,case,310,288741,107.4,105.2,2022-09-08
2021,12,2021-03-21,2021-03-27,Black/African American,case,550,379408,145,145.4,2022-09-08
2021,12,2021-03-21,2021-03-27,Hispanic,case,562,312653,179.8,178.6,2022-09-08
2021,12,2021-03-21,2021-03-27,Multiracial,case,231,128987,179.1,182.7,2022-09-08
2021,12,2021-03-21,2021-03-27,Total,case,10392,5562663,186.8,191.8,2022-09-08
2021,12,2021-03-21,2021-03-27,White,case,8667,4393223,197.3,207.4,2022-09-08
2021,13,2021-03-28,2021-04-03,American Indian,case,134,59651,224.6,222.1,2022-09-08
2021,13,2021-03-28,2021-04-03,Asian/Pacific Islander,case,429,288741,148.6,141.4,2022-09-08
2021,13,2021-03-28,2021-04-03,Black/African American,case,729,379408,192.1,191.8,2022-09-08
2021,13,2021-03-28,2021-04-03,Hispanic,case,815,312653,260.7,261.1,2022-09-08
2021,13,2021-03-28,2021-04-03,Multiracial,case,304,128987,235.7,264.3,2022-09-08
2021,13,2021-03-28,2021-04-03,Total,case,12839,5562663,230.8,237.1,2022-09-08
2021,13,2021-03-28,2021-04-03,White,case,10428,4393223,237.4,248.9,2022-09-08
2021,14,2021-04-04,2021-04-10,American Indian,case,138,59651,231.3,231.6,2022-09-08
2021,14,2021-04-04,2021-04-10,Asian/Pacific Islander,case,574,288741,198.8,187.6,2022-09-08
2021,14,2021-04-04,2021-04-10,Black/African American,case,997,379408,262.8,259.3,2022-09-08
2021,14,2021-04-04,2021-04-10,Hispanic,case,908,312653,290.4,283.9,2022-09-08
2021,14,2021-04-04,2021-04-10,Multiracial,case,324,128987,251.2,280.7,2022-09-08
2021,14,2021-04-04,2021-04-10,Total,case,13679,5562663,245.9,253.6,2022-09-08
2021,14,2021-04-04,2021-04-10,White,case,10738,4393223,244.4,257.6,2022-09-08
2021,15,2021-04-11,2021-04-17,American Indian,case,144,59651,241.4,238.6,2022-09-08
2021,15,2021-04-11,2021-04-17,Asian/Pacific Islander,case,554,288741,191.9,180.4,2022-09-08
2021,15,2021-04-11,2021-04-17,Black/African American,case,1118,379408,294.7,293.3,2022-09-08
2021,15,2021-04-11,2021-04-17,Hispanic,case,942,312653,301.3,290.8,2022-09-08
2021,15,2021-04-11,2021-04-17,Multiracial,case,322,128987,249.6,295.8,2022-09-08
2021,15,2021-04-11,2021-04-17,Total,case,12897,5562663,231.8,239.9,2022-09-08
2021,15,2021-04-11,2021-04-17,White,case,9817,4393223,223.5,237,2022-09-08
2021,16,2021-04-18,2021-04-24,American Indian,case,132,59651,221.3,219.9,2022-09-08
2021,16,2021-04-18,2021-04-24,Asian/Pacific Islander,case,464,288741,160.7,152.3,2022-09-08
2021,16,2021-04-18,2021-04-24,Black/African American,case,857,379408,225.9,221.7,2022-09-08
2021,16,2021-04-18,2021-04-24,Hispanic,case,870,312653,278.3,267.6,2022-09-08
2021,16,2021-04-18,2021-04-24,Multiracial,case,343,128987,265.9,302.1,2022-09-08
2021,16,2021-04-18,2021-04-24,Total,case,10869,5562663,195.4,203.2,2022-09-08
2021,16,2021-04-18,2021-04-24,White,case,8203,4393223,186.7,199.8,2022-09-08
2021,17,2021-04-25,2021-05-01,American Indian,case,141,59651,236.4,231.1,2022-09-08
2021,17,2021-04-25,2021-05-01,Asian/Pacific Islander,case,491,288741,170,158.4,2022-09-08
2021,17,2021-04-25,2021-05-01,Black/African American,case,848,379408,223.5,216.1,2022-09-08
2021,17,2021-04-25,2021-05-01,Hispanic,case,932,312653,298.1,277.4,2022-09-08
2021,17,2021-04-25,2021-05-01,Multiracial,case,277,128987,214.8,226.8,2022-09-08
2021,17,2021-04-25,2021-05-01,Total,case,10326,5562663,185.6,193.9,2022-09-08
2021,17,2021-04-25,2021-05-01,White,case,7637,4393223,173.8,187.3,2022-09-08
2021,18,2021-05-02,2021-05-08,American Indian,case,130,59651,217.9,212.2,2022-09-08
2021,18,2021-05-02,2021-05-08,Asian/Pacific Islander,case,350,288741,121.2,114.6,2022-09-08
2021,18,2021-05-02,2021-05-08,Black/African American,case,740,379408,195,191.8,2022-09-08
2021,18,2021-05-02,2021-05-08,Hispanic,case,709,312653,226.8,217.5,2022-09-08
2021,18,2021-05-02,2021-05-08,Multiracial,case,214,128987,165.9,176.5,2022-09-08
2021,18,2021-05-02,2021-05-08,Total,case,7740,5562663,139.1,144.8,2022-09-08
2021,18,2021-05-02,2021-05-08,White,case,5597,4393223,127.4,136,2022-09-08
2021,19,2021-05-09,2021-05-15,American Indian,case,87,59651,145.8,139.6,2022-09-08
2021,19,2021-05-09,2021-05-15,Asian/Pacific Islander,case,225,288741,77.9,75.3,2022-09-08
2021,19,2021-05-09,2021-05-15,Black/African American,case,550,379408,145,138,2022-09-08
2021,19,2021-05-09,2021-05-15,Hispanic,case,498,312653,159.3,151.8,2022-09-08
2021,19,2021-05-09,2021-05-15,Multiracial,case,171,128987,132.6,139.2,2022-09-08
2021,19,2021-05-09,2021-05-15,Total,case,5347,5562663,96.1,99.8,2022-09-08
2021,19,2021-05-09,2021-05-15,White,case,3816,4393223,86.9,91.9,2022-09-08
2021,20,2021-05-16,2021-05-22,American Indian,case,64,59651,107.3,107.7,2022-09-08
2021,20,2021-05-16,2021-05-22,Asian/Pacific Islander,case,142,288741,49.2,45.7,2022-09-08
2021,20,2021-05-16,2021-05-22,Black/African American,case,464,379408,122.3,116.6,2022-09-08
2021,20,2021-05-16,2021-05-22,Hispanic,case,396,312653,126.7,121.2,2022-09-08
2021,20,2021-05-16,2021-05-22,Multiracial,case,129,128987,100,121,2022-09-08
2021,20,2021-05-16,2021-05-22,Total,case,3790,5562663,68.1,70.4,2022-09-08
2021,20,2021-05-16,2021-05-22,White,case,2595,4393223,59.1,61.6,2022-09-08
2021,21,2021-05-23,2021-05-29,American Indian,case,52,59651,87.2,87.4,2022-09-08
2021,21,2021-05-23,2021-05-29,Asian/Pacific Islander,case,95,288741,32.9,31.8,2022-09-08
2021,21,2021-05-23,2021-05-29,Black/African American,case,241,379408,63.5,62.7,2022-09-08
2021,21,2021-05-23,2021-05-29,Hispanic,case,194,312653,62,60.5,2022-09-08
2021,21,2021-05-23,2021-05-29,Multiracial,case,60,128987,46.5,56.9,2022-09-08
2021,21,2021-05-23,2021-05-29,Total,case,2064,5562663,37.1,37.9,2022-09-08
2021,21,2021-05-23,2021-05-29,White,case,1422,4393223,32.4,33.2,2022-09-08
2021,22,2021-05-30,2021-06-05,American Indian,case,28,59651,46.9,48.5,2022-09-08
2021,22,2021-05-30,2021-06-05,Asian/Pacific Islander,case,63,288741,21.8,20.8,2022-09-08
2021,22,2021-05-30,2021-06-05,Black/African American,case,180,379408,47.4,46.1,2022-09-08
2021,22,2021-05-30,2021-06-05,Hispanic,case,135,312653,43.2,43.7,2022-09-08
2021,22,2021-05-30,2021-06-05,Multiracial,case,42,128987,32.6,40.3,2022-09-08
2021,22,2021-05-30,2021-06-05,Total,case,1352,5562663,24.3,24.8,2022-09-08
2021,22,2021-05-30,2021-06-05,White,case,904,4393223,20.6,21,2022-09-08
2021,23,2021-06-06,2021-06-12,American Indian,case,18,59651,30.2,28,2022-09-08
2021,23,2021-06-06,2021-06-12,Asian/Pacific Islander,case,30,288741,10.4,10.3,2022-09-08
2021,23,2021-06-06,2021-06-12,Black/African American,case,151,379408,39.8,40.2,2022-09-08
2021,23,2021-06-06,2021-06-12,Hispanic,case,96,312653,30.7,31,2022-09-08
2021,23,2021-06-06,2021-06-12,Multiracial,case,28,128987,21.7,27.1,2022-09-08
2021,23,2021-06-06,2021-06-12,Total,case,951,5562663,17.1,17.6,2022-09-08
2021,23,2021-06-06,2021-06-12,White,case,628,4393223,14.3,14.7,2022-09-08
2021,24,2021-06-13,2021-06-19,American Indian,case,13,59651,21.8,22.3,2022-09-08
2021,24,2021-06-13,2021-06-19,Asian/Pacific Islander,case,32,288741,11.1,10.5,2022-09-08
2021,24,2021-06-13,2021-06-19,Black/African American,case,132,379408,34.8,34.9,2022-09-08
2021,24,2021-06-13,2021-06-19,Hispanic,case,68,312653,21.7,21,2022-09-08
2021,24,2021-06-13,2021-06-19,Multiracial,case,22,128987,17.1,16.5,2022-09-08
2021,24,2021-06-13,2021-06-19,Total,case,772,5562663,13.9,14,2022-09-08
2021,24,2021-06-13,2021-06-19,White,case,505,4393223,11.5,11.6,2022-09-08
2021,25,2021-06-20,2021-06-26,American Indian,case,11,59651,18.4,18.9,2022-09-08
2021,25,2021-06-20,2021-06-26,Asian/Pacific Islander,case,21,288741,7.3,7.3,2022-09-08
2021,25,2021-06-20,2021-06-26,Black/African American,case,103,379408,27.1,28.1,2022-09-08
2021,25,2021-06-20,2021-06-26,Hispanic,case,61,312653,19.5,19.6,2022-09-08
2021,25,2021-06-20,2021-06-26,Multiracial,case,30,128987,23.3,28.2,2022-09-08
2021,25,2021-06-20,2021-06-26,Total,case,649,5562663,11.7,11.9,2022-09-08
2021,25,2021-06-20,2021-06-26,White,case,423,4393223,9.6,9.8,2022-09-08
2021,26,2021-06-27,2021-07-03,American Indian,case,12,59651,20.1,21.4,2022-09-08
2021,26,2021-06-27,2021-07-03,Asian/Pacific Islander,case,33,288741,11.4,11.5,2022-09-08
2021,26,2021-06-27,2021-07-03,Black/African American,case,128,379408,33.7,32.6,2022-09-08
2021,26,2021-06-27,2021-07-03,Hispanic,case,50,312653,16,15.9,2022-09-08
2021,26,2021-06-27,2021-07-03,Multiracial,case,27,128987,20.9,31.9,2022-09-08
2021,26,2021-06-27,2021-07-03,Total,case,734,5562663,13.2,13.6,2022-09-08
2021,26,2021-06-27,2021-07-03,White,case,484,4393223,11,11.2,2022-09-08
2021,27,2021-07-04,2021-07-10,American Indian,case,13,59651,21.8,22.4,2022-09-08
2021,27,2021-07-04,2021-07-10,Asian/Pacific Islander,case,47,288741,16.3,15.3,2022-09-08
2021,27,2021-07-04,2021-07-10,Black/African American,case,194,379408,51.1,51.1,2022-09-08
2021,27,2021-07-04,2021-07-10,Hispanic,case,91,312653,29.1,30.7,2022-09-08
2021,27,2021-07-04,2021-07-10,Multiracial,case,24,128987,18.6,19.9,2022-09-08
2021,27,2021-07-04,2021-07-10,Total,case,957,5562663,17.2,17.7,2022-09-08
2021,27,2021-07-04,2021-07-10,White,case,588,4393223,13.4,13.3,2022-09-08
2021,28,2021-07-11,2021-07-17,American Indian,case,15,59651,25.1,25.1,2022-09-08
2021,28,2021-07-11,2021-07-17,Asian/Pacific Islander,case,69,288741,23.9,23.4,2022-09-08
2021,28,2021-07-11,2021-07-17,Black/African American,case,237,379408,62.5,63.5,2022-09-08
2021,28,2021-07-11,2021-07-17,Hispanic,case,94,312653,30.1,35.8,2022-09-08
2021,28,2021-07-11,2021-07-17,Multiracial,case,37,128987,28.7,39.3,2022-09-08
2021,28,2021-07-11,2021-07-17,Total,case,1510,5562663,27.1,27.7,2022-09-08
2021,28,2021-07-11,2021-07-17,White,case,1058,4393223,24.1,24.5,2022-09-08
2021,29,2021-07-18,2021-07-24,American Indian,case,19,59651,31.9,32.1,2022-09-08
2021,29,2021-07-18,2021-07-24,Asian/Pacific Islander,case,98,288741,33.9,32,2022-09-08
2021,29,2021-07-18,2021-07-24,Black/African American,case,338,379408,89.1,88.1,2022-09-08
2021,29,2021-07-18,2021-07-24,Hispanic,case,168,312653,53.7,57.5,2022-09-08
2021,29,2021-07-18,2021-07-24,Multiracial,case,83,128987,64.3,78.9,2022-09-08
2021,29,2021-07-18,2021-07-24,Total,case,2545,5562663,45.8,47.2,2022-09-08
2021,29,2021-07-18,2021-07-24,White,case,1839,4393223,41.9,43.5,2022-09-08
2021,30,2021-07-25,2021-07-31,American Indian,case,47,59651,78.8,80.8,2022-09-08
2021,30,2021-07-25,2021-07-31,Asian/Pacific Islander,case,171,288741,59.2,57.4,2022-09-08
2021,30,2021-07-25,2021-07-31,Black/African American,case,536,379408,141.3,140.8,2022-09-08
2021,30,2021-07-25,2021-07-31,Hispanic,case,260,312653,83.2,81.9,2022-09-08
2021,30,2021-07-25,2021-07-31,Multiracial,case,120,128987,93,118.3,2022-09-08
2021,30,2021-07-25,2021-07-31,Total,case,4202,5562663,75.5,78,2022-09-08
2021,30,2021-07-25,2021-07-31,White,case,3068,4393223,69.8,72.7,2022-09-08
2021,31,2021-08-01,2021-08-07,American Indian,case,66,59651,110.6,113.7,2022-09-08
2021,31,2021-08-01,2021-08-07,Asian/Pacific Islander,case,248,288741,85.9,84.5,2022-09-08
2021,31,2021-08-01,2021-08-07,Black/African American,case,693,379408,182.7,178.8,2022-09-08
2021,31,2021-08-01,2021-08-07,Hispanic,case,465,312653,148.7,148.7,2022-09-08
2021,31,2021-08-01,2021-08-07,Multiracial,case,144,128987,111.6,151.5,2022-09-08
2021,31,2021-08-01,2021-08-07,Total,case,6002,5562663,107.9,111.1,2022-09-08
2021,31,2021-08-01,2021-08-07,White,case,4386,4393223,99.8,103.2,2022-09-08
2021,32,2021-08-08,2021-08-14,American Indian,case,77,59651,129.1,134.9,2022-09-08
2021,32,2021-08-08,2021-08-14,Asian/Pacific Islander,case,271,288741,93.9,89.2,2022-09-08
2021,32,2021-08-08,2021-08-14,Black/African American,case,841,379408,221.7,218.5,2022-09-08
2021,32,2021-08-08,2021-08-14,Hispanic,case,603,312653,192.9,188.1,2022-09-08
2021,32,2021-08-08,2021-08-14,Multiracial,case,186,128987,144.2,172.5,2022-09-08
2021,32,2021-08-08,2021-08-14,Total,case,7672,5562663,137.9,141.9,2022-09-08
2021,32,2021-08-08,2021-08-14,White,case,5694,4393223,129.6,134.5,2022-09-08
2021,33,2021-08-15,2021-08-21,American Indian,case,126,59651,211.2,210.3,2022-09-08
2021,33,2021-08-15,2021-08-21,Asian/Pacific Islander,case,402,288741,139.2,133.3,2022-09-08
2021,33,2021-08-15,2021-08-21,Black/African American,case,858,379408,226.1,224.5,2022-09-08
2021,33,2021-08-15,2021-08-21,Hispanic,case,706,312653,225.8,226.6,2022-09-08
2021,33,2021-08-15,2021-08-21,Multiracial,case,191,128987,148.1,186.1,2022-09-08
2021,33,2021-08-15,2021-08-21,Total,case,9445,5562663,169.8,173.2,2022-09-08
2021,33,2021-08-15,2021-08-21,White,case,7162,4393223,163,167,2022-09-08
2021,34,2021-08-22,2021-08-28,American Indian,case,151,59651,253.1,253.9,2022-09-08
2021,34,2021-08-22,2021-08-28,Asian/Pacific Islander,case,373,288741,129.2,127.9,2022-09-08
2021,34,2021-08-22,2021-08-28,Black/African American,case,786,379408,207.2,200.5,2022-09-08
2021,34,2021-08-22,2021-08-28,Hispanic,case,691,312653,221,214.8,2022-09-08
2021,34,2021-08-22,2021-08-28,Multiracial,case,202,128987,156.6,180.1,2022-09-08
2021,34,2021-08-22,2021-08-28,Total,case,9857,5562663,177.2,181.1,2022-09-08
2021,34,2021-08-22,2021-08-28,White,case,7654,4393223,174.2,179.8,2022-09-08
2021,35,2021-08-29,2021-09-04,American Indian,case,196,59651,328.6,334.2,2022-09-08
2021,35,2021-08-29,2021-09-04,Asian/Pacific Islander,case,372,288741,128.8,125.9,2022-09-08
2021,35,2021-08-29,2021-09-04,Black/African American,case,893,379408,235.4,230.2,2022-09-08
2021,35,2021-08-29,2021-09-04,Hispanic,case,738,312653,236,231.2,2022-09-08
2021,35,2021-08-29,2021-09-04,Multiracial,case,276,128987,214,255.3,2022-09-08
2021,35,2021-08-29,2021-09-04,Total,case,11208,5562663,201.5,206.3,2022-09-08
2021,35,2021-08-29,2021-09-04,White,case,8733,4393223,198.8,205.4,2022-09-08
2021,36,2021-09-05,2021-09-11,American Indian,case,222,59651,372.2,375.5,2022-09-08
2021,36,2021-09-05,2021-09-11,Asian/Pacific Islander,case,343,288741,118.8,112.9,2022-09-08
2021,36,2021-09-05,2021-09-11,Black/African American,case,875,379408,230.6,226.8,2022-09-08
2021,36,2021-09-05,2021-09-11,Hispanic,case,685,312653,219.1,214.9,2022-09-08
2021,36,2021-09-05,2021-09-11,Multiracial,case,266,128987,206.2,244.6,2022-09-08
2021,36,2021-09-05,2021-09-11,Total,case,11665,5562663,209.7,215,2022-09-08
2021,36,2021-09-05,2021-09-11,White,case,9274,4393223,211.1,219.9,2022-09-08
2021,37,2021-09-12,2021-09-18,American Indian,case,359,59651,601.8,577.6,2022-09-08
2021,37,2021-09-12,2021-09-18,Asian/Pacific Islander,case,493,288741,170.7,164.5,2022-09-08
2021,37,2021-09-12,2021-09-18,Black/African American,case,913,379408,240.6,228.7,2022-09-08
2021,37,2021-09-12,2021-09-18,Hispanic,case,855,312653,273.5,255.8,2022-09-08
2021,37,2021-09-12,2021-09-18,Multiracial,case,298,128987,231,275.7,2022-09-08
2021,37,2021-09-12,2021-09-18,Total,case,14236,5562663,255.9,264,2022-09-08
2021,37,2021-09-12,2021-09-18,White,case,11318,4393223,257.6,273.2,2022-09-08
2021,38,2021-09-19,2021-09-25,American Indian,case,432,59651,724.2,709.3,2022-09-08
2021,38,2021-09-19,2021-09-25,Asian/Pacific Islander,case,473,288741,163.8,157.6,2022-09-08
2021,38,2021-09-19,2021-09-25,Black/African American,case,937,379408,247,234.7,2022-09-08
2021,38,2021-09-19,2021-09-25,Hispanic,case,834,312653,266.7,253.5,2022-09-08
2021,38,2021-09-19,2021-09-25,Multiracial,case,318,128987,246.5,268.9,2022-09-08
2021,38,2021-09-19,2021-09-25,Total,case,15515,5562663,278.9,287.7,2022-09-08
2021,38,2021-09-19,2021-09-25,White,case,12521,4393223,285,303.5,2022-09-08
2021,39,2021-09-26,2021-10-02,American Indian,case,430,59651,720.9,698.4,2022-09-08
2021,39,2021-09-26,2021-10-02,Asian/Pacific Islander,case,479,288741,165.9,156.8,2022-09-08
2021,39,2021-09-26,2021-10-02,Black/African American,case,1102,379408,290.5,270.7,2022-09-08
2021,39,2021-09-26,2021-10-02,Hispanic,case,919,312653,293.9,285.3,2022-09-08
2021,39,2021-09-26,2021-10-02,Multiracial,case,403,128987,312.4,324.6,2022-09-08
2021,39,2021-09-26,2021-10-02,Total,case,18724,5562663,336.6,346.2,2022-09-08
2021,39,2021-09-26,2021-10-02,White,case,15391,4393223,350.3,370.1,2022-09-08
2021,40,2021-10-03,2021-10-09,American Indian,case,388,59651,650.5,640.1,2022-09-08
2021,40,2021-10-03,2021-10-09,Asian/Pacific Islander,case,475,288741,164.5,158.7,2022-09-08
2021,40,2021-10-03,2021-10-09,Black/African American,case,998,379408,263,251.7,2022-09-08
2021,40,2021-10-03,2021-10-09,Hispanic,case,911,312653,291.4,287.8,2022-09-08
2021,40,2021-10-03,2021-10-09,Multiracial,case,367,128987,284.5,338.3,2022-09-08
2021,40,2021-10-03,2021-10-09,Total,case,18419,5562663,331.1,337.8,2022-09-08
2021,40,2021-10-03,2021-10-09,White,case,15280,4393223,347.8,361.8,2022-09-08
2021,41,2021-10-10,2021-10-16,American Indian,case,331,59651,554.9,570,2022-09-08
2021,41,2021-10-10,2021-10-16,Asian/Pacific Islander,case,438,288741,151.7,143.5,2022-09-08
2021,41,2021-10-10,2021-10-16,Black/African American,case,834,379408,219.8,211.4,2022-09-08
2021,41,2021-10-10,2021-10-16,Hispanic,case,825,312653,263.9,258.6,2022-09-08
2021,41,2021-10-10,2021-10-16,Multiracial,case,370,128987,286.9,328.4,2022-09-08
2021,41,2021-10-10,2021-10-16,Total,case,15419,5562663,277.2,282.2,2022-09-08
2021,41,2021-10-10,2021-10-16,White,case,12621,4393223,287.3,297.8,2022-09-08
2021,42,2021-10-17,2021-10-23,American Indian,case,280,59651,469.4,460.6,2022-09-08
2021,42,2021-10-17,2021-10-23,Asian/Pacific Islander,case,448,288741,155.2,146.5,2022-09-08
2021,42,2021-10-17,2021-10-23,Black/African American,case,776,379408,204.5,200.9,2022-09-08
2021,42,2021-10-17,2021-10-23,Hispanic,case,713,312653,228,216.5,2022-09-08
2021,42,2021-10-17,2021-10-23,Multiracial,case,332,128987,257.4,299.1,2022-09-08
2021,42,2021-10-17,2021-10-23,Total,case,13816,5562663,248.4,252.4,2022-09-08
2021,42,2021-10-17,2021-10-23,White,case,11267,4393223,256.5,264.7,2022-09-08
2021,43,2021-10-24,2021-10-30,American Indian,case,365,59651,611.9,613.5,2022-09-08
2021,43,2021-10-24,2021-10-30,Asian/Pacific Islander,case,582,288741,201.6,197.2,2022-09-08
2021,43,2021-10-24,2021-10-30,Black/African American,case,882,379408,232.5,225.1,2022-09-08
2021,43,2021-10-24,2021-10-30,Hispanic,case,822,312653,262.9,251.4,2022-09-08
2021,43,2021-10-24,2021-10-30,Multiracial,case,413,128987,320.2,379.5,2022-09-08
2021,43,2021-10-24,2021-10-30,Total,case,16722,5562663,300.6,304.7,2022-09-08
2021,43,2021-10-24,2021-10-30,White,case,13658,4393223,310.9,319.3,2022-09-08
2021,44,2021-10-31,2021-11-06,American Indian,case,474,59651,794.6,782,2022-09-08
2021,44,2021-10-31,2021-11-06,Asian/Pacific Islander,case,745,288741,258,244.7,2022-09-08
2021,44,2021-10-31,2021-11-06,Black/African American,case,1122,379408,295.7,287.4,2022-09-08
2021,44,2021-10-31,2021-11-06,Hispanic,case,1094,312653,349.9,336.2,2022-09-08
2021,44,2021-10-31,2021-11-06,Multiracial,case,588,128987,455.9,533.2,2022-09-08
2021,44,2021-10-31,2021-11-06,Total,case,22102,5562663,397.3,406,2022-09-08
2021,44,2021-10-31,2021-11-06,White,case,18079,4393223,411.5,428.8,2022-09-08
2021,45,2021-11-07,2021-11-13,American Indian,case,464,59651,777.9,767.3,2022-09-08
2021,45,2021-11-07,2021-11-13,Asian/Pacific Islander,case,988,288741,342.2,324.8,2022-09-08
2021,45,2021-11-07,2021-11-13,Black/African American,case,1387,379408,365.6,358.1,2022-09-08
2021,45,2021-11-07,2021-11-13,Hispanic,case,1314,312653,420.3,401.7,2022-09-08
2021,45,2021-11-07,2021-11-13,Multiracial,case,682,128987,528.7,655.6,2022-09-08
2021,45,2021-11-07,2021-11-13,Total,case,26009,5562663,467.6,478.9,2022-09-08
2021,45,2021-11-07,2021-11-13,White,case,21174,4393223,482,505.6,2022-09-08
2021,46,2021-11-14,2021-11-20,American Indian,case,431,59651,722.5,714.7,2022-09-08
2021,46,2021-11-14,2021-11-20,Asian/Pacific Islander,case,1015,288741,351.5,337.3,2022-09-08
2021,46,2021-11-14,2021-11-20,Black/African American,case,1528,379408,402.7,388.4,2022-09-08
2021,46,2021-11-14,2021-11-20,Hispanic,case,1433,312653,458.3,446,2022-09-08
2021,46,2021-11-14,2021-11-20,Multiracial,case,710,128987,550.4,605.8,2022-09-08
2021,46,2021-11-14,2021-11-20,Total,case,27169,5562663,488.4,501.2,2022-09-08
2021,46,2021-11-14,2021-11-20,White,case,22052,4393223,502,529.1,2022-09-08
2021,47,2021-11-21,2021-11-27,American Indian,case,302,59651,506.3,500.5,2022-09-08
2021,47,2021-11-21,2021-11-27,Asian/Pacific Islander,case,892,288741,308.9,296.3,2022-09-08
2021,47,2021-11-21,2021-11-27,Black/African American,case,1290,379408,340,332.8,2022-09-08
2021,47,2021-11-21,2021-11-27,Hispanic,case,1196,312653,382.5,371.6,2022-09-08
2021,47,2021-11-21,2021-11-27,Multiracial,case,645,128987,500.1,580.2,2022-09-08
2021,47,2021-11-21,2021-11-27,Total,case,22809,5562663,410,419.9,2022-09-08
2021,47,2021-11-21,2021-11-27,White,case,18484,4393223,420.7,440.1,2022-09-08
2021,48,2021-11-28,2021-12-04,American Indian,case,355,59651,595.1,589,2022-09-08
2021,48,2021-11-28,2021-12-04,Asian/Pacific Islander,case,1563,288741,541.3,515.1,2022-09-08
2021,48,2021-11-28,2021-12-04,Black/African American,case,2090,379408,550.9,532.9,2022-09-08
2021,48,2021-11-28,2021-12-04,Hispanic,case,1868,312653,597.5,579.2,2022-09-08
2021,48,2021-11-28,2021-12-04,Multiracial,case,800,128987,620.2,748.7,2022-09-08
2021,48,2021-11-28,2021-12-04,Total,case,30249,5562663,543.8,558.6,2022-09-08
2021,48,2021-11-28,2021-12-04,White,case,23573,4393223,536.6,561.6,2022-09-08
2021,49,2021-12-05,2021-12-11,American Indian,case,282,59651,472.7,477,2022-09-08
2021,49,2021-12-05,2021-12-11,Asian/Pacific Islander,case,1103,288741,382,364.1,2022-09-08
2021,49,2021-12-05,2021-12-11,Black/African American,case,1654,379408,435.9,428.8,2022-09-08
2021,49,2021-12-05,2021-12-11,Hispanic,case,1230,312653,393.4,382.8,2022-09-08
2021,49,2021-12-05,2021-12-11,Multiracial,case,509,128987,394.6,468.5,2022-09-08
2021,49,2021-12-05,2021-12-11,Total,case,20819,5562663,374.3,383,2022-09-08
2021,49,2021-12-05,2021-12-11,White,case,16041,4393223,365.1,379.3,2022-09-08
2021,50,2021-12-12,2021-12-18,American Indian,case,263,59651,440.9,440.2,2022-09-08
2021,50,2021-12-12,2021-12-18,Asian/Pacific Islander,case,1025,288741,355,333.6,2022-09-08
2021,50,2021-12-12,2021-12-18,Black/African American,case,1692,379408,446,445,2022-09-08
2021,50,2021-12-12,2021-12-18,Hispanic,case,1227,312653,392.4,386.9,2022-09-08
2021,50,2021-12-12,2021-12-18,Multiracial,case,493,128987,382.2,451.2,2022-09-08
2021,50,2021-12-12,2021-12-18,Total,case,18975,5562663,341.1,351.2,2022-09-08
2021,50,2021-12-12,2021-12-18,White,case,14275,4393223,324.9,340.1,2022-09-08
2021,51,2021-12-19,2021-12-25,American Indian,case,243,59651,407.4,406.7,2022-09-08
2021,51,2021-12-19,2021-12-25,Asian/Pacific Islander,case,1067,288741,369.5,346.7,2022-09-08
2021,51,2021-12-19,2021-12-25,Black/African American,case,2729,379408,719.3,710.7,2022-09-08
2021,51,2021-12-19,2021-12-25,Hispanic,case,1288,312653,412,416.2,2022-09-08
2021,51,2021-12-19,2021-12-25,Multiracial,case,568,128987,440.4,527.9,2022-09-08
2021,51,2021-12-19,2021-12-25,Total,case,20958,5562663,376.8,392.4,2022-09-08
2021,51,2021-12-19,2021-12-25,White,case,15063,4393223,342.9,363.9,2022-09-08
2021,52,2021-12-26,2022-01-01,American Indian,case,479,59651,803,816.3,2022-09-08
2021,52,2021-12-26,2022-01-01,Asian/Pacific Islander,case,3333,288741,1154.3,1076.9,2022-09-08
2021,52,2021-12-26,2022-01-01,Black/African American,case,6842,379408,1803.3,1803.2,2022-09-08
2021,52,2021-12-26,2022-01-01,Hispanic,case,3783,312653,1210,1200.4,2022-09-08
2021,52,2021-12-26,2022-01-01,Multiracial,case,1209,128987,937.3,1154.7,2022-09-08
2021,52,2021-12-26,2022-01-01,Total,case,45984,5562663,826.7,861.2,2022-09-08
2021,52,2021-12-26,2022-01-01,White,case,30338,4393223,690.6,727.1,2022-09-08
2022,1,2022-01-02,2022-01-08,American Indian,case,974,59651,1632.8,1661.2,2022-09-08
2022,1,2022-01-02,2022-01-08,Asian/Pacific Islander,case,6538,288741,2264.3,2133.1,2022-09-08
2022,1,2022-01-02,2022-01-08,Black/African American,case,10799,379408,2846.3,2805.2,2022-09-08
2022,1,2022-01-02,2022-01-08,Hispanic,case,7113,312653,2275,2224.1,2022-09-08
2022,1,2022-01-02,2022-01-08,Multiracial,case,2018,128987,1564.5,1903.8,2022-09-08
2022,1,2022-01-02,2022-01-08,Total,case,80711,5562663,1450.9,1519,2022-09-08
2022,1,2022-01-02,2022-01-08,White,case,53269,4393223,1212.5,1292.8,2022-09-08
2022,2,2022-01-09,2022-01-15,American Indian,case,1275,59651,2137.4,2144.5,2022-09-08
2022,2,2022-01-09,2022-01-15,Asian/Pacific Islander,case,5475,288741,1896.2,1809,2022-09-08
2022,2,2022-01-09,2022-01-15,Black/African American,case,7331,379408,1932.2,1904.5,2022-09-08
2022,2,2022-01-09,2022-01-15,Hispanic,case,6604,312653,2112.2,2055.5,2022-09-08
2022,2,2022-01-09,2022-01-15,Multiracial,case,1908,128987,1479.2,1830.4,2022-09-08
2022,2,2022-01-09,2022-01-15,Total,case,79672,5562663,1432.3,1489,2022-09-08
2022,2,2022-01-09,2022-01-15,White,case,57079,4393223,1299.3,1383.5,2022-09-08
2022,3,2022-01-16,2022-01-22,American Indian,case,1106,59651,1854.1,1853.2,2022-09-08
2022,3,2022-01-16,2022-01-22,Asian/Pacific Islander,case,3647,288741,1263.1,1220.3,2022-09-08
2022,3,2022-01-16,2022-01-22,Black/African American,case,4094,379408,1079,1081.5,2022-09-08
2022,3,2022-01-16,2022-01-22,Hispanic,case,3978,312653,1272.3,1262.3,2022-09-08
2022,3,2022-01-16,2022-01-22,Multiracial,case,1440,128987,1116.4,1397,2022-09-08
2022,3,2022-01-16,2022-01-22,Total,case,60841,5562663,1093.7,1127.5,2022-09-08
2022,3,2022-01-16,2022-01-22,White,case,46576,4393223,1060.2,1117.5,2022-09-08
2022,4,2022-01-23,2022-01-29,American Indian,case,742,59651,1243.9,1248.6,2022-09-08
2022,4,2022-01-23,2022-01-29,Asian/Pacific Islander,case,1949,288741,675,663.4,2022-09-08
2022,4,2022-01-23,2022-01-29,Black/African American,case,1896,379408,499.7,506.9,2022-09-08
2022,4,2022-01-23,2022-01-29,Hispanic,case,2099,312653,671.4,661.2,2022-09-08
2022,4,2022-01-23,2022-01-29,Multiracial,case,871,128987,675.3,893.3,2022-09-08
2022,4,2022-01-23,2022-01-29,Total,case,36224,5562663,651.2,664.4,2022-09-08
2022,4,2022-01-23,2022-01-29,White,case,28667,4393223,652.5,676.6,2022-09-08
2022,5,2022-01-30,2022-02-05,American Indian,case,454,59651,761.1,773.5,2022-09-08
2022,5,2022-01-30,2022-02-05,Asian/Pacific Islander,case,1040,288741,360.2,355.6,2022-09-08
2022,5,2022-01-30,2022-02-05,Black/African American,case,1009,379408,265.9,270.7,2022-09-08
2022,5,2022-01-30,2022-02-05,Hispanic,case,1212,312653,387.7,381.6,2022-09-08
2022,5,2022-01-30,2022-02-05,Multiracial,case,525,128987,407,501,2022-09-08
2022,5,2022-01-30,2022-02-05,Total,case,21340,5562663,383.6,388.4,2022-09-08
2022,5,2022-01-30,2022-02-05,White,case,17100,4393223,389.2,396.8,2022-09-08
2022,6,2022-02-06,2022-02-12,American Indian,case,255,59651,427.5,428.2,2022-09-08
2022,6,2022-02-06,2022-02-12,Asian/Pacific Islander,case,688,288741,238.3,233.2,2022-09-08
2022,6,2022-02-06,2022-02-12,Black/African American,case,697,379408,183.7,185.9,2022-09-08
2022,6,2022-02-06,2022-02-12,Hispanic,case,748,312653,239.2,237.5,2022-09-08
2022,6,2022-02-06,2022-02-12,Multiracial,case,346,128987,268.2,347.5,2022-09-08
2022,6,2022-02-06,2022-02-12,Total,case,13310,5562663,239.3,241.2,2022-09-08
2022,6,2022-02-06,2022-02-12,White,case,10576,4393223,240.7,244.1,2022-09-08
2022,7,2022-02-13,2022-02-19,American Indian,case,191,59651,320.2,331.3,2022-09-08
2022,7,2022-02-13,2022-02-19,Asian/Pacific Islander,case,381,288741,132,130.2,2022-09-08
2022,7,2022-02-13,2022-02-19,Black/African American,case,388,379408,102.3,107.9,2022-09-08
2022,7,2022-02-13,2022-02-19,Hispanic,case,389,312653,124.4,126.6,2022-09-08
2022,7,2022-02-13,2022-02-19,Multiracial,case,222,128987,172.1,190.8,2022-09-08
2022,7,2022-02-13,2022-02-19,Total,case,7834,5562663,140.8,141.1,2022-09-08
2022,7,2022-02-13,2022-02-19,White,case,6263,4393223,142.6,142.8,2022-09-08
2022,8,2022-02-20,2022-02-26,American Indian,case,108,59651,181.1,184.2,2022-09-08
2022,8,2022-02-20,2022-02-26,Asian/Pacific Islander,case,229,288741,79.3,77,2022-09-08
2022,8,2022-02-20,2022-02-26,Black/African American,case,245,379408,64.6,64.2,2022-09-08
2022,8,2022-02-20,2022-02-26,Hispanic,case,261,312653,83.5,84.9,2022-09-08
2022,8,2022-02-20,2022-02-26,Multiracial,case,146,128987,113.2,127.2,2022-09-08
2022,8,2022-02-20,2022-02-26,Total,case,4788,5562663,86.1,86.5,2022-09-08
2022,8,2022-02-20,2022-02-26,White,case,3799,4393223,86.5,87.1,2022-09-08
2022,9,2022-02-27,2022-03-05,American Indian,case,90,59651,150.9,155.5,2022-09-08
2022,9,2022-02-27,2022-03-05,Asian/Pacific Islander,case,197,288741,68.2,65.4,2022-09-08
2022,9,2022-02-27,2022-03-05,Black/African American,case,198,379408,52.2,56.6,2022-09-08
2022,9,2022-02-27,2022-03-05,Hispanic,case,200,312653,64,63.9,2022-09-08
2022,9,2022-02-27,2022-03-05,Multiracial,case,92,128987,71.3,91.2,2022-09-08
2022,9,2022-02-27,2022-03-05,Total,case,3465,5562663,62.3,62.3,2022-09-08
2022,9,2022-02-27,2022-03-05,White,case,2688,4393223,61.2,60.9,2022-09-08
2022,10,2022-03-06,2022-03-12,American Indian,case,42,59651,70.4,69.4,2022-09-08
2022,10,2022-03-06,2022-03-12,Asian/Pacific Islander,case,157,288741,54.4,53.2,2022-09-08
2022,10,2022-03-06,2022-03-12,Black/African American,case,155,379408,40.9,44.8,2022-09-08
2022,10,2022-03-06,2022-03-12,Hispanic,case,105,312653,33.6,33.5,2022-09-08
2022,10,2022-03-06,2022-03-12,Multiracial,case,65,128987,50.4,65.7,2022-09-08
2022,10,2022-03-06,2022-03-12,Total,case,2575,5562663,46.3,46.4,2022-09-08
2022,10,2022-03-06,2022-03-12,White,case,2051,4393223,46.7,46.7,2022-09-08
2022,11,2022-03-13,2022-03-19,American Indian,case,52,59651,87.2,89.3,2022-09-08
2022,11,2022-03-13,2022-03-19,Asian/Pacific Islander,case,156,288741,54,52.7,2022-09-08
2022,11,2022-03-13,2022-03-19,Black/African American,case,142,379408,37.4,40.4,2022-09-08
2022,11,2022-03-13,2022-03-19,Hispanic,case,126,312653,40.3,38.8,2022-09-08
2022,11,2022-03-13,2022-03-19,Multiracial,case,59,128987,45.7,62.1,2022-09-08
2022,11,2022-03-13,2022-03-19,Total,case,2391,5562663,43,43.2,2022-09-08
2022,11,2022-03-13,2022-03-19,White,case,1856,4393223,42.2,42.5,2022-09-08
2022,12,2022-03-20,2022-03-26,American Indian,case,33,59651,55.3,57.5,2022-09-08
2022,12,2022-03-20,2022-03-26,Asian/Pacific Islander,case,138,288741,47.8,47.2,2022-09-08
2022,12,2022-03-20,2022-03-26,Black/African American,case,123,379408,32.4,33.2,2022-09-08
2022,12,2022-03-20,2022-03-26,Hispanic,case,110,312653,35.2,38.3,2022-09-08
2022,12,2022-03-20,2022-03-26,Multiracial,case,62,128987,48.1,57.7,2022-09-08
2022,12,2022-03-20,2022-03-26,Total,case,2436,5562663,43.8,43.5,2022-09-08
2022,12,2022-03-20,2022-03-26,White,case,1970,4393223,44.8,43.8,2022-09-08
2022,13,2022-03-27,2022-04-02,American Indian,case,42,59651,70.4,70.9,2022-09-08
2022,13,2022-03-27,2022-04-02,Asian/Pacific Islander,case,140,288741,48.5,47.4,2022-09-08
2022,13,2022-03-27,2022-04-02,Black/African American,case,133,379408,35.1,35.8,2022-09-08
2022,13,2022-03-27,2022-04-02,Hispanic,case,121,312653,38.7,39.6,2022-09-08
2022,13,2022-03-27,2022-04-02,Multiracial,case,52,128987,40.3,50.6,2022-09-08
2022,13,2022-03-27,2022-04-02,Total,case,2531,5562663,45.5,45.6,2022-09-08
2022,13,2022-03-27,2022-04-02,White,case,2043,4393223,46.5,46.2,2022-09-08
2022,14,2022-04-03,2022-04-09,American Indian,case,34,59651,57,59.8,2022-09-08
2022,14,2022-04-03,2022-04-09,Asian/Pacific Islander,case,181,288741,62.7,64,2022-09-08
2022,14,2022-04-03,2022-04-09,Black/African American,case,170,379408,44.8,44.6,2022-09-08
2022,14,2022-04-03,2022-04-09,Hispanic,case,135,312653,43.2,43.2,2022-09-08
2022,14,2022-04-03,2022-04-09,Multiracial,case,58,128987,45,48.7,2022-09-08
2022,14,2022-04-03,2022-04-09,Total,case,3188,5562663,57.3,57,2022-09-08
2022,14,2022-04-03,2022-04-09,White,case,2610,4393223,59.4,58.2,2022-09-08
2022,15,2022-04-10,2022-04-16,American Indian,case,57,59651,95.6,100.5,2022-09-08
2022,15,2022-04-10,2022-04-16,Asian/Pacific Islander,case,269,288741,93.2,93.9,2022-09-08
2022,15,2022-04-10,2022-04-16,Black/African American,case,256,379408,67.5,72.2,2022-09-08
2022,15,2022-04-10,2022-04-16,Hispanic,case,192,312653,61.4,65.2,2022-09-08
2022,15,2022-04-10,2022-04-16,Multiracial,case,75,128987,58.1,75.3,2022-09-08
2022,15,2022-04-10,2022-04-16,Total,case,4837,5562663,87,86.5,2022-09-08
2022,15,2022-04-10,2022-04-16,White,case,3988,4393223,90.8,89.6,2022-09-08
2022,16,2022-04-17,2022-04-23,American Indian,case,66,59651,110.6,117.8,2022-09-08
2022,16,2022-04-17,2022-04-23,Asian/Pacific Islander,case,383,288741,132.6,129.4,2022-09-08
2022,16,2022-04-17,2022-04-23,Black/African American,case,359,379408,94.6,102.4,2022-09-08
2022,16,2022-04-17,2022-04-23,Hispanic,case,331,312653,105.9,108.9,2022-09-08
2022,16,2022-04-17,2022-04-23,Multiracial,case,98,128987,76,112.9,2022-09-08
2022,16,2022-04-17,2022-04-23,Total,case,6617,5562663,119,118.6,2022-09-08
2022,16,2022-04-17,2022-04-23,White,case,5380,4393223,122.5,121.2,2022-09-08
2022,17,2022-04-24,2022-04-30,American Indian,case,105,59651,176,176.7,2022-09-08
2022,17,2022-04-24,2022-04-30,Asian/Pacific Islander,case,593,288741,205.4,200.5,2022-09-08
2022,17,2022-04-24,2022-04-30,Black/African American,case,568,379408,149.7,153.3,2022-09-08
2022,17,2022-04-24,2022-04-30,Hispanic,case,403,312653,128.9,137.3,2022-09-08
2022,17,2022-04-24,2022-04-30,Multiracial,case,131,128987,101.6,134.2,2022-09-08
2022,17,2022-04-24,2022-04-30,Total,case,9230,5562663,165.9,165.6,2022-09-08
2022,17,2022-04-24,2022-04-30,White,case,7430,4393223,169.1,167.5,2022-09-08
2022,18,2022-05-01,2022-05-07,American Indian,case,115,59651,192.8,197.9,2022-09-08
2022,18,2022-05-01,2022-05-07,Asian/Pacific Islander,case,744,288741,257.7,251.4,2022-09-08
2022,18,2022-05-01,2022-05-07,Black/African American,case,840,379408,221.4,228.3,2022-09-08
2022,18,2022-05-01,2022-05-07,Hispanic,case,536,312653,171.4,184.4,2022-09-08
2022,18,2022-05-01,2022-05-07,Multiracial,case,160,128987,124,163.3,2022-09-08
2022,18,2022-05-01,2022-05-07,Total,case,12218,5562663,219.6,219.4,2022-09-08
2022,18,2022-05-01,2022-05-07,White,case,9823,4393223,223.6,221.5,2022-09-08
2022,19,2022-05-08,2022-05-14,American Indian,case,114,59651,191.1,204.1,2022-09-08
2022,19,2022-05-08,2022-05-14,Asian/Pacific Islander,case,829,288741,287.1,283.9,2022-09-08
2022,19,2022-05-08,2022-05-14,Black/African American,case,907,379408,239.1,252.2,2022-09-08
2022,19,2022-05-08,2022-05-14,Hispanic,case,568,312653,181.7,193.5,2022-09-08
2022,19,2022-05-08,2022-05-14,Multiracial,case,162,128987,125.6,164.5,2022-09-08
2022,19,2022-05-08,2022-05-14,Total,case,12945,5562663,232.7,231.2,2022-09-08
2022,19,2022-05-08,2022-05-14,White,case,10365,4393223,235.9,231.8,2022-09-08
2022,20,2022-05-15,2022-05-21,American Indian,case,138,59651,231.3,237.4,2022-09-08
2022,20,2022-05-15,2022-05-21,Asian/Pacific Islander,case,752,288741,260.4,251.4,2022-09-08
2022,20,2022-05-15,2022-05-21,Black/African American,case,835,379408,220.1,234.9,2022-09-08
2022,20,2022-05-15,2022-05-21,Hispanic,case,534,312653,170.8,186.3,2022-09-08
2022,20,2022-05-15,2022-05-21,Multiracial,case,146,128987,113.2,162.6,2022-09-08
2022,20,2022-05-15,2022-05-21,Total,case,10949,5562663,196.8,195.7,2022-09-08
2022,20,2022-05-15,2022-05-21,White,case,8544,4393223,194.5,190.6,2022-09-08
2022,21,2022-05-22,2022-05-28,American Indian,case,157,59651,263.2,263.2,2022-09-08
2022,21,2022-05-22,2022-05-28,Asian/Pacific Islander,case,660,288741,228.6,226.7,2022-09-08
2022,21,2022-05-22,2022-05-28,Black/African American,case,773,379408,203.7,217.7,2022-09-08
2022,21,2022-05-22,2022-05-28,Hispanic,case,510,312653,163.1,170.1,2022-09-08
2022,21,2022-05-22,2022-05-28,Multiracial,case,138,128987,107,160.6,2022-09-08
2022,21,2022-05-22,2022-05-28,Total,case,10373,5562663,186.5,184.8,2022-09-08
2022,21,2022-05-22,2022-05-28,White,case,8135,4393223,185.2,180.4,2022-09-08
2022,22,2022-05-29,2022-06-04,American Indian,case,123,59651,206.2,215.7,2022-09-08
2022,22,2022-05-29,2022-06-04,Asian/Pacific Islander,case,620,288741,214.7,215.1,2022-09-08
2022,22,2022-05-29,2022-06-04,Black/African American,case,758,379408,199.8,210.6,2022-09-08
2022,22,2022-05-29,2022-06-04,Hispanic,case,437,312653,139.8,159.6,2022-09-08
2022,22,2022-05-29,2022-06-04,Multiracial,case,108,128987,83.7,110.4,2022-09-08
2022,22,2022-05-29,2022-06-04,Total,case,9121,5562663,164,162.2,2022-09-08
2022,22,2022-05-29,2022-06-04,White,case,7075,4393223,161,156.3,2022-09-08
2022,23,2022-06-05,2022-06-11,American Indian,case,122,59651,204.5,212.6,2022-09-08
2022,23,2022-06-05,2022-06-11,Asian/Pacific Islander,case,714,288741,247.3,250.1,2022-09-08
2022,23,2022-06-05,2022-06-11,Black/African American,case,743,379408,195.8,216.9,2022-09-08
2022,23,2022-06-05,2022-06-11,Hispanic,case,489,312653,156.4,174.2,2022-09-08
2022,23,2022-06-05,2022-06-11,Multiracial,case,138,128987,107,162.3,2022-09-08
2022,23,2022-06-05,2022-06-11,Total,case,9186,5562663,165.1,163.2,2022-09-08
2022,23,2022-06-05,2022-06-11,White,case,6980,4393223,158.9,154.1,2022-09-08
2022,24,2022-06-12,2022-06-18,American Indian,case,131,59651,219.6,230,2022-09-08
2022,24,2022-06-12,2022-06-18,Asian/Pacific Islander,case,602,288741,208.5,209.4,2022-09-08
2022,24,2022-06-12,2022-06-18,Black/African American,case,722,379408,190.3,204,2022-09-08
2022,24,2022-06-12,2022-06-18,Hispanic,case,437,312653,139.8,156.5,2022-09-08
2022,24,2022-06-12,2022-06-18,Multiracial,case,122,128987,94.6,152.6,2022-09-08
2022,24,2022-06-12,2022-06-18,Total,case,8558,5562663,153.8,151.2,2022-09-08
2022,24,2022-06-12,2022-06-18,White,case,6544,4393223,149,142.6,2022-09-08
2022,25,2022-06-19,2022-06-25,American Indian,case,138,59651,231.3,256.9,2022-09-08
2022,25,2022-06-19,2022-06-25,Asian/Pacific Islander,case,551,288741,190.8,189.3,2022-09-08
2022,25,2022-06-19,2022-06-25,Black/African American,case,663,379408,174.7,186,2022-09-08
2022,25,2022-06-19,2022-06-25,Hispanic,case,370,312653,118.3,123.3,2022-09-08
2022,25,2022-06-19,2022-06-25,Multiracial,case,116,128987,89.9,156.3,2022-09-08
2022,25,2022-06-19,2022-06-25,Total,case,7952,5562663,143,140.9,2022-09-08
2022,25,2022-06-19,2022-06-25,White,case,6114,4393223,139.2,133.7,2022-09-08
2022,26,2022-06-26,2022-07-02,American Indian,case,146,59651,244.8,255,2022-09-08
2022,26,2022-06-26,2022-07-02,Asian/Pacific Islander,case,538,288741,186.3,187.9,2022-09-08
2022,26,2022-06-26,2022-07-02,Black/African American,case,653,379408,172.1,187.4,2022-09-08
2022,26,2022-06-26,2022-07-02,Hispanic,case,394,312653,126,139.5,2022-09-08
2022,26,2022-06-26,2022-07-02,Multiracial,case,91,128987,70.5,123.1,2022-09-08
2022,26,2022-06-26,2022-07-02,Total,case,8330,5562663,149.7,147.3,2022-09-08
2022,26,2022-06-26,2022-07-02,White,case,6508,4393223,148.1,142.4,2022-09-08
2022,27,2022-07-03,2022-07-09,American Indian,case,127,59651,212.9,219.5,2022-09-08
2022,27,2022-07-03,2022-07-09,Asian/Pacific Islander,case,525,288741,181.8,186.9,2022-09-08
2022,27,2022-07-03,2022-07-09,Black/African American,case,679,379408,179,192.2,2022-09-08
2022,27,2022-07-03,2022-07-09,Hispanic,case,385,312653,123.1,136,2022-09-08
2022,27,2022-07-03,2022-07-09,Multiracial,case,83,128987,64.3,100.3,2022-09-08
2022,27,2022-07-03,2022-07-09,Total,case,7530,5562663,135.4,133.2,2022-09-08
2022,27,2022-07-03,2022-07-09,White,case,5731,4393223,130.5,125,2022-09-08
2022,28,2022-07-10,2022-07-16,American Indian,case,141,59651,236.4,251.4,2022-09-08
2022,28,2022-07-10,2022-07-16,Asian/Pacific Islander,case,654,288741,226.5,234.1,2022-09-08
2022,28,2022-07-10,2022-07-16,Black/African American,case,798,379408,210.3,223.7,2022-09-08
2022,28,2022-07-10,2022-07-16,Hispanic,case,436,312653,139.5,158.2,2022-09-08
2022,28,2022-07-10,2022-07-16,Multiracial,case,75,128987,58.1,94.9,2022-09-08
2022,28,2022-07-10,2022-07-16,Total,case,8309,5562663,149.4,146.8,2022-09-08
2022,28,2022-07-10,2022-07-16,White,case,6205,4393223,141.2,134.4,2022-09-08
2022,29,2022-07-17,2022-07-23,American Indian,case,135,59651,226.3,236.5,2022-09-08
2022,29,2022-07-17,2022-07-23,Asian/Pacific Islander,case,576,288741,199.5,206.8,2022-09-08
2022,29,2022-07-17,2022-07-23,Black/African American,case,747,379408,196.9,207.7,2022-09-08
2022,29,2022-07-17,2022-07-23,Hispanic,case,524,312653,167.6,184.8,2022-09-08
2022,29,2022-07-17,2022-07-23,Multiracial,case,93,128987,72.1,93.2,2022-09-08
2022,29,2022-07-17,2022-07-23,Total,case,8730,5562663,156.9,154,2022-09-08
2022,29,2022-07-17,2022-07-23,White,case,6655,4393223,151.5,144.2,2022-09-08
2022,30,2022-07-24,2022-07-30,American Indian,case,155,59651,259.8,265.6,2022-09-08
2022,30,2022-07-24,2022-07-30,Asian/Pacific Islander,case,493,288741,170.7,178.8,2022-09-08
2022,30,2022-07-24,2022-07-30,Black/African American,case,787,379408,207.4,222.3,2022-09-08
2022,30,2022-07-24,2022-07-30,Hispanic,case,530,312653,169.5,182,2022-09-08
2022,30,2022-07-24,2022-07-30,Multiracial,case,101,128987,78.3,104,2022-09-08
2022,30,2022-07-24,2022-07-30,Total,case,9006,5562663,161.9,159.4,2022-09-08
2022,30,2022-07-24,2022-07-30,White,case,6940,4393223,158,151.4,2022-09-08
2022,31,2022-07-31,2022-08-06,American Indian,case,176,59651,295,312.5,2022-09-08
2022,31,2022-07-31,2022-08-06,Asian/Pacific Islander,case,492,288741,170.4,171.9,2022-09-08
2022,31,2022-07-31,2022-08-06,Black/African American,case,712,379408,187.7,198.8,2022-09-08
2022,31,2022-07-31,2022-08-06,Hispanic,case,597,312653,190.9,208.7,2022-09-08
2022,31,2022-07-31,2022-08-06,Multiracial,case,103,128987,79.9,136.1,2022-09-08
2022,31,2022-07-31,2022-08-06,Total,case,9022,5562663,162.2,159.6,2022-09-08
2022,31,2022-07-31,2022-08-06,White,case,6942,4393223,158,151.4,2022-09-08
2022,32,2022-08-07,2022-08-13,American Indian,case,184,59651,308.5,321.8,2022-09-08
2022,32,2022-08-07,2022-08-13,Asian/Pacific Islander,case,495,288741,171.4,177.8,2022-09-08
2022,32,2022-08-07,2022-08-13,Black/African American,case,678,379408,178.7,192.1,2022-09-08
2022,32,2022-08-07,2022-08-13,Hispanic,case,568,312653,181.7,202.2,2022-09-08
2022,32,2022-08-07,2022-08-13,Multiracial,case,97,128987,75.2,122.1,2022-09-08
2022,32,2022-08-07,2022-08-13,Total,case,8878,5562663,159.6,157.2,2022-09-08
2022,32,2022-08-07,2022-08-13,White,case,6856,4393223,156.1,149.9,2022-09-08
2022,33,2022-08-14,2022-08-20,American Indian,case,175,59651,293.4,314.7,2022-09-08
2022,33,2022-08-14,2022-08-20,Asian/Pacific Islander,case,508,288741,175.9,182.5,2022-09-08
2022,33,2022-08-14,2022-08-20,Black/African American,case,619,379408,163.1,184.1,2022-09-08
2022,33,2022-08-14,2022-08-20,Hispanic,case,500,312653,159.9,190.2,2022-09-08
2022,33,2022-08-14,2022-08-20,Multiracial,case,88,128987,68.2,105.8,2022-09-08
2022,33,2022-08-14,2022-08-20,Total,case,8362,5562663,150.3,146.6,2022-09-08
2022,33,2022-08-14,2022-08-20,White,case,6472,4393223,147.3,139.5,2022-09-08
2022,34,2022-08-21,2022-08-27,American Indian,case,168,59651,281.6,298.1,2022-09-08
2022,34,2022-08-21,2022-08-27,Asian/Pacific Islander,case,415,288741,143.7,149.7,2022-09-08
2022,34,2022-08-21,2022-08-27,Black/African American,case,604,379408,159.2,180.2,2022-09-08
2022,34,2022-08-21,2022-08-27,Hispanic,case,392,312653,125.4,131.9,2022-09-08
2022,34,2022-08-21,2022-08-27,Multiracial,case,60,128987,46.5,79.7,2022-09-08
2022,34,2022-08-21,2022-08-27,Total,case,7327,5562663,131.7,128.3,2022-09-08
2022,34,2022-08-21,2022-08-27,White,case,5688,4393223,129.5,122.2,2022-09-08
2022,35,2022-08-28,2022-09-03,American Indian,case,126,59651,211.2,216.4,2022-09-08
2022,35,2022-08-28,2022-09-03,Asian/Pacific Islander,case,322,288741,111.5,117.1,2022-09-08
2022,35,2022-08-28,2022-09-03,Black/African American,case,485,379408,127.8,135.1,2022-09-08
2022,35,2022-08-28,2022-09-03,Hispanic,case,320,312653,102.3,109.4,2022-09-08
2022,35,2022-08-28,2022-09-03,Multiracial,case,42,128987,32.6,45.1,2022-09-08
2022,35,2022-08-28,2022-09-03,Total,case,5749,5562663,103.3,100.3,2022-09-08
2022,35,2022-08-28,2022-09-03,White,case,4454,4393223,101.4,94.8,2022-09-08
2022,36,2022-09-04,2022-09-10,American Indian,case,5,59651,8.4,9.4,2022-09-08
2022,36,2022-09-04,2022-09-10,Asian/Pacific Islander,case,13,288741,4.5,5.1,2022-09-08
2022,36,2022-09-04,2022-09-10,Black/African American,case,28,379408,7.4,8.9,2022-09-08
2022,36,2022-09-04,2022-09-10,Hispanic,case,14,312653,4.5,5.8,2022-09-08
2022,36,2022-09-04,2022-09-10,Multiracial,case,2,128987,1.6,0.8,2022-09-08
2022,36,2022-09-04,2022-09-10,Total,case,337,5562663,6.1,5.8,2022-09-08
2022,36,2022-09-04,2022-09-10,White,case,275,4393223,6.3,5.4,2022-09-08
