date,day,new_cases,new_tests,positivity,new_hosp,new_deaths,active_cases,new_vax_onedose,new_vax_complete,new_vax_boosted
2022-04-28,Thursday,1170.857142857143,NA,NA,40.57142857142857,3,5845.714285714285,337,459.42857142857144,881
2022-04-27,Wednesday,1096.5714285714287,NA,NA,36.57142857142857,2.857142857142857,5471.285714285715,343.85714285714283,464.14285714285717,1111
2022-04-26,Tuesday,1040.7142857142858,NA,NA,32.285714285714285,3.142857142857143,5143.714285714285,344.42857142857144,474,963.7142857142857
2022-04-25,Monday,923.4285714285714,NA,NA,31.142857142857142,3.5714285714285716,4836.428571428572,309.14285714285717,433.2857142857143,1142.7142857142858
2022-04-22,Friday,891.7142857142857,NA,NA,29.571428571428573,4,4513,305.2857142857143,430.85714285714283,918.7142857142857
2022-04-21,Thursday,807.8571428571429,NA,NA,27.142857142857142,3.4285714285714284,4161.857142857143,326.2857142857143,435.57142857142856,1150.7142857142858
2022-04-20,Wednesday,770.1428571428571,NA,NA,29.142857142857142,3.5714285714285716,3876,315.57142857142856,452.14285714285717,1217.142857142857
2022-04-19,Tuesday,728.4285714285714,NA,NA,26.428571428571427,3.2857142857142856,3617.4285714285716,323.14285714285717,459.7142857142857,978.5714285714286
2022-04-18,Monday,670.8571428571429,NA,NA,26.428571428571427,3,3384.1428571428573,488.85714285714283,643.4285714285714,1237.4285714285713
2022-04-15,Friday,634,NA,NA,24.857142857142858,3.4285714285714284,3157.5714285714284,478.85714285714283,644.5714285714286,1583.7142857142858
2022-04-14,Thursday,596.1428571428571,NA,NA,25.714285714285715,3.4285714285714284,2959.8571428571427,451.85714285714283,624,1732.857142857143
2022-04-13,Wednesday,563.1428571428571,NA,NA,26.142857142857142,3.5714285714285716,2794,346.7142857142857,512.4285714285714,1436.4285714285713
2022-04-12,Tuesday,517.4285714285714,12438.857142857143,0.03459804802056687,24.142857142857142,4.285714285714286,2656.1428571428573,342,512.5714285714286,1639.2857142857142
2022-04-11,Monday,482.14285714285717,13498.714285714286,0.032281678374315274,26.428571428571427,4.571428571428571,2553.714285714286,333.57142857142856,530.4285714285714,1646.5714285714287
2022-04-08,Friday,452.85714285714283,13291.714285714286,0.030658869332402305,25.285714285714285,4.285714285714286,2483.1428571428573,735.8571428571429,828.7142857142857,1719.2857142857142
2022-04-07,Thursday,443.42857142857144,13889.714285714286,0.028986359025888465,25.571428571428573,3.7142857142857144,2441.4285714285716,751.2857142857143,835.2857142857143,1495.4285714285713
2022-04-06,Wednesday,426.57142857142856,14007,0.027873515141375274,24.714285714285715,4,2407.714285714286,736.8571428571429,823.4285714285714,1495.4285714285713
2022-04-05,Tuesday,425.14285714285717,14396.714285714286,0.026255466559658523,26.428571428571427,4.142857142857143,2388.714285714286,751.1428571428571,832.2857142857143,1530.857142857143
2022-04-04,Monday,409.7142857142857,14793,0.0252844984887106,24.142857142857142,4.714285714285714,2368.4285714285716,751.7142857142857,799.7142857142857,NA
2022-04-01,Friday,479.2857142857143,18264.285714285714,0.0249260003969658,28.285714285714285,6.857142857142857,2350,465,622.8571428571429,NA
2022-03-31,Thursday,401.2857142857143,15386.142857142857,0.024553477505010576,23.571428571428573,6.571428571428571,1835,371.14285714285717,513.8571428571429,NA
2022-03-30,Wednesday,397,17616.571428571428,0.024258447957522588,25.857142857142858,8.428571428571429,1822.2857142857142,394.42857142857144,538.4285714285714,NA
2022-03-29,Tuesday,387.2857142857143,15989.142857142857,0.02540694915872842,26.857142857142858,7.142857142857143,1813.142857142857,389,548.2857142857143,NA
2022-03-28,Monday,398.2857142857143,15514.57142857143,0.026699702184357126,29.714285714285715,7.714285714285714,1812.142857142857,381.42857142857144,562,NA
2022-03-24,Thursday,403.42857142857144,16259,0.02575303667672223,32,7.142857142857143,2328,386,611.5714285714286,1373.4285714285713
2022-03-23,Wednesday,402.14285714285717,14863.57142857143,0.02570652491987152,31.571428571428573,5.714285714285714,2353.285714285714,382.14285714285717,612.7142857142857,1370.2857142857142
2022-03-22,Tuesday,488,16729,0.025411423444076653,34.285714285714285,7.285714285714286,2383.285714285714,395.7142857142857,615.1428571428571,1360.7142857142858
2022-03-21,Monday,405.42857142857144,17183.14285714286,0.024091862318984397,31.857142857142858,6.857142857142857,2347.4285714285716,525.5714285714286,831,1704.5714285714287
2022-03-18,Friday,415.7142857142857,17080.428571428572,0.0252591106926101,31.714285714285715,8.142857142857142,2475,323,535.8571428571429,1156.7142857142858
2022-03-17,Thursday,422.14285714285717,17135.571428571428,0.026638265281700258,33,8.142857142857142,2637.8571428571427,434.85714285714283,719.2857142857143,1435.857142857143
2022-03-16,Wednesday,441.2857142857143,17367.714285714286,0.028159009732942483,34.714285714285715,9.142857142857142,2807.8571428571427,463.42857142857144,749.1428571428571,1487
2022-03-15,Tuesday,396.42857142857144,17610.85714285714,0.029702371594083708,35.285714285714285,9.714285714285714,2982.285714285714,485,798,1530.857142857143
2022-03-14,Monday,535.5714285714286,18343.85714285714,0.03171207459097483,39.57142857142857,11.285714285714286,3247,462.42857142857144,782.4285714285714,1450.5714285714287
2022-03-11,Friday,589.5714285714286,19074.85714285714,0.033246667194825955,41.714285714285715,11.571428571428571,3490.4285714285716,679.8571428571429,1124.2857142857142,2033.2857142857142
2022-03-10,Thursday,625.2857142857143,19514.428571428572,0.034601738776582895,45.57142857142857,11.857142857142858,3724.1428571428573,607.8571428571429,1001.8571428571429,1828.4285714285713
2022-03-09,Wednesday,660,19955.428571428572,0.036010170864942646,43.714285714285715,12.285714285714286,3956,640.7142857142857,1113.7142857142858,1909.7142857142858
2022-03-08,Tuesday,662.2857142857143,20005.571428571428,0.03752100030104478,54.42857142857143,12.857142857142858,4181.714285714285,688.7142857142857,1271,2067.1428571428573
2022-03-07,Monday,760.1428571428571,20626.14285714286,0.0391934439028806,57.57142857142857,13.142857142857142,4440.285714285715,724.4285714285714,1511.7142857142858,2162.714285714286
2022-03-04,Friday,790.7142857142857,21004,0.04152373897439998,59,14.571428571428571,4844.428571428572,763.8571428571429,1820.4285714285713,2223.8571428571427
2022-03-03,Thursday,809,20661.714285714286,0.04443345275284306,57.42857142857143,15.142857142857142,5345.571428571428,636.4285714285714,1624.7142857142858,2225.714285714286
2022-03-02,Wednesday,841.5714285714286,20677.285714285714,0.048079524481743505,63,19,5874.428571428572,742.1428571428571,1775.2857142857142,2301
2022-03-01,Tuesday,757.1428571428571,18031.714285714286,0.049854044795039694,39.142857142857146,16,5018.571428571428,582.8571428571429,1456.142857142857,1875.5714285714287
2022-02-28,Monday,1029.7142857142858,21450,0.05430093165338256,57,16.571428571428573,5485.285714285715,773,1814.2857142857142,2440.1428571428573
2022-02-25,Friday,1156.857142857143,22576.285714285714,0.060963515988167356,59,17.142857142857142,6398,787.8571428571429,1700.857142857143,2550.8571428571427
2022-02-24,Thursday,1343,23927.285714285714,0.0687542301071716,67,19.428571428571427,7443.285714285715,884.8571428571429,1992.857142857143,2761.714285714286
2022-02-22,Tuesday,1668.5714285714287,27774.85714285714,0.08314507962855729,103.85714285714286,22.428571428571427,10776.142857142857,1030.7142857142858,2256.714285714286,3249.4285714285716
2022-02-21,Monday,2014.142857142857,27135.85714285714,0.09294055118725673,101.28571428571429,23.285714285714285,11987.714285714286,996.5714285714286,2028.4285714285713,3158.714285714286
2022-02-18,Friday,2346.4285714285716,28386.571428571428,0.10228720761970583,116.14285714285714,23.428571428571427,13284,1055.142857142857,2102.1428571428573,3316
2022-02-17,Thursday,2716.8571428571427,28955.285714285714,0.11107688802824922,122.28571428571429,24.142857142857142,14639.857142857143,1243,2260.285714285714,3557
2022-02-16,Wednesday,3089.5714285714284,30095.85714285714,0.11844132017996188,130.85714285714286,25.857142857142858,15905.857142857143,1245.7142857142858,2216.714285714286,3662.8571428571427
2022-02-15,Tuesday,3422.714285714286,31645.85714285714,0.12460244540250195,151.14285714285714,25.714285714285715,17109.14285714286,1366.5714285714287,2319.285714285714,3863.5714285714284
2022-02-14,Monday,3985.5714285714284,33048.28571428572,0.12944381450152131,152.71428571428572,28,18446.14285714286,1660.4285714285713,2508.4285714285716,4444.285714285715
2022-02-11,Friday,4198.571428571428,33022.57142857143,0.1383123623341224,152.14285714285714,28.285714285714285,20570.14285714286,1787.857142857143,2513.4285714285716,4708.714285714285
2022-02-10,Thursday,4450,33840.71428571428,0.14938300016664946,167.57142857142858,28.571428571428573,22972.14285714286,1923.4285714285713,2550.714285714286,5054.428571428572
2022-02-09,Wednesday,4595.428571428572,34188,0.16382539018228362,177.57142857142858,29.428571428571427,25306.571428571428,2014.4285714285713,2575,5403.428571428572
2022-02-08,Tuesday,4607.285714285715,34598,0.18217807144404566,162.14285714285714,32.142857142857146,27625.285714285714,2116.1428571428573,2596.1428571428573,5684.142857142857
2022-02-07,Monday,6171.714285714285,38037.28571428572,0.20471005563905076,178,31.857142857142858,30306.571428571428,2033.5714285714287,2283.1428571428573,5671
2022-02-04,Friday,7067.285714285715,39354.57142857143,0.22573610168891042,193.42857142857142,31,33482.71428571428,2280.8571428571427,2379.4285714285716,6436.428571428572
2022-02-03,Thursday,8202.714285714286,40877.57142857143,0.23881694153717997,198.57142857142858,31.714285714285715,36317.71428571428,2447.714285714286,2291.1428571428573,6613.714285714285
2022-02-02,Wednesday,9510.285714285714,42322.28571428572,0.24113011873920676,212.14285714285714,33.42857142857143,38202.42857142857,2493.285714285714,2240.4285714285716,6865.857142857143
2022-02-01,Tuesday,11175.42857142857,45199,0.23603541486775637,224.42857142857142,32.42857142857143,39006,2483.1428571428573,2197.285714285714,7093
2022-01-31,Monday,13196,49986.28571428572,0.22407810135936085,224.57142857142858,31.142857142857142,38410,2591.5714285714284,2105.8571428571427,9686.42857142857
2022-01-28,Friday,13285.142857142857,53464.28571428572,0.20875035476525153,218.57142857142858,33,37178.57142857143,2596.285714285714,2057.8571428571427,8010.428571428572
2022-01-27,Thursday,12894.142857142857,58109.42857142857,0.1917982136644457,216.28571428571428,32,36282,2368,2005.2857142857142,8200.714285714286
2022-01-26,Wednesday,12438,60102.28571428572,0.18365340330066288,209,35,35768.28571428572,2563.5714285714284,2138.285714285714,8636
2022-01-25,Tuesday,16588.571428571428,83596.71428571429,0.17794936638975445,258,32.857142857142854,35852.42857142857,3792.5714285714284,2898.4285714285716,13308.857142857143
2022-01-24,Monday,11516.57142857143,64355.142857142855,0.17144096515315868,213.71428571428572,27.571428571428573,29823,3038.4285714285716,2334.4285714285716,8903.57142857143
2022-01-21,Friday,11220.714285714286,70951.14285714286,0.16861504757395213,230.42857142857142,25.714285714285715,31470.571428571428,3008.5714285714284,2290.8571428571427,10983.714285714286
2022-01-20,Thursday,11182.42857142857,63739.71428571428,0.1748126931069113,227.28571428571428,25.142857142857142,32947.42857142857,3242.285714285714,2432.714285714286,11626
2022-01-19,Wednesday,11192.42857142857,64089.142857142855,0.16559568888234744,223,21.428571428571427,34323.42857142857,3191.8571428571427,2414.714285714286,11829.285714285714
2022-01-17,Monday,10561,63098,0.14418460968409474,239.14285714285714,27.142857142857142,41486.857142857145,3427.8571428571427,3097.285714285714,13415.42857142857
2022-01-14,Friday,10605.714285714286,58148.71428571428,0.1321929052107455,226.14285714285714,29.285714285714285,38982,3447.285714285714,3297.1428571428573,13657
2022-01-13,Thursday,10073.285714285714,70905.28571428571,0.11821548298558009,237.42857142857142,29.428571428571427,35647.28571428572,3346,3247.8571428571427,13834.57142857143
2022-01-12,Wednesday,9419.857142857143,77002.57142857143,0.112617715318743,232.85714285714286,30.857142857142858,32583.285714285714,3334.5714285714284,3313,15205.142857142857
2022-01-11,Tuesday,8481.285714285714,71666.42857142857,0.1144059103421113,202.42857142857142,34,29939.14285714286,3278.8571428571427,3438.714285714286,13791.285714285714
2022-01-10,Monday,6583.714285714285,63928.142857142855,0.115486151870413,162.57142857142858,35.142857142857146,27872.85714285714,2969.5714285714284,3167,13430
2022-01-07,Friday,5017.428571428572,51272.42857142857,0.12036198463953642,124.42857142857143,28.857142857142858,21185.85714285714,2369.5714285714284,2503.285714285714,11108.285714285714
2022-01-06,Thursday,4867,41315.857142857145,0.12108290023396107,92.71428571428571,31,19626.571428571428,2637.285714285714,2675.5714285714284,11302.285714285714
2022-01-05,Wednesday,4844.714285714285,32242,0.11395268625223179,88.14285714285714,29,18105.571428571428,2649.285714285714,2710.714285714286,10473.714285714286
2022-01-04,Tuesday,4997,39059.857142857145,0.09659141258628151,114.28571428571429,28.714285714285715,16779.714285714286,2737.714285714286,2695.5714285714284,12500.57142857143
2021-12-31,Friday,4092.5714285714284,42658.42857142857,0.08464225506655579,128.14285714285714,29.285714285714285,15454.42857142857,2515,2452.5714285714284,11556.42857142857
2021-12-30,Thursday,3717.5714285714284,40944.857142857145,0.07877434507172326,132,30,14448.57142857143,2461.285714285714,2398.285714285714,12443.285714285714
2021-12-29,Wednesday,3231.5714285714284,43383.857142857145,0.0736670920528081,127.71428571428571,30.571428571428573,13820.714285714286,2471,2466.714285714286,13555.857142857143
2021-12-28,Tuesday,2887.5714285714284,37579.42857142857,0.07450863077431395,120.42857142857143,28.857142857142858,13631.57142857143,2531.4285714285716,2493.714285714286,14095.142857142857
2021-12-24,Friday,3019,41288.57142857143,0.0751906200699418,139,35.42857142857143,17627.428571428572,3519.714285714286,3446.285714285714,20159.85714285714
2021-12-23,Thursday,2976,42192.57142857143,0.07745910541890064,145.85714285714286,35.57142857142857,17975.714285714286,3434.1428571428573,3803.5714285714284,20583
2021-12-22,Wednesday,3037,38915.142857142855,0.08056281698135012,151.14285714285714,33.714285714285715,18306,3428.1428571428573,4014.1428571428573,20434.571428571428
2021-12-21,Tuesday,2954.714285714286,38746.142857142855,0.08127680303412523,162.85714285714286,33.285714285714285,18678,3431.1428571428573,4511.142857142857,20810.428571428572
2021-12-20,Monday,3189.8571428571427,40698.857142857145,0.08337697524746046,166.42857142857142,34,19375.714285714286,3432.4285714285716,5844,21875.14285714286
2021-12-17,Friday,3226.714285714286,38059,0.08734359161233135,171.14285714285714,34.142857142857146,20511.14285714286,3298.8571428571427,6127.857142857143,20878.285714285714
2021-12-16,Thursday,3326.714285714286,38894.28571428572,0.09013512079192888,173.85714285714286,34.714285714285715,21916.428571428572,3446,6659.428571428572,21567.14285714286
2021-12-15,Wednesday,3319.4285714285716,40674.28571428572,0.09314884718975767,171.85714285714286,34.857142857142854,23291,3567.285714285714,6903.428571428572,22052.571428571428
2021-12-14,Tuesday,3449.285714285714,39713.857142857145,0.09797321400926969,187,37.857142857142854,24775,3506.5714285714284,6811,21509.714285714286
2021-12-13,Monday,3935.4285714285716,40241.142857142855,0.10065914714005951,186.57142857142858,37.714285714285715,26004.714285714286,3581.4285714285716,6958.571428571428,21469
2021-12-10,Friday,4287.857142857143,43712.57142857143,0.10342861308011406,190.42857142857142,36.57142857142857,25884.85714285714,4028,7633.571428571428,24846.714285714286
2021-12-09,Thursday,4449.428571428572,44371.71428571428,0.10203838757573429,190,37.142857142857146,25218.714285714286,4019.4285714285716,7383.857142857143,24693.571428571428
2021-12-08,Wednesday,4672.142857142857,44203.857142857145,0.10048739321465665,196.28571428571428,41.714285714285715,24325.714285714286,4047.4285714285716,7503.142857142857,24524.285714285714
2021-12-07,Tuesday,4735,46823.42857142857,0.09715408796834515,196.14285714285714,45.285714285714285,23128.85714285714,4193.857142857143,7497.714285714285,24886.714285714286
2021-12-06,Monday,4761.714285714285,42356.57142857143,0.09505091483538898,204.57142857142858,38.857142857142854,22005.285714285714,NA,NA,NA
2021-12-03,Friday,4531.571428571428,49118.42857142857,0.08759524734166743,201.28571428571428,39.714285714285715,21507.571428571428,NA,NA,NA
2021-12-02,Thursday,3719.4285714285716,40608.857142857145,0.08621005465727316,171.71428571428572,30.857142857142858,16690.714285714286,NA,NA,NA
2021-12-01,Wednesday,3550.5714285714284,40314.42857142857,0.08646066958149268,166.14285714285714,28.571428571428573,17260.571428571428,NA,NA,NA
2021-11-30,Tuesday,3576.1428571428573,39482.142857142855,0.08819493255681628,157.57142857142858,21.857142857142858,17969.571428571428,NA,NA,NA
2021-11-29,Monday,3408,44936.57142857143,0.08936110787111866,150.14285714285714,27.142857142857142,18629,NA,NA,NA
2021-11-25,Thursday,4175,45398.71428571428,0.09526575079104418,168.71428571428572,30.428571428571427,24645.85714285714,8520.142857142857,1923.7142857142858,24549
2021-11-24,Wednesday,4274.428571428572,45176.42857142857,0.09629984956615663,169.57142857142858,27,24612.14285714286,8918.857142857143,1924.5714285714287,24325.285714285714
2021-11-23,Tuesday,4231.285714285715,44529.857142857145,0.09745283424725078,165.57142857142858,26,24463.14285714286,9607.714285714286,1874.857142857143,23726
2021-11-22,Monday,4153.857142857143,43070.857142857145,0.099743430852808,169.57142857142858,28,24319.85714285714,9099.42857142857,3401,21563.571428571428
2021-11-19,Friday,4232.142857142857,42960.42857142857,0.09930161163958184,175.57142857142858,22.714285714285715,23964.285714285714,8771.42857142857,3428.714285714286,20648.714285714286
2021-11-18,Thursday,4187.428571428572,43153.142857142855,0.09815247271846762,171.71428571428572,22.428571428571427,23301,8412.42857142857,3436.5714285714284,20521.571428571428
2021-11-17,Wednesday,4229.714285714285,42127.857142857145,0.09672670336149079,171.57142857142858,24,22610.714285714286,8094,3520.4285714285716,20449.428571428572
2021-11-16,Tuesday,4489.714285714285,42164,0.09356841245237205,155.71428571428572,23.571428571428573,21791.85714285714,7073.285714285715,-1403,19897.571428571428
2021-11-15,Monday,3955.4285714285716,42022.42857142857,0.08784426085898016,148.42857142857142,19.142857142857142,20541.14285714286,6052.428571428572,-1421.5714285714287,20187.571428571428
2021-11-12,Friday,3810.714285714286,41153.857142857145,0.08517587325682859,131.85714285714286,24,19409.571428571428,5844.142857142857,-2812,19698
2021-11-11,Thursday,3600.5714285714284,40190.57142857143,0.0815817740004226,128.57142857142858,25,18325.85714285714,4861.428571428572,-2484.5714285714284,19201.14285714286
2021-11-10,Wednesday,3399.8571428571427,40268.142857142855,0.07904997429421677,126.71428571428571,23.428571428571427,17413.714285714286,4215.285714285715,-2100,18286.714285714286
2021-11-09,Tuesday,3068.285714285714,39393.142857142855,0.07706791005025515,121,23.428571428571427,16669.14285714286,3581.5714285714284,3040.5714285714284,18102.85714285714
2021-11-08,Monday,3049.714285714286,37749.42857142857,0.07594147681827507,108.85714285714286,24,16178.857142857143,2785.714285714286,2618.4285714285716,17497.285714285714
2021-11-05,Friday,2766.4285714285716,37109.57142857143,0.07381950052073095,134.71428571428572,22.714285714285715,15462,2211.8571428571427,4462.714285714285,18601.285714285714
2021-11-04,Thursday,2762.1428571428573,35820.42857142857,0.0724466515873591,129.28571428571428,20,14831,2181,4432.714285714285,19496.571428571428
2021-11-03,Wednesday,2615.285714285714,34983.142857142855,0.06982734501067096,124.42857142857143,21.285714285714285,14172.285714285714,2326.4285714285716,3897.4285714285716,19379.428571428572
2021-11-02,Tuesday,2451.5714285714284,34017.142857142855,0.06817390963403695,115.42857142857143,19.571428571428573,13655,2378.714285714286,4013.285714285714,19586.285714285714
2021-11-01,Monday,2385.8571428571427,33921.42857142857,0.06632453962008579,119.57142857142857,19.285714285714285,13281.57142857143,2239.285714285714,2889.8571428571427,16262.42857142857
2021-10-29,Friday,2491.5714285714284,36648,0.06459922440869174,98.14285714285714,18.857142857142858,13075,2348.4285714285716,2511,13913.42857142857
2021-10-28,Thursday,2320.4285714285716,36073.71428571428,0.06390437947126934,94.85714285714286,19.714285714285715,12969.42857142857,2320.8571428571427,2197.285714285714,11148.57142857143
2021-10-27,Wednesday,2273.4285714285716,34228.57142857143,0.06440294181281865,91.57142857142857,17.571428571428573,13065.42857142857,2023.857142857143,2305.714285714286,9831.57142857143
2021-10-26,Tuesday,2280.285714285714,36311.142857142855,0.06378958298404491,96.14285714285714,17.714285714285715,13260.142857142857,1986.142857142857,2035.5714285714287,8834.285714285714
2021-10-25,Monday,2152.1428571428573,35035.71428571428,0.06500801133612186,100.85714285714286,17.571428571428573,13548.285714285714,2037.4285714285713,2180.4285714285716,8312.857142857143
2021-10-22,Friday,2131.8571428571427,32957.71428571428,0.06747879221971036,102.85714285714286,18.571428571428573,14200.142857142857,1954.142857142857,2140.714285714286,8252.142857142857
2021-10-21,Thursday,2303.5714285714284,34460.28571428572,0.06940540624550742,109.57142857142857,19.428571428571427,14926.42857142857,2027,2216.1428571428573,8377.285714285714
2021-10-20,Wednesday,2383.285714285714,37614.142857142855,0.07074334255888012,111.42857142857143,19.285714285714285,15503.285714285714,2147.285714285714,2313,8633
2021-10-19,Tuesday,2459,35754.42857142857,0.07303815005633335,117,18.142857142857142,15996.42857142857,2101.1428571428573,2286.285714285714,8560.714285714286
2021-10-18,Monday,2781.285714285714,37921.42857142857,0.07477149030643689,114.85714285714286,16.571428571428573,16440.285714285714,2054.285714285714,2238.714285714286,8322.42857142857
2021-10-15,Friday,2832,38084.71428571428,0.07445136652862314,116.57142857142857,16,16597.571428571428,2280.4285714285716,2474.8571428571427,9718.57142857143
2021-10-14,Thursday,2876.1428571428573,39077.142857142855,0.07384227593027745,114.85714285714286,14.857142857142858,16689.85714285714,2710.5714285714284,2913.285714285714,11424.142857142857
2021-10-13,Wednesday,2841.1428571428573,37961.857142857145,0.07354789293768882,124.85714285714286,15.857142857142858,16718.14285714286,2572.1428571428573,2791.1428571428573,11377.857142857143
2021-10-12,Tuesday,3055.1428571428573,39350.57142857143,0.07290511271333648,119.14285714285714,18.142857142857142,16748.285714285714,2587.5714285714284,2820.5714285714284,11547.57142857143
2021-10-11,Monday,2939.5714285714284,40874.71428571428,0.07066715917017735,117.28571428571429,18.428571428571427,16484.571428571428,2565.1428571428573,2833.1428571428573,11507
2021-10-08,Friday,2985.714285714286,41777.71428571428,0.06912974484892019,111.14285714285714,17.857142857142858,16102,2339.714285714286,2578,9864.57142857143
2021-10-07,Thursday,2993.285714285714,41466.57142857143,0.06733326844045147,108.57142857142857,17.428571428571427,15555,1902.7142857142858,2103.714285714286,8123.714285714285
2021-10-06,Wednesday,3021.8571428571427,42216.57142857143,0.06498935904856068,94.85714285714286,14.714285714285714,14977.142857142857,2001.4285714285713,2143.285714285714,7997.428571428572
2021-10-05,Tuesday,2763.4285714285716,41736.42857142857,0.062364296953867804,96.71428571428571,13.428571428571429,14346,2106.285714285714,2175.714285714286,7910.428571428572
2021-10-04,Monday,2630.5714285714284,41032.28571428572,0.060588950752373645,95.57142857142857,13.285714285714286,13949.57142857143,2329.714285714286,2568.285714285714,6674.857142857143
2021-10-01,Friday,2524.4285714285716,40482.57142857143,0.05950711908982903,96.71428571428571,13.428571428571429,13567.42857142857,2379,2751,5650
2021-09-30,Thursday,2422,40139.42857142857,0.05865484674146523,98.14285714285714,14.857142857142858,13251.285714285714,2336.1428571428573,2831.285714285714,4436
2021-09-29,Wednesday,2359.1428571428573,40244.57142857143,0.05810339997582252,98.42857142857143,16.428571428571427,13053.285714285714,2486.285714285714,3145.5714285714284,3283.285714285714
2021-09-28,Tuesday,2297,40005,0.058366402724501006,99.57142857142857,14,12927.285714285714,2440.1428571428573,3233.285714285714,2201.8571428571427
2021-09-27,Monday,2318.285714285714,39455,0.05967496020400624,99.28571428571429,15,12830.857142857143,2436.8571428571427,3392.4285714285716,982.8571428571429
2021-09-24,Friday,2271.285714285714,39077.57142857143,0.05995302881823737,99.42857142857143,13.285714285714286,12672.285714285714,2607.1428571428573,3644.8571428571427,1253.857142857143
2021-09-23,Thursday,2221,38568,0.060526189082019205,99.85714285714286,11.285714285714286,12265.285714285714,3142.4285714285716,4411.428571428572,1011.4285714285714
2021-09-22,Wednesday,2228.1428571428573,37110.857142857145,0.06102501599828082,97.28571428571429,9.857142857142858,11859.857142857143,2704.714285714286,3821.4285714285716,1024.5714285714287
2021-09-21,Tuesday,2384.4285714285716,37211.28571428572,0.06029712022433433,98.14285714285714,13.714285714285714,11426.857142857143,2734,3913.5714285714284,1027.857142857143
2021-09-20,Monday,2134.5714285714284,35502.857142857145,0.05805862373094456,94.57142857142857,12.857142857142858,10876.714285714286,2911.8571428571427,4218.428571428572,NA
2021-09-17,Friday,2165.8571428571427,35560.42857142857,0.057728117534871504,95.71428571428571,13,10386.57142857143,2870.5714285714284,4151.285714285715,NA
2021-09-16,Thursday,2080.8571428571427,34767.857142857145,0.05682557813945811,96.85714285714286,13.714285714285714,10067.142857142857,2593.4285714285716,3746.285714285714,NA
2021-09-15,Wednesday,1899.5714285714287,33836.42857142857,0.0565105484861696,106,13,9824.42857142857,2841.714285714286,4216.571428571428,NA
2021-09-14,Tuesday,1508.7142857142858,28947.714285714286,0.05662191264468114,69.85714285714286,7.142857142857143,7898,2473.285714285714,3674.285714285714,NA
2021-09-13,Monday,1676.4285714285713,28532,0.05828810492989597,85.42857142857143,6.714285714285714,7864.428571428572,2785.285714285714,4161.857142857143,NA
2021-09-10,Friday,1590,27994,0.057091055746710896,80.57142857142857,6.857142857142857,7744.285714285715,2981.714285714286,4295.285714285715,NA
2021-09-09,Thursday,1602.5714285714287,27163.14285714286,0.056702879215420096,75.85714285714286,5,7684.285714285715,3110.4285714285716,4338,NA
2021-09-07,Tuesday,1906.142857142857,32546.285714285714,0.05547619229505818,96.57142857142857,7.714285714285714,9292.285714285714,4084.714285714286,5432.571428571428,NA
2021-09-06,Monday,1635.4285714285713,30251,0.05172111230474826,80.28571428571429,7.285714285714286,9143.857142857143,3956.4285714285716,5064.714285714285,NA
2021-09-03,Friday,1610.5714285714287,29164.285714285714,0.04916348196842871,81.71428571428571,6.428571428571429,9024.285714285714,3968.4285714285716,5119.571428571428,NA
2021-09-02,Thursday,1578.2857142857142,29466.285714285714,0.04639938083128504,81.85714285714286,6.571428571428571,8899.142857142857,3921.8571428571427,5116.571428571428,NA
2021-09-01,Wednesday,1569,28175.571428571428,0.04421274943350598,82,5,8794.57142857143,3857.4285714285716,5084.142857142857,NA
2021-08-31,Tuesday,1564.4285714285713,36801,0.04165205232537108,80,5.142857142857143,8659.857142857143,3887.714285714286,6456.428571428572,NA
2021-08-30,Monday,1558.142857142857,36683.142857142855,0.04326785603801886,81.71428571428571,5.428571428571429,8509.714285714286,4331.142857142857,4866.285714285715,NA
2021-08-27,Friday,1523.7142857142858,36841.142857142855,0.04467070649078032,82.42857142857143,5.571428571428571,8237.714285714286,4488.285714285715,4762.428571428572,NA
2021-08-26,Thursday,1494.5714285714287,35880,0.04646694034413486,81.42857142857143,6.142857142857143,7936.714285714285,4321.714285714285,4355.142857142857,NA
2021-08-25,Wednesday,1425.4285714285713,35449.28571428572,0.04820768590265197,77,5.714285714285714,7636.285714285715,4459.285714285715,4219.571428571428,NA
2021-08-24,Tuesday,1391,26009,0.05063896444642194,72.85714285714286,5.428571428571429,7386.428571428572,4693,2828.4285714285716,NA
2021-08-23,Monday,1279,25068.428571428572,0.05032752705721566,69.42857142857143,4.714285714285714,7111.714285714285,5179.857142857143,3626.5714285714284,NA
2021-08-20,Friday,1250,24794.714285714286,0.049302498150787064,63.142857142857146,4.428571428571429,6816.428571428572,5354.857142857143,3431.8571428571427,NA
2021-08-19,Thursday,1196.857142857143,24389,0.048483814529536026,61.714285714285715,3.857142857142857,6502.714285714285,5780.285714285715,3539.4285714285716,NA
2021-08-18,Wednesday,1191.5714285714287,24315.428571428572,0.04773481458316269,59.57142857142857,3.857142857142857,6224.142857142857,5693.285714285715,3180.285714285714,NA
2021-08-17,Tuesday,1258.5714285714287,24148.571428571428,0.046686388259249305,53.285714285714285,4.571428571428571,5929.571428571428,5629.857142857143,2984.5714285714284,NA
2021-08-16,Monday,1063.7142857142858,23253.14285714286,0.04420025976716575,51,5.142857142857143,5531.285714285715,5604.285714285715,3008.8571428571427,NA
2021-08-13,Friday,1013.7142857142857,21962.714285714286,0.04388628555320805,50.285714285714285,5,5183.714285714285,5698.285714285715,2946.1428571428573,NA
2021-08-12,Thursday,967.4285714285714,21435.285714285714,0.04321273601501114,46.142857142857146,5,4830.714285714285,5881.428571428572,2907.4285714285716,NA
2021-08-11,Wednesday,904.5714285714286,20753.14285714286,0.04253494090609114,44.857142857142854,4.571428571428571,4499.428571428572,6197.571428571428,3050.5714285714284,NA
2021-08-10,Tuesday,805.1428571428571,20164.571428571428,0.04194135364873606,40.857142857142854,3.857142857142857,4207.285714285715,6238.285714285715,3007.714285714286,NA
2021-08-09,Monday,801.8571428571429,18056,0.04205536067794255,38.57142857142857,3.4285714285714284,3972.4285714285716,5816,3007.1428571428573,NA
2021-08-06,Friday,732.1428571428571,17042.428571428572,0.04047265304481469,38.142857142857146,3.7142857142857144,3621.1428571428573,5490.857142857143,2979.8571428571427,NA
2021-08-05,Thursday,687.8571428571429,16415.428571428572,0.038875965883265154,39,3.5714285714285716,3300.714285714286,5226.285714285715,3019,NA
2021-08-04,Wednesday,641.1428571428571,15780.42857142857,0.0372212121576985,37.142857142857146,3.2857142857142856,3004.5714285714284,5199.285714285715,3189.8571428571427,NA
2021-08-03,Tuesday,596.7142857142857,14971.42857142857,0.03560617742674815,34.57142857142857,3.142857142857143,2734.1428571428573,4901.285714285715,3037.285714285714,NA
2021-08-02,Monday,506,13963,0.033327311740783655,35.285714285714285,3,2478,4365.714285714285,2853,NA
2021-07-30,Friday,476.2857142857143,13671.714285714286,0.03119449175044406,33.42857142857143,2.5714285714285716,2234.5714285714284,4219.714285714285,2870.5714285714284,NA
2021-07-29,Thursday,429.57142857142856,12801.714285714286,0.029043208183147536,29.857142857142858,2.142857142857143,1996.7142857142858,4012.285714285714,2865.285714285714,NA
2021-07-28,Wednesday,399.42857142857144,12220.857142857143,0.02671156498518062,27.714285714285715,2.2857142857142856,1789.857142857143,3514.5714285714284,2673,NA
2021-07-27,Tuesday,349.85714285714283,12188.714285714286,0.02424329756548398,22.428571428571427,2.4285714285714284,1608.7142857142858,3467.5714285714284,2832.8571428571427,NA
2021-07-26,Monday,291.7142857142857,11527.285714285714,0.02251229039077986,21.428571428571427,2.142857142857143,1468.4285714285713,3098.285714285714,2908,NA
2021-07-23,Friday,268.7142857142857,11147.57142857143,0.020814817085006182,20.285714285714285,2.142857142857143,1347.4285714285713,2895.4285714285716,2939.714285714286,NA
2021-07-22,Thursday,250.71428571428572,11333.285714285714,0.019178515572179033,20.285714285714285,2.2857142857142856,1231.857142857143,2788.5714285714284,3074.5714285714284,NA
2021-07-21,Wednesday,233,11303.57142857143,0.017688612747284296,18.714285714285715,2,1123.2857142857142,3051.8571428571427,3443,NA
2021-07-20,Tuesday,223,10975,0.016458847672323095,20.285714285714285,1.7142857142857142,1024.4285714285713,3015.285714285714,3453.8571428571427,NA
2021-07-19,Monday,188.85714285714286,11176,0.01505362466605578,18.428571428571427,2,924,2954.285714285714,3593.5714285714284,NA
2021-07-16,Friday,178.28571428571428,11204.857142857143,0.014313216246065033,17.428571428571427,1.8571428571428572,839.8571428571429,2988.285714285714,3717.1428571428573,NA
2021-07-15,Thursday,162.71428571428572,11074.57142857143,0.013557986065163483,16.714285714285715,2.142857142857143,766.2857142857143,2920.4285714285716,3727.1428571428573,NA
2021-07-14,Wednesday,150,10425,0.012929741405171898,21.571428571428573,2.142857142857143,710.5714285714286,2626.285714285714,3601.4285714285716,NA
2021-07-13,Tuesday,153.28571428571428,11464.57142857143,0.012111544549804953,16,1.7142857142857142,662.5714285714286,2745.1428571428573,3802.4285714285716,NA
2021-07-12,Monday,98.14285714285714,7701.142857142857,0.011703558317886092,12.571428571428571,1.2857142857142858,516,1954.4285714285713,2773,NA
2021-07-09,Friday,109.14285714285714,8994.42857142857,0.01063528579012564,15.571428571428571,2.4285714285714284,611.4285714285714,2382.285714285714,3397.714285714286,NA
2021-07-08,Thursday,105.14285714285714,9034.857142857143,0.009914537711161407,15.571428571428571,2.5714285714285716,592.7142857142857,2452.1428571428573,3523.1428571428573,NA
2021-07-07,Wednesday,101.57142857142857,9643.42857142857,0.009327492487184019,11.571428571428571,3,580.4285714285714,2790.714285714286,4347.714285714285,NA
2021-07-04,Sunday,103.14285714285714,10299.57142857143,0.009027301518805911,14.428571428571429,4.714285714285714,804.2857142857143,3285.4285714285716,6385.428571428572,NA
2021-07-03,Saturday,96.14285714285714,10464.857142857143,0.008889134907940093,14.285714285714286,4.571428571428571,801.8571428571429,3374.285714285714,7327.571428571428,NA
2021-07-02,Friday,90.85714285714286,10671.285714285714,0.00892252410864876,15,4.714285714285714,812.1428571428571,3551.285714285714,7920.285714285715,NA
2021-07-01,Thursday,90.71428571428571,10642,0.00912344077587897,14.714285714285714,5.428571428571429,834,3624.8571428571427,8136.857142857143,NA
2021-06-30,Wednesday,95.85714285714286,10653.857142857143,0.009328725167888954,15.285714285714286,5.571428571428571,855.4285714285714,3387.8571428571427,7377.857142857143,NA
2021-06-29,Tuesday,96.28571428571429,10689.714285714286,0.009443678451006627,15.142857142857142,5.285714285714286,875.4285714285714,3380.714285714286,7411.857142857143,NA
2021-06-28,Monday,96.42857142857143,10734.714285714286,0.009552069982408914,15.285714285714286,5.428571428571429,897.1428571428571,3443.1428571428573,7520.857142857143,NA
2021-06-27,Sunday,99,10986.142857142857,0.009661091309912726,16.142857142857142,5.285714285714286,920.8571428571429,3462.285714285714,6534.714285714285,NA
2021-06-26,Saturday,102.71428571428571,10921.285714285714,0.009774099353289982,16.285714285714285,6,946.8571428571429,3472.8571428571427,6293.714285714285,NA
2021-06-25,Friday,110.28571428571429,11142.57142857143,0.009893140661637993,14.142857142857142,5.857142857142857,976.4285714285714,3672.8571428571427,6864.714285714285,NA
2021-06-24,Thursday,110.85714285714286,11133.857142857143,0.010016161291786365,14.571428571428571,4.857142857142857,1006.1428571428571,3716.714285714286,7591.285714285715,NA
2021-06-23,Wednesday,111.42857142857143,11374.42857142857,0.010173164998002407,15.142857142857142,4.571428571428571,1038.7142857142858,3793.714285714286,8605.285714285714,NA
2021-06-22,Tuesday,112.42857142857143,11506.142857142857,0.010364648400012123,16.142857142857142,4.571428571428571,1074.857142857143,4381.714285714285,10158,NA
2021-06-21,Monday,114.57142857142857,11734.714285714286,0.010645747081151678,16,4.571428571428571,1122.4285714285713,4269.428571428572,10475.42857142857,NA
2021-06-20,Sunday,117.14285714285714,11931.285714285714,0.010972595449009512,16.142857142857142,4.714285714285714,1182.5714285714287,4032.5714285714284,10556.285714285714,NA
2021-06-19,Saturday,123.71428571428571,12084.42857142857,0.011434956910701895,17.142857142857142,4.714285714285714,1258.2857142857142,4303.714285714285,11531.285714285714,NA
2021-06-18,Friday,129.71428571428572,12088.57142857143,0.011867480594056888,19.857142857142858,5,1352.2857142857142,4193.428571428572,12042.285714285714,NA
2021-06-17,Thursday,138.57142857142858,12594.857142857143,0.012344109296768761,21.428571428571427,6.142857142857143,1421.142857142857,4531.857142857143,13021.714285714286,NA
2021-06-16,Wednesday,143.28571428571428,12908.857142857143,0.012722363381471055,21.857142857142858,6.571428571428571,1486.7142857142858,4745.285714285715,13462.42857142857,NA
2021-06-15,Tuesday,151.71428571428572,12956,0.013316156285497916,23.857142857142858,7,1548.7142857142858,4529,12955.714285714286,NA
2021-06-14,Monday,156,12939.714285714286,0.013824433494944827,25.285714285714285,7.142857142857143,1608.7142857142858,4769.571428571428,13208.285714285714,NA
2021-06-13,Sunday,167.14285714285714,12765.714285714286,0.014235654201108157,26.142857142857142,6.714285714285714,1674,5421,14049.714285714286,NA
2021-06-12,Saturday,181.14285714285714,13704,0.01442849037664208,25.714285714285715,6,1742.7142857142858,5655.142857142857,13886.42857142857,NA
2021-06-11,Friday,199.42857142857142,14262.714285714286,0.014699243421294491,24.571428571428573,7.285714285714286,1803.142857142857,6116.428571428572,13290.285714285714,NA
2021-06-10,Thursday,210.85714285714286,15537.42857142857,0.01490634837003327,26.428571428571427,6.714285714285714,1908.2857142857142,6205.428571428572,12203.285714285714,NA
2021-06-09,Wednesday,219.85714285714286,14419.57142857143,0.015512157003804782,30.285714285714285,7.142857142857143,2013.4285714285713,5960.285714285715,11189.42857142857,NA
2021-06-08,Tuesday,216.71428571428572,14106.714285714286,0.015875307354146485,28.142857142857142,6,2130.285714285714,5808.857142857143,10246.857142857143,NA
2021-06-07,Monday,198.85714285714286,13127,0.015968144376958204,26.285714285714285,5.714285714285714,1889.5714285714287,5501.571428571428,9390.142857142857,NA
2021-06-06,Sunday,190,13041.142857142857,0.01687610888895888,24.714285714285715,5.571428571428571,2091.8571428571427,5319.428571428572,8337.42857142857,NA
2021-06-05,Saturday,192.28571428571428,12653.285714285714,0.01826170282850935,22.428571428571427,6.142857142857143,2340.714285714286,5703.142857142857,8106.857142857143,NA
2021-06-04,Friday,198.14285714285714,12826.714285714286,0.019463514314258596,24,5.285714285714286,2643.4285714285716,6073.714285714285,8557.142857142857,NA
2021-06-03,Thursday,213.42857142857142,11965.285714285714,0.020800409651531335,22.285714285714285,4.857142857142857,2994.1428571428573,7065.142857142857,9701.857142857143,NA
2021-06-02,Wednesday,251.57142857142858,14309.57142857143,0.021934058361385553,20.428571428571427,4.857142857142857,3359.285714285714,8460.42857142857,11173.285714285714,NA
2021-05-31,Monday,332.42857142857144,16849.428571428572,0.02417264703591951,42.285714285714285,8.142857142857142,4437.714285714285,9611.857142857143,12921.42857142857,NA
2021-05-30,Sunday,380.2857142857143,17266.285714285714,0.025582065652522017,43.142857142857146,8,4786.857142857143,10438.285714285714,14208.857142857143,NA
2021-05-29,Saturday,402.57142857142856,18155.14285714286,0.026615855270455617,43,7.857142857142857,5144.571428571428,11369,15589.142857142857,NA
2021-05-28,Friday,439.14285714285717,18540.285714285714,0.027898106690287534,46,7.714285714285714,5494,13887.142857142857,18083.714285714286,NA
2021-05-27,Thursday,485.7142857142857,19361.285714285714,0.029113790530156277,50,10,5852,14976.142857142857,18928.428571428572,NA
2021-05-26,Wednesday,538.4285714285714,20146,0.030457952760737372,51.857142857142854,9.714285714285714,6184.857142857143,17451.571428571428,22109.571428571428,NA
2021-05-25,Tuesday,569.8571428571429,19929.14285714286,0.03159517899131593,51.857142857142854,10.142857142857142,6495.714285714285,17775.85714285714,23320.571428571428,NA
2021-05-24,Monday,607.4285714285714,20423.285714285714,0.03255203835448078,52.142857142857146,10.571428571428571,6818,18028.571428571428,23757.285714285714,NA
2021-05-23,Sunday,624.5714285714286,21246.714285714286,0.033358731283777796,51.57142857142857,10.571428571428571,7160,17911.428571428572,23820.285714285714,NA
2021-05-22,Saturday,676.2857142857143,21632.714285714286,0.034800768494845216,52,11,7518.428571428572,17768.285714285714,25072.714285714286,NA
2021-05-21,Friday,716.7142857142857,22175,0.03582186171198522,54.857142857142854,10.142857142857142,7904.571428571428,15514.714285714286,25155,NA
2021-05-20,Thursday,804.7142857142857,23439.428571428572,0.03685934832665467,57.285714285714285,8.428571428571429,8330,13555.285714285714,25931.14285714286,NA
2021-05-19,Wednesday,824.2857142857143,23830.714285714286,0.03751091101208251,60,10,8719.142857142857,10352,24257.428571428572,NA
2021-05-18,Tuesday,861.5714285714286,24402.714285714286,0.038507028505589264,63.285714285714285,10,9123.57142857143,10236.142857142857,24668.571428571428,NA
2021-05-17,Monday,870.7142857142857,24515.571428571428,0.039517316160594104,65.14285714285714,9.285714285714286,9573.714285714286,10238,25245.428571428572,NA
2021-05-16,Sunday,956.7142857142857,24109.428571428572,0.040771042844644494,65.14285714285714,9.285714285714286,10083.857142857143,10171,26380.428571428572,NA
2021-05-15,Saturday,957.4285714285714,24803.285714285714,0.04119404019717321,65.42857142857143,8.857142857142858,10575.714285714286,9438.285714285714,26787.714285714286,NA
2021-05-14,Friday,1020.1428571428571,25698.714285714286,0.042242519546176,65.71428571428571,9.571428571428571,11125.857142857143,9438.857142857143,27177.14285714286,NA
2021-05-13,Thursday,1041.142857142857,26775.571428571428,0.04315577210063045,65.42857142857143,10,11668.857142857143,10208.57142857143,27671.714285714286,NA
2021-05-12,Wednesday,1134,27369.14285714286,0.044502260885210004,67.57142857142857,9.142857142857142,12196.857142857143,11149.714285714286,27410.85714285714,NA
2021-05-11,Tuesday,1183.7142857142858,28012.285714285714,0.04532939857557373,71.85714285714286,9.428571428571429,12650.857142857143,11223.42857142857,26388.428571428572,NA
2021-05-10,Monday,1243,28072.14285714286,0.04626801201363346,81.71428571428571,9.714285714285714,13064.142857142857,10871.42857142857,25621,NA
2021-05-09,Sunday,1230.7142857142858,28862.85714285714,0.04692006892895017,82.42857142857143,10.142857142857142,13415,10978.857142857143,23992,NA
2021-05-08,Saturday,1359.7142857142858,29620.714285714286,0.047768620601233054,83.42857142857143,10,13806.42857142857,12118.714285714286,24035,NA
2021-05-07,Friday,1417.142857142857,30783.85714285714,0.04807216948691523,87.57142857142857,10.285714285714286,14072,13538,25180.428571428572,NA
2021-05-06,Thursday,1477.7142857142858,30549.571428571428,0.0484889199382362,91.85714285714286,10.857142857142858,14286.714285714286,15276.857142857143,25447.714285714286,NA
2021-05-05,Wednesday,1514.857142857143,32062,0.048442758828552764,93,11.142857142857142,14441.285714285714,15941.285714285714,24849.85714285714,NA
2021-05-04,Tuesday,1550.142857142857,31713.14285714286,0.04874498320719237,93.71428571428571,11.857142857142858,14571.42857142857,17257.14285714286,25806.285714285714,NA
2021-05-03,Monday,1563,31950.714285714286,0.048845744651256816,90.57142857142857,12,14698.42857142857,17917.714285714286,25533.714285714286,NA
2021-05-02,Sunday,1576.142857142857,32265.285714285714,0.0489600666832149,91.71428571428571,11.571428571428571,14869.714285714286,19039.14285714286,26397.285714285714,NA
2021-05-01,Saturday,1555.5714285714287,32312.428571428572,0.04914514050075646,91.57142857142857,11.714285714285714,15070.714285714286,21317.285714285714,27557.714285714286,NA
2021-04-30,Friday,1610,32856.28571428572,0.04951307028226113,93.28571428571429,11.428571428571429,15347.714285714286,22394.14285714286,26015.428571428572,NA
2021-04-29,Thursday,1651.4285714285713,34348.71428571428,0.050086326704027795,94.71428571428571,10.571428571428571,15653.57142857143,22514.14285714286,26060.85714285714,NA
2021-04-28,Wednesday,1658.857142857143,33605.57142857143,0.05083528408697199,95.42857142857143,9.857142857142858,15964.285714285714,23291.571428571428,26486.85714285714,NA
2021-04-27,Tuesday,1672.7142857142858,33750,0.05178380600576271,90.85714285714286,8.571428571428571,16300.857142857143,23347.285714285714,25738.85714285714,NA
2021-04-26,Monday,1687.142857142857,33946.71428571428,0.0527709614519274,102.85714285714286,7.571428571428571,16674.14285714286,23839,25711.571428571428,NA
2021-04-25,Sunday,1700.7142857142858,33922.28571428572,0.05382508569795374,101.71428571428571,8.428571428571429,17065,23885,26745.714285714286,NA
2021-04-24,Saturday,1740.4285714285713,34301.57142857143,0.05519937142570123,101.71428571428571,9.571428571428571,17473.14285714286,23768.571428571428,26020,NA
2021-04-23,Friday,1786.857142857143,33677.857142857145,0.05659418683379569,104.71428571428571,9.857142857142858,17867.714285714286,25437.85714285714,27338.285714285714,NA
2021-04-22,Thursday,1805.7142857142858,33883.857142857145,0.05781702094189598,103.85714285714286,9.285714285714286,18214.571428571428,26731,26664.14285714286,NA
2021-04-21,Wednesday,1914.7142857142858,34203.71428571428,0.05908184208202768,105.14285714285714,9.428571428571429,18448.14285714286,27476.714285714286,26786.428571428572,NA
2021-04-20,Tuesday,1929.5714285714287,34171.142857142855,0.05991126755134099,110.42857142857143,9.857142857142858,18591.571428571428,28873.714285714286,27966.14285714286,NA
2021-04-19,Monday,1955,34260,0.060789303486188925,108.71428571428571,9.571428571428571,18693.285714285714,29732.714285714286,29353.14285714286,NA
2021-04-18,Sunday,2055.285714285714,34409.857142857145,0.062047908240207714,111,9,18743.714285714286,31934,30588.714285714286,NA
2021-04-17,Saturday,2046.2857142857142,33817.857142857145,0.06262761356511412,110.14285714285714,8.714285714285714,18662.14285714286,35214.57142857143,32742.714285714286,NA
2021-04-16,Friday,2049.8571428571427,33184,0.06276443470209554,107.14285714285714,9,18545.285714285714,36936.28571428572,33445,NA
2021-04-15,Thursday,2101.285714285714,33793,0.0625033495573712,109.14285714285714,9.571428571428571,18353.85714285714,37488.142857142855,34438.71428571428,NA
2021-04-14,Wednesday,2072.5714285714284,33545.857142857145,0.06238692953008787,106.85714285714286,10,18175.285714285714,37148.142857142855,34616.28571428572,NA
2021-04-13,Tuesday,2113.8571428571427,33776.857142857145,0.06214306101934699,104,10.428571428571429,17980.428571428572,37324.857142857145,34740.71428571428,NA
2021-04-12,Monday,2349.1428571428573,35809.142857142855,0.06171963303029122,98,10.571428571428571,17700,39382.57142857143,36591.57142857143,NA
2021-04-11,Sunday,2064.285714285714,32347.428571428572,0.06099348254674671,94.28571428571429,10.285714285714286,15067.285714285714,34562.71428571428,31797,NA
2021-04-10,Saturday,2007.2857142857142,32681.428571428572,0.059803697102744025,95.28571428571429,9.857142857142858,14693.57142857143,32017.428571428572,29162.14285714286,NA
2021-04-09,Friday,1953.142857142857,32618.85714285714,0.05914341674748946,90,9.714285714285714,14312,31324.285714285714,28227.571428571428,NA
2021-04-08,Thursday,1938,31613.428571428572,0.058678795450484225,83.14285714285714,8.857142857142858,13924,31100.428571428572,27028.14285714286,NA
2021-04-07,Wednesday,1881.5714285714287,31384.285714285714,0.05759369293196042,82.85714285714286,8.571428571428571,13517.57142857143,30527.285714285714,26677.571428571428,NA
2021-04-06,Tuesday,1832.4285714285713,30796.571428571428,0.05659666885409831,79.85714285714286,7.571428571428571,13141.857142857143,29116.285714285714,26962.14285714286,NA
2021-04-04,Sunday,1805.857142857143,31834.85714285714,0.05446512379112997,71.71428571428571,7.857142857142857,14609.42857142857,31160.428571428572,26875.14285714286,NA
2021-04-03,Saturday,1783.2857142857142,31025.571428571428,0.05329157253371671,70.85714285714286,7.142857142857143,14139.714285714286,30379.14285714286,27663,NA
2021-04-02,Friday,1736,30417,0.051851447153032165,68,6.142857142857143,13643.42857142857,30082,26449.14285714286,NA
2021-04-01,Thursday,1616.142857142857,29549.571428571428,0.05019239163655072,66.85714285714286,6.571428571428571,13136.714285714286,29630.714285714286,25625.571428571428,NA
2021-03-31,Wednesday,1575.7142857142858,29239.285714285714,0.048857426482839354,64.14285714285714,7.142857142857143,12718.142857142857,29048.85714285714,24113.428571428572,NA
2021-03-30,Tuesday,1527.5714285714287,29784,0.04732637401981088,60.714285714285715,6.714285714285714,12296.285714285714,28548.571428571428,21212.714285714286,NA
2021-03-29,Monday,1469.2857142857142,29548.428571428572,0.046107101626851194,60.57142857142857,7.571428571428571,11890.57142857143,25561.14285714286,20003.571428571428,NA
2021-03-28,Sunday,1412.4285714285713,29107.571428571428,0.0450441695671218,59.42857142857143,6.857142857142857,11505.57142857143,26032.14285714286,19457.285714285714,NA
2021-03-27,Saturday,1373.7142857142858,28922.285714285714,0.044007332032519865,59.42857142857143,6.857142857142857,11151.42857142857,26589,17133.285714285714,NA
2021-03-26,Friday,1324.5714285714287,29047.85714285714,0.0431984879547085,60.285714285714285,7.142857142857143,10796.57142857143,24620.714285714286,16384.714285714286,NA
2021-03-25,Thursday,1286.7142857142858,28413.714285714286,0.0424902644842656,59.42857142857143,7.428571428571429,10454.57142857143,24560,16313.42857142857,NA
2021-03-24,Wednesday,1236.4285714285713,28671.85714285714,0.041747322666322154,57.142857142857146,6,10142,24317.428571428572,16589.428571428572,NA
2021-03-23,Tuesday,1196.857142857143,27992.571428571428,0.04118962206666179,56.42857142857143,5.714285714285714,9864,24643,17933.285714285714,NA
2021-03-22,Monday,1174.857142857143,27771.714285714286,0.040571556226082515,52.285714285714285,5,9597.285714285714,24225.428571428572,18019.571428571428,NA
2021-03-21,Sunday,1128.7142857142858,27371,0.040862375612178065,53.142857142857146,5.142857142857143,9336.142857142857,24065.85714285714,18869.14285714286,NA
2021-03-20,Saturday,1134.5714285714287,27097.285714285714,0.04041823520378962,53.142857142857146,5.142857142857143,9094.285714285714,23738.714285714286,19036.428571428572,NA
2021-03-19,Friday,1104.7142857142858,27146.571428571428,0.039783304931952555,51.285714285714285,4.857142857142857,8819.57142857143,24915.571428571428,18353.714285714286,NA
2021-03-18,Thursday,1055.857142857143,26344.571428571428,0.03916492699538756,49,5.428571428571429,8552.142857142857,24749,17367.714285714286,NA
2021-03-17,Wednesday,997.4285714285714,25474.428571428572,0.038314424289692235,45.285714285714285,7.285714285714286,8313.714285714286,25894.14285714286,18771,NA
2021-03-16,Tuesday,979.7142857142857,25522.714285714286,0.0366107469052264,46.142857142857146,7.571428571428571,8121.428571428572,25499.14285714286,18095.85714285714,NA
2021-03-15,Monday,1111.857142857143,24901,0.03505761769685899,44.714285714285715,27.285714285714285,7943.571428571428,26930.14285714286,18936.85714285714,NA
2021-03-14,Sunday,1061,27716,0.031987266323489576,43,28,7741.285714285715,27723.285714285714,19676.85714285714,NA
2021-03-13,Saturday,1046.7142857142858,27828.714285714286,0.030213656572770895,41.857142857142854,27.857142857142858,7571.714285714285,27009.714285714286,19905.428571428572,NA
2021-03-12,Friday,1015.8571428571429,27797.714285714286,0.028504140293712864,40.142857142857146,29,7416.428571428572,26814.571428571428,20513.85714285714,NA
2021-03-11,Thursday,973.8571428571429,28324,0.026961711605015825,40.142857142857146,29,7291.142857142857,25977.14285714286,20359,NA
2021-03-10,Wednesday,952.8571428571429,32985.28571428572,0.025896116416984985,39.857142857142854,28.285714285714285,7213.428571428572,24912.85714285714,18721.285714285714,NA
2021-03-09,Tuesday,933.7142857142857,32852.857142857145,0.025945508824836972,36.142857142857146,29.428571428571427,7161.142857142857,25478,18547.714285714286,NA
2021-03-08,Monday,762.5714285714286,33409.71428571428,0.0260638517914702,36.42857142857143,10,7119,24288.285714285714,17833.428571428572,NA
2021-03-07,Sunday,785.8571428571429,30990.571428571428,0.027174316527312996,37,9.571428571428571,7122.714285714285,23961.571428571428,16782.285714285714,NA
2021-03-06,Saturday,773.8571428571429,31102,0.02787949800144529,37.42857142857143,10.142857142857142,7106.428571428572,25648.428571428572,16125.285714285714,NA
2021-03-05,Friday,752.5714285714286,30473.14285714286,0.028771990576855776,36.42857142857143,10.285714285714286,7100.142857142857,24437.85714285714,15775.714285714286,NA
2021-03-04,Thursday,802,30746,0.029667689604580213,38.714285714285715,10.142857142857142,7086.714285714285,23559,16276,NA
2021-03-03,Wednesday,808.7142857142857,27006,0.030130524884412518,40.57142857142857,9.142857142857142,7052.142857142857,22706,16200.285714285714,NA
2021-03-02,Tuesday,804.8571428571429,26925.571428571428,0.030103508615831782,42.57142857142857,8,7017.571428571428,20928.714285714286,15804.714285714286,NA
2021-03-01,Monday,814.8571428571429,26725.571428571428,0.030043789781674598,35.57142857142857,7.571428571428571,6991.142857142857,20356.428571428572,15769.857142857143,NA
2021-02-28,Sunday,804.1428571428571,26487.285714285714,0.029856550031290445,37.714285714285715,7.285714285714286,6955.428571428572,17677.714285714286,15890,NA
2021-02-27,Saturday,815.2857142857143,26354.571428571428,0.029714824923586777,41.142857142857146,7.428571428571429,6945.428571428572,13425,16505,NA
2021-02-26,Friday,823.5714285714286,26987.571428571428,0.02944118260301997,45,7.142857142857143,6927.428571428572,10947.857142857143,17064.14285714286,NA
2021-02-25,Thursday,801,27775.285714285714,0.02931410193820189,40.57142857142857,6.571428571428571,6935.142857142857,10415.57142857143,17447.714285714286,NA
2021-02-24,Wednesday,791.2857142857143,26596,0.029515283106788418,41.714285714285715,7.571428571428571,6930,10627.42857142857,17792.85714285714,NA
2021-02-23,Tuesday,794.4285714285714,26951.85714285714,0.02939191676743571,40.714285714285715,7.714285714285714,6937.714285714285,10839.857142857143,17447,NA
2021-02-22,Monday,786.2857142857143,26946.85714285714,0.02926419250049645,40.142857142857146,7.857142857142857,6984.142857142857,12059.714285714286,16972.428571428572,NA
2021-02-21,Sunday,793.4285714285714,27023.85714285714,0.02925877861671749,42.714285714285715,8,7042.285714285715,13345,16254.42857142857,NA
2021-02-20,Saturday,777.4285714285714,26822,0.029185081872192438,44.285714285714285,7.714285714285714,7105.714285714285,14416.57142857143,15182,NA
2021-02-19,Friday,788.8571428571429,26623.14285714286,0.029242636904300994,45.857142857142854,7.142857142857143,7205.714285714285,15740.714285714286,13805.857142857143,NA
2021-02-18,Thursday,797,26353.285714285714,0.02917641091056929,50.285714285714285,8.714285714285714,7307,15869.57142857143,12411.857142857143,NA
2021-02-17,Wednesday,794,27474.571428571428,0.029129245866710982,51.857142857142854,10.142857142857142,7416.142857142857,16003.857142857143,11133.714285714286,NA
2021-02-16,Tuesday,778.8571428571429,27241.14285714286,0.02946526975527493,54.285714285714285,10.285714285714286,7538.285714285715,16720.85714285714,11127.857142857143,NA
2021-02-15,Monday,797.4285714285714,27362.571428571428,0.029816722027920822,59.57142857142857,10.857142857142858,7657,16978.14285714286,11334.42857142857,NA
2021-02-14,Sunday,790.7142857142857,27407.85714285714,0.030121266302137926,58.714285714285715,11,7776.428571428572,15297.857142857143,10130.42857142857,NA
2021-02-13,Saturday,810,27563.285714285714,0.030524994408813153,61.42857142857143,11.428571428571429,7909,16658.285714285714,8812.714285714286,NA
2021-02-12,Friday,819.4285714285714,28102.285714285714,0.030851864586334113,61.42857142857143,12.714285714285714,8025.428571428572,17150.428571428572,7384.285714285715,NA
2021-02-11,Thursday,818.8571428571429,27413.714285714286,0.031297813634323456,60.57142857142857,13.142857142857142,8153.571428571428,17716.85714285714,6935,NA
2021-02-10,Wednesday,890.7142857142857,28560.85714285714,0.031527448209667526,61.57142857142857,12.142857142857142,8286.57142857143,17850.14285714286,6556.857142857143,NA
2021-02-09,Tuesday,889.5714285714286,28671.714285714286,0.03158365253798204,59.42857142857143,14,8355.57142857143,17364.85714285714,6457.714285714285,NA
2021-02-08,Monday,896.2857142857143,28672.14285714286,0.03179488246596056,61.142857142857146,14.285714285714286,8450,16365.714285714286,6073.571428571428,NA
2021-02-07,Sunday,919.5714285714286,29031.714285714286,0.032025232293804766,62.42857142857143,14.142857142857142,8566.57142857143,19400.428571428572,6417.571428571428,NA
2021-02-06,Saturday,931.2857142857143,29396.571428571428,0.032238431540645464,59.57142857142857,14.571428571428571,8691.714285714286,20576,5994.285714285715,NA
2021-02-05,Friday,939.4285714285714,29088.85714285714,0.03249317292789136,59.57142857142857,15,8849.57142857143,21743.85714285714,5910,NA
2021-02-04,Thursday,952.4285714285714,30187.571428571428,0.0327428469374345,62.714285714285715,15.857142857142858,9035.142857142857,22121.85714285714,6211,NA
2021-02-03,Wednesday,941.7142857142857,29813.285714285714,0.033431173045003135,60,15.714285714285714,9228.142857142857,22480.14285714286,7041.857142857143,NA
2021-02-02,Tuesday,967.7142857142857,29768.428571428572,0.03421751495197547,61.857142857142854,14.857142857142858,9460.714285714286,23309.85714285714,7051.571428571428,NA
2021-02-01,Monday,981.1428571428571,29840.428571428572,0.03518762738280781,60,14.857142857142858,9669.42857142857,24991,6973.142857142857,NA
2021-01-31,Sunday,990.7142857142857,29868.714285714286,0.03614092659995543,60.57142857142857,15,9883.142857142857,24412,6932.857142857143,NA
2021-01-30,Saturday,1019.2857142857143,30474.428571428572,0.037174758025519956,57.714285714285715,17.714285714285715,10111.285714285714,21720.14285714286,6520.857142857143,NA
2021-01-29,Friday,1087.5714285714287,32019.285714285714,0.038373251876007285,61.857142857142854,19.428571428571427,10304.285714285714,18798,6748.285714285715,NA
2021-01-28,Thursday,1141.857142857143,31489.428571428572,0.03983841713870069,64.28571428571429,18.428571428571427,10503.57142857143,16644,6176.142857142857,NA
2021-01-27,Wednesday,1135.7142857142858,30581.714285714286,0.040953310832311185,66.42857142857143,20.714285714285715,10665.857142857143,14350,4969,NA
2021-01-26,Tuesday,1190.857142857143,30208.85714285714,0.042270051182527205,71,23,10854.714285714286,12044.42857142857,4187,NA
2021-01-25,Monday,1218.7142857142858,30756.428571428572,0.043267964482663984,72,22.714285714285715,11060.285714285714,10360.42857142857,4201.571428571428,NA
2021-01-24,Sunday,1245.2857142857142,30726.428571428572,0.044109317863132706,73.85714285714286,24,11300.714285714286,8924.57142857143,3912.1428571428573,NA
2021-01-23,Saturday,1269.2857142857142,30235.14285714286,0.04490593475130948,82,25.142857142857142,11574.714285714286,7864.714285714285,3940.5714285714284,NA
2021-01-22,Friday,1264.142857142857,28506.85714285714,0.04575007378934469,83.14285714285714,26,11961.285714285714,7430,3551.285714285714,NA
2021-01-21,Thursday,1280.5714285714287,29091.428571428572,0.04650303884657771,80.42857142857143,27.714285714285715,12490.142857142857,7215.285714285715,3843.1428571428573,NA
2021-01-20,Wednesday,1324.2857142857142,28497.85714285714,0.047671338600724776,84.28571428571429,29.285714285714285,13085.857142857143,7705.571428571428,4370.428571428572,NA
2021-01-19,Tuesday,1362.4285714285713,29376.428571428572,0.04858530631248465,83.71428571428571,31.571428571428573,13752.42857142857,7946.714285714285,NA,NA
2021-01-18,Monday,1421.4285714285713,31400.14285714286,0.05000933950068079,87.57142857142857,32.57142857142857,14224.714285714286,NA,NA,NA
2021-01-17,Sunday,1421.4285714285713,30962,0.052138316105059104,86.28571428571429,31.428571428571427,14617.714285714286,NA,NA,NA
2021-01-16,Saturday,1535.857142857143,32222.714285714286,0.0557215140605235,84.57142857142857,32,15064,NA,NA,NA
2021-01-15,Friday,1673,33897.71428571428,0.057475807534712965,81.14285714285714,32.857142857142854,15392.142857142857,NA,NA,NA
2021-01-14,Thursday,1779.7142857142858,34281.857142857145,0.058983917977855904,81.71428571428571,35,15559.857142857143,NA,NA,NA
2021-01-13,Wednesday,1837.7142857142858,34914.857142857145,0.06050516490864184,83,35.142857142857146,15601.142857142857,NA,NA,NA
2021-01-12,Tuesday,1958,34820.142857142855,0.061850719558571327,84.85714285714286,37.57142857142857,15559.42857142857,NA,NA,NA
2021-01-11,Monday,1997.5714285714287,32956.71428571428,0.062403896358959376,90.71428571428571,38.285714285714285,15359.42857142857,NA,NA,NA
2021-01-10,Sunday,2307.285714285714,31808.85714285714,0.06223273696523423,95.42857142857143,39.57142857142857,15052.714285714286,NA,NA,NA
2021-01-09,Saturday,2385.714285714286,39839.28571428572,0.059119415190954594,102.14285714285714,40.857142857142854,14422.142857142857,NA,NA,NA
2021-01-08,Friday,2030.142857142857,33751.857142857145,0.058967223606317565,90.42857142857143,34.714285714285715,12107.285714285714,NA,NA,NA
2021-01-07,Thursday,2052.4285714285716,32695.285714285714,0.05743826215393483,96.71428571428571,35.57142857142857,11772.857142857143,NA,NA,NA
2021-01-06,Wednesday,2081,33610,0.054755570216641444,98.42857142857143,38,11403,NA,NA,NA
2021-01-05,Tuesday,2034.2857142857142,33919.71428571428,0.051853080911060265,104.57142857142857,37.857142857142854,10976.857142857143,NA,NA,NA
2021-01-04,Monday,1945.142857142857,32770.42857142857,0.048995468391439964,108.57142857142857,40.42857142857143,10873.285714285714,NA,NA,NA
2021-01-03,Sunday,1650.7142857142858,33257.28571428572,0.04602217481025498,111.42857142857143,40.42857142857143,11022,NA,NA,NA
2021-01-01,Friday,1625,32022.285714285714,0.04470506576681955,110.14285714285714,38.57142857142857,11493.42857142857,NA,NA,NA
2020-12-31,Thursday,1571.7142857142858,33630.28571428572,0.044845850455324514,108.42857142857143,39,12133,NA,NA,NA
2020-12-30,Wednesday,1530.7142857142858,34148.42857142857,0.045567489555265,112.14285714285714,41.57142857142857,12873.714285714286,NA,NA,NA
2020-12-29,Tuesday,1458.4285714285713,33816.57142857143,0.04711482624593121,112.71428571428571,42.857142857142854,13712.285714285714,NA,NA,NA
2020-12-28,Monday,1562.142857142857,37346.57142857143,0.049321259971490804,113,41.142857142857146,14762.714285714286,NA,NA,NA
2020-12-27,Sunday,1692.2857142857142,40204,0.05203535158111965,109.71428571428571,42.42857142857143,15821,NA,NA,NA
2020-12-25,Friday,2112.714285714286,42234.71428571428,0.056476436695653415,127.14285714285714,54.857142857142854,20363.428571428572,NA,NA,NA
2020-12-24,Thursday,2193.714285714286,43774.42857142857,0.05912872721708523,133.28571428571428,56,21444.14285714286,NA,NA,NA
2020-12-23,Wednesday,2316.285714285714,43218.28571428572,0.06245159580007763,140.42857142857142,56.57142857142857,22553,NA,NA,NA
2020-12-22,Tuesday,2425.714285714286,42665.28571428572,0.06580864347369236,147.28571428571428,59,23612.571428571428,NA,NA,NA
2020-12-21,Monday,2515.1428571428573,42650.42857142857,0.06911725197603776,141.57142857142858,58.57142857142857,24769.714285714286,NA,NA,NA
2020-12-20,Sunday,2662,44369.57142857143,0.07259005380565187,144.42857142857142,58,26078.85714285714,NA,NA,NA
2020-12-19,Saturday,2766.8571428571427,41963.71428571428,0.07638079027400833,148.57142857142858,60.142857142857146,27549.14285714286,NA,NA,NA
2020-12-18,Friday,3006.1428571428573,43848.42857142857,0.0794421466056422,153.14285714285714,61.57142857142857,29198.571428571428,NA,NA,NA
2020-12-17,Thursday,3154.1428571428573,43058.57142857143,0.08285051782963387,163.28571428571428,65.71428571428571,31037,NA,NA,NA
2020-12-16,Wednesday,3261,42179.57142857143,0.08609259714306217,167.28571428571428,66.57142857142857,32875.57142857143,NA,NA,NA
2020-12-15,Tuesday,3583.8571428571427,45025.42857142857,0.08932043427069448,170.14285714285714,65.14285714285714,34864.71428571428,NA,NA,NA
2020-12-14,Monday,3689.5714285714284,44328.857142857145,0.09238504636265947,182.85714285714286,65.28571428571429,36630.142857142855,NA,NA,NA
2020-12-13,Sunday,4013.8571428571427,46942.71428571428,0.095235665136918,186.14285714285714,65.71428571428571,37731.142857142855,NA,NA,NA
2020-12-12,Saturday,4320.857142857143,49681.28571428572,0.09878448183776835,195.57142857142858,62.714285714285715,38561.28571428572,NA,NA,NA
2020-12-11,Friday,4590.857142857143,50014.42857142857,0.10233821074692609,203.28571428571428,63.857142857142854,39204,NA,NA,NA
2020-12-10,Thursday,4819.142857142857,50301.28571428572,0.10391392359544986,200.85714285714286,59.142857142857146,39605.42857142857,NA,NA,NA
2020-12-09,Wednesday,5196.714285714285,51980.857142857145,0.10523600732144911,204.42857142857142,59.57142857142857,39763.57142857143,NA,NA,NA
2020-12-08,Tuesday,5290,52271.857142857145,0.10573609878236641,211.85714285714286,58.857142857142854,39504.857142857145,NA,NA,NA
2020-12-07,Monday,5360,51526.57142857143,0.10554654056328108,223.85714285714286,58.857142857142854,39353.142857142855,NA,NA,NA
2020-12-06,Sunday,5432.142857142857,48628.71428571428,0.10478882755394855,227.14285714285714,58,40003.57142857143,NA,NA,NA
2020-12-05,Saturday,5912.857142857143,52930.71428571428,0.1028027980360614,233.71428571428572,57,40790.42857142857,NA,NA,NA
2020-12-04,Friday,6299,61029.142857142855,0.10128802643843743,255,52.714285714285715,41181.42857142857,NA,NA,NA
2020-12-03,Thursday,5531.714285714285,52440.857142857145,0.1009460981041448,225.71428571428572,44,35184.71428571428,NA,NA,NA
2020-12-02,Wednesday,5465.714285714285,52771.142857142855,0.10175737574802687,230.28571428571428,45.285714285714285,36144.71428571428,NA,NA,NA
2020-12-01,Tuesday,5638.142857142857,56237.71428571428,0.1036116056870867,238.14285714285714,44.57142857142857,37236.42857142857,NA,NA,NA
2020-11-30,Monday,6045.714285714285,60786,0.10662377630033558,240.71428571428572,46.857142857142854,38180.57142857143,NA,NA,NA
2020-11-29,Sunday,6124.571428571428,62798.57142857143,0.11065125113320182,244.85714285714286,48.142857142857146,38660.857142857145,NA,NA,NA
2020-11-28,Saturday,5876.857142857143,58542.28571428572,0.11611802707509164,239.71428571428572,45.714285714285715,39093.42857142857,NA,NA,NA
2020-11-26,Thursday,6453.571428571428,58761,0.12382295040036809,267.42857142857144,56.285714285714285,47141.857142857145,NA,NA,NA
2020-11-25,Wednesday,6764,59039.71428571428,0.12806226451016758,267.7142857142857,52.142857142857146,47415.57142857143,NA,NA,NA
2020-11-24,Tuesday,6578.714285714285,54997.28571428572,0.13197061133988217,264.2857142857143,51.42857142857143,47409.28571428572,NA,NA,NA
2020-11-23,Monday,6510.428571428572,52067.28571428572,0.13570467810898953,265,49.714285714285715,47632.142857142855,NA,NA,NA
2020-11-22,Sunday,6666.285714285715,51164.57142857143,0.1381549830219408,265,48,47998.28571428572,NA,NA,NA
2020-11-21,Saturday,6714.857142857143,50816.857142857145,0.1398805215771288,261.42857142857144,46.714285714285715,48085,NA,NA,NA
2020-11-20,Friday,7063.142857142857,50716.57142857143,0.14190042200623798,259.7142857142857,44.42857142857143,47753.857142857145,NA,NA,NA
2020-11-19,Thursday,6883.142857142857,49616.71428571428,0.14142320008348339,246.85714285714286,41.285714285714285,46557.57142857143,NA,NA,NA
2020-11-18,Wednesday,6790.428571428572,48329.142857142855,0.14133116893854103,248.71428571428572,36.57142857142857,45282.71428571428,NA,NA,NA
2020-11-17,Tuesday,6761.571428571428,46502,0.14027312596446773,237.28571428571428,35,43781,NA,NA,NA
2020-11-16,Monday,6613.142857142857,46617.142857142855,0.13719440490817447,225.71428571428572,34.57142857142857,41825.28571428572,NA,NA,NA
2020-11-15,Sunday,6111.142857142857,42955.28571428572,0.13540000296635935,221,35.57142857142857,39519.57142857143,NA,NA,NA
2020-11-14,Saturday,5877.571428571428,40139.857142857145,0.1320653239769157,217.28571428571428,35.57142857142857,37247,NA,NA,NA
2020-11-13,Friday,5298.142857142857,39332.57142857143,0.12724188871868286,207.28571428571428,35.42857142857143,34905.42857142857,NA,NA,NA
2020-11-12,Thursday,5284.142857142857,38507,0.12389072928268546,203.85714285714286,34,32874.28571428572,NA,NA,NA
2020-11-11,Wednesday,4816.714285714285,36539.42857142857,0.11948277483575717,186,32,30724.428571428572,NA,NA,NA
2020-11-10,Tuesday,4665.857142857143,37747.57142857143,0.11544311033138639,183.71428571428572,28.428571428571427,28907.85714285714,NA,NA,NA
2020-11-09,Monday,4462.571428571428,34469.142857142855,0.11244946204143777,176.28571428571428,27.285714285714285,27012.714285714286,NA,NA,NA
2020-11-08,Sunday,4323.142857142857,36226.28571428572,0.10739394050590362,170.42857142857142,25.857142857142858,25107.571428571428,NA,NA,NA
2020-11-07,Saturday,3793.5714285714284,33729.857142857145,0.10358923134286259,160.57142857142858,24,23198.85714285714,NA,NA,NA
2020-11-06,Friday,3561.285714285714,32252.85714285714,0.09980151976310285,153.42857142857142,22,21645.14285714286,NA,NA,NA
2020-11-05,Thursday,3234.285714285714,30554.428571428572,0.09570221729020885,146.42857142857142,19.428571428571427,20138,NA,NA,NA
2020-11-04,Wednesday,3079.4285714285716,29942,0.09160946252737068,142,20.428571428571427,18856.14285714286,NA,NA,NA
2020-11-03,Tuesday,2804,27444.428571428572,0.08712259156022083,131.14285714285714,18.714285714285715,17655,NA,NA,NA
2020-11-02,Monday,2617.714285714286,27864.571428571428,0.08208139053067588,121.28571428571429,18.714285714285715,16611.85714285714,NA,NA,NA
2020-11-01,Sunday,2421.1428571428573,25872.714285714286,0.07746804743470394,117.57142857142857,18,15695.714285714286,NA,NA,NA
2020-10-31,Saturday,2345,27096.571428571428,0.07314905306945829,118,18.428571428571427,14900.57142857143,NA,NA,NA
2020-10-30,Friday,2237.4285714285716,27030.571428571428,0.06995065836474075,111.57142857142857,17.571428571428573,14107.42857142857,NA,NA,NA
2020-10-29,Thursday,2031.142857142857,26168.85714285714,0.06715233062893941,109.28571428571429,16.857142857142858,13378,NA,NA,NA
2020-10-28,Wednesday,1845.7142857142858,25639.571428571428,0.06464924012944566,101.14285714285714,15.142857142857142,12858.285714285714,NA,NA,NA
2020-10-27,Tuesday,1726.5714285714287,25810.285714285714,0.06300975389207682,98.14285714285714,17.428571428571427,12518.857142857143,NA,NA,NA
2020-10-26,Monday,1575.2857142857142,25454.14285714286,0.061775679414118545,96,16.285714285714285,12316.42857142857,NA,NA,NA
2020-10-25,Sunday,1583,25224,0.06099674034716138,92.14285714285714,16.428571428571427,12264.857142857143,NA,NA,NA
2020-10-24,Saturday,1589.857142857143,24642.285714285714,0.05994993240796526,91.85714285714286,15.857142857142858,12164,NA,NA,NA
2020-10-23,Friday,1509.2857142857142,23687,0.05859650456575486,88.57142857142857,14.571428571428571,12020.857142857143,NA,NA,NA
2020-10-22,Thursday,1591.5714285714287,26208.14285714286,0.05712660997389376,82,14.571428571428571,11905.714285714286,NA,NA,NA
2020-10-21,Wednesday,1533.7142857142858,25284.714285714286,0.05588408864598789,80.28571428571429,14.428571428571429,11689.285714285714,NA,NA,NA
2020-10-20,Tuesday,1578.2857142857142,26932,0.05442268451360832,77.42857142857143,13.571428571428571,11515.142857142857,NA,NA,NA
2020-10-19,Monday,1582.5714285714287,27839.428571428572,0.053477618935302756,70.71428571428571,13.571428571428571,11250.57142857143,NA,NA,NA
2020-10-18,Sunday,1517.7142857142858,27274.85714285714,0.05279058997290143,73.14285714285714,13.285714285714286,10919.42857142857,NA,NA,NA
2020-10-17,Saturday,1477.4285714285713,26924.285714285714,0.05190546535838656,71.28571428571429,12.285714285714286,10590,NA,NA,NA
2020-10-16,Friday,1453.5714285714287,27450,0.05078762787145527,66.71428571428571,13,10239.142857142857,NA,NA,NA
2020-10-15,Thursday,1327.4285714285713,25659.571428571428,0.04998210449500687,66.42857142857143,13.142857142857142,9869.42857142857,NA,NA,NA
2020-10-14,Wednesday,1342.7142857142858,26806.428571428572,0.04921275790176793,70.85714285714286,11.285714285714286,9612.42857142857,NA,NA,NA
2020-10-13,Tuesday,1274.7142857142858,24593.428571428572,0.04859497396727892,68.57142857142857,9.142857142857142,9326.857142857143,NA,NA,NA
2020-10-12,Monday,1246.7142857142858,23905.14285714286,0.04753801635960657,68.71428571428571,8.714285714285714,9075.42857142857,NA,NA,NA
2020-10-11,Sunday,1218.7142857142858,24628.428571428572,0.046288256954250484,66.71428571428571,8.714285714285714,8844.142857142857,NA,NA,NA
2020-10-10,Saturday,1161.2857142857142,24660.571428571428,0.04541143245253949,65.14285714285714,8.285714285714286,8650.142857142857,NA,NA,NA
2020-10-09,Friday,1146.5714285714287,24171.714285714286,0.04505622347583956,65.42857142857143,8.857142857142858,8539.714285714286,NA,NA,NA
2020-10-08,Thursday,1113.7142857142858,24043.714285714286,0.04462625736554288,61.285714285714285,8.285714285714286,8445.285714285714,NA,NA,NA
2020-10-07,Wednesday,1083.7142857142858,23673.571428571428,0.044454257169458514,55.42857142857143,9.285714285714286,8389.57142857143,NA,NA,NA
2020-10-06,Tuesday,1051,23660,0.04446790088113851,55.285714285714285,9.571428571428571,8357,NA,NA,NA
2020-10-05,Monday,1031.4285714285713,23810.14285714286,0.04478651745223156,56.285714285714285,9.714285714285714,8358.142857142857,NA,NA,NA
2020-10-04,Sunday,1024.857142857143,23615.85714285714,0.04524219126548164,56.285714285714285,10.285714285714286,8357.142857142857,NA,NA,NA
2020-10-03,Saturday,1029,23046.14285714286,0.045914442060105594,57.57142857142857,9.857142857142858,8339.42857142857,NA,NA,NA
2020-10-02,Friday,1035.2857142857142,23277.571428571428,0.046810688457778936,57.42857142857143,9.285714285714286,8271.714285714286,NA,NA,NA
2020-10-01,Thursday,1036.2857142857142,22940.85714285714,0.04754644312231072,60.42857142857143,8.714285714285714,8146.571428571428,NA,NA,NA
2020-09-30,Wednesday,1026.142857142857,22328.571428571428,0.048152182904938515,56.857142857142854,7.285714285714286,8002.428571428572,NA,NA,NA
2020-09-29,Tuesday,1026.2857142857142,21950.85714285714,0.04865263104039292,54.285714285714285,5.857142857142857,7845.571428571428,NA,NA,NA
2020-09-28,Monday,982.8571428571429,21115.285714285714,0.04885007772365598,49.57142857142857,6.571428571428571,7640.285714285715,NA,NA,NA
2020-09-27,Sunday,983,20386.85714285714,0.04898248505726757,47.142857142857146,6.142857142857143,7426.857142857143,NA,NA,NA
2020-09-26,Saturday,1018.2857142857143,19848.714285714286,0.04851158973871056,45.57142857142857,5.857142857142857,7175.714285714285,NA,NA,NA
2020-09-25,Friday,939.1428571428571,18905.714285714286,0.04690665114159433,42.857142857142854,6.285714285714286,6883.571428571428,NA,NA,NA
2020-09-24,Thursday,926,18795.285714285714,0.045803621007903535,40.714285714285715,6.571428571428571,6554.571428571428,NA,NA,NA
2020-09-23,Wednesday,916.8571428571429,18608,0.0445414944586673,40.57142857142857,7.428571428571429,6231.714285714285,NA,NA,NA
2020-09-22,Tuesday,891.5714285714286,18628.85714285714,0.04323209400718008,39.142857142857146,7.571428571428571,5901.571428571428,NA,NA,NA
2020-09-21,Monday,880,18647,0.04202826089544422,35,6.857142857142857,5596.142857142857,NA,NA,NA
2020-09-20,Sunday,838,18696.85714285714,0.04083258787444618,33.142857142857146,6.714285714285714,5309.142857142857,NA,NA,NA
2020-09-19,Saturday,754.7142857142857,18750.571428571428,0.04001978517842176,32.142857142857146,8.285714285714286,5054.285714285715,NA,NA,NA
2020-09-18,Friday,755.4285714285714,18050.285714285714,0.04023736365556381,32.57142857142857,7.714285714285714,4866,NA,NA,NA
2020-09-17,Thursday,667.5714285714286,16682,0.040195030838821685,31.428571428571427,8.428571428571429,4784.142857142857,NA,NA,NA
2020-09-16,Wednesday,590.4285714285714,14936.142857142857,0.04100471284361388,32.42857142857143,9.285714285714286,4789.714285714285,NA,NA,NA
2020-09-15,Tuesday,557.4285714285714,14241.42857142857,0.042527417529484086,31.285714285714285,9.285714285714286,4882.285714285715,NA,NA,NA
2020-09-14,Monday,551,14103.714285714286,0.043376036567745774,30.142857142857142,8.857142857142858,5030.857142857143,NA,NA,NA
2020-09-13,Sunday,550.2857142857143,13852.57142857143,0.04423975897485176,30.285714285714285,8.857142857142858,5198.428571428572,NA,NA,NA
2020-09-12,Saturday,546.4285714285714,12976,0.04523480568137183,31.857142857142858,7.857142857142857,5389.285714285715,NA,NA,NA
2020-09-11,Friday,545.7142857142857,12943.285714285714,0.04607157602769456,32.57142857142857,7.142857142857143,5602.142857142857,NA,NA,NA
2020-09-10,Thursday,598.8571428571429,13036.857142857143,0.047073117701978535,34,6.714285714285714,5819.285714285715,NA,NA,NA
2020-09-09,Wednesday,692.5714285714286,13897.42857142857,0.047737289019839715,32.285714285714285,5.571428571428571,5986.571428571428,NA,NA,NA
2020-09-08,Tuesday,761,17075,0.047618244159350155,34.285714285714285,5.571428571428571,6099.428571428572,NA,NA,NA
2020-09-07,Monday,777.4285714285714,17310.85714285714,0.04891905480140774,37.57142857142857,6.142857142857143,6175.571428571428,NA,NA,NA
2020-09-06,Sunday,783.2857142857143,16779.714285714286,0.05013392985603635,37.857142857142854,5.857142857142857,6236.857142857143,NA,NA,NA
2020-09-05,Saturday,814.7142857142857,16910,0.05109358397727143,37.857142857142854,5.285714285714286,6264,NA,NA,NA
2020-09-04,Friday,830.1428571428571,16688.714285714286,0.05164777554820399,39.714285714285715,5.285714285714286,6237.428571428572,NA,NA,NA
2020-09-03,Thursday,831,16345.714285714286,0.05162676657759166,38,4.428571428571429,6186.571428571428,NA,NA,NA
2020-09-02,Wednesday,846.8571428571429,17425,0.05123161453034927,41.714285714285715,5.285714285714286,6129,NA,NA,NA
2020-09-01,Tuesday,815.5714285714286,15038.57142857143,0.051081920229281104,40.285714285714285,6.285714285714286,6034,NA,NA,NA
2020-08-31,Monday,803,14997.857142857143,0.04850910253166243,40.714285714285715,6.571428571428571,5913.857142857143,NA,NA,NA
2020-08-30,Sunday,808.4285714285714,15127.142857142857,0.04617314081284211,43.285714285714285,7,5782,NA,NA,NA
2020-08-29,Saturday,779,15011,0.04373441813903962,42.57142857142857,7.571428571428571,5637.285714285715,NA,NA,NA
2020-08-28,Friday,738.1428571428571,14951.714285714286,0.041640668287301646,41.857142857142854,8.142857142857142,5504.714285714285,NA,NA,NA
2020-08-27,Thursday,734.2857142857143,15297.857142857143,0.03988468021584622,43.857142857142854,8.714285714285714,5395.285714285715,NA,NA,NA
2020-08-26,Wednesday,668.5714285714286,14250.857142857143,0.038332150316411996,40.857142857142854,7.857142857142857,5288.142857142857,NA,NA,NA
2020-08-25,Tuesday,672.1428571428571,17633.571428571428,0.037013534397976874,43.714285714285715,8.285714285714286,5226.571428571428,NA,NA,NA
2020-08-24,Monday,664.2857142857143,17420.571428571428,0.03765557523448715,44.142857142857146,8.428571428571429,5165,NA,NA,NA
2020-08-23,Sunday,642.8571428571429,17458,0.03834759402906268,42.857142857142854,8.714285714285714,5118.857142857143,NA,NA,NA
2020-08-22,Saturday,646.5714285714286,17463.428571428572,0.0393726820018499,41.57142857142857,8.857142857142858,5091.142857142857,NA,NA,NA
2020-08-21,Friday,639.4285714285714,17516.714285714286,0.04032520842108609,40.142857142857146,8.571428571428571,5069.571428571428,NA,NA,NA
2020-08-20,Thursday,625.5714285714286,17202.14285714286,0.041701804803895084,39.57142857142857,8.571428571428571,5056.857142857143,NA,NA,NA
2020-08-19,Wednesday,625.4285714285714,17322.714285714286,0.04296036232138468,39.57142857142857,8.571428571428571,5057.428571428572,NA,NA,NA
2020-08-18,Tuesday,611.5714285714286,13944.57142857143,0.04459541460715977,38.714285714285715,7.857142857142857,5076.285714285715,NA,NA,NA
2020-08-17,Monday,607.7142857142857,13810,0.04506311518196265,40,7.428571428571429,5112,NA,NA,NA
2020-08-16,Sunday,616,13789.142857142857,0.04578063054559185,42.285714285714285,7,5161.571428571428,NA,NA,NA
2020-08-15,Saturday,623.4285714285714,14266.42857142857,0.04617739075435684,45.142857142857146,7.285714285714286,5222,NA,NA,NA
2020-08-14,Friday,656,14353.857142857143,0.046979014056901615,46.42857142857143,7.571428571428571,5283.142857142857,NA,NA,NA
2020-08-13,Thursday,630,14238.285714285714,0.047405200211098515,45.857142857142854,7,5316.571428571428,NA,NA,NA
2020-08-12,Wednesday,654.2857142857143,14240.142857142857,0.04830169221659693,48.285714285714285,7,5379.142857142857,NA,NA,NA
2020-08-11,Tuesday,677,14372.714285714286,0.04879090079982526,45,6.571428571428571,5401.571428571428,NA,NA,NA
2020-08-10,Monday,716.1428571428571,14625.714285714286,0.04908193944106208,44,6.285714285714286,5415,NA,NA,NA
2020-08-09,Sunday,715.7142857142857,15090.285714285714,0.048831644643884155,44.857142857142854,6.142857142857143,5398.857142857143,NA,NA,NA
2020-08-08,Saturday,710.4285714285714,14391.714285714286,0.04901488842278994,42.57142857142857,6,5372.142857142857,NA,NA,NA
2020-08-07,Friday,682.8571428571429,14009.57142857143,0.04897917066753038,43.285714285714285,5.714285714285714,5340.428571428572,NA,NA,NA
2020-08-06,Thursday,714.7142857142857,14118.142857142857,0.048942335183944495,44.142857142857146,6,5336,NA,NA,NA
2020-08-05,Wednesday,697.2857142857143,14110.285714285714,0.04861442736163348,42.285714285714285,5.714285714285714,5297.857142857143,NA,NA,NA
2020-08-04,Tuesday,704.7142857142857,14340.142857142857,0.04837266736388493,45.42857142857143,5.714285714285714,5268.571428571428,NA,NA,NA
2020-08-03,Monday,686.7142857142857,14539.142857142857,0.04799503144338797,48.142857142857146,5.714285714285714,5211.142857142857,NA,NA,NA
2020-08-02,Sunday,690.7142857142857,14204.142857142857,0.04771037654546288,45.857142857142854,5.714285714285714,5161.142857142857,NA,NA,NA
2020-08-01,Saturday,705.2857142857143,14359.42857142857,0.04757109975798465,45.57142857142857,5,5112.857142857143,NA,NA,NA
2020-07-31,Friday,715.8571428571429,14758.857142857143,0.04715163457722676,43.285714285714285,4.857142857142857,5060.285714285715,NA,NA,NA
2020-07-30,Thursday,715,14801.42857142857,0.046444429553880215,42,4.714285714285714,4984,NA,NA,NA
2020-07-29,Wednesday,717.5714285714286,15035,0.04576303494315104,43.714285714285715,5.285714285714286,4913,NA,NA,NA
2020-07-28,Tuesday,692.5714285714286,14890,0.04505206498417396,43.57142857142857,4.571428571428571,4834.857142857143,NA,NA,NA
2020-07-27,Monday,674.2857142857143,14890.714285714286,0.044620364036770714,40.42857142857143,4.428571428571429,4789.714285714285,NA,NA,NA
2020-07-26,Sunday,713.1428571428571,14977,0.04447961456042802,41.857142857142854,4.714285714285714,4798.428571428572,NA,NA,NA
2020-07-25,Saturday,694,15042.714285714286,0.043531541844228853,41,4.714285714285714,4729,NA,NA,NA
2020-07-24,Friday,645.2857142857143,14829,0.042884950990477205,41.285714285714285,4.714285714285714,4661.428571428572,NA,NA,NA
2020-07-23,Thursday,630.4285714285714,14508.857142857143,0.04314875611001677,41.714285714285715,5,4643.142857142857,NA,NA,NA
2020-07-22,Wednesday,608.7142857142857,14262.714285714286,0.043047303682756895,39.42857142857143,4.857142857142857,4628.142857142857,NA,NA,NA
2020-07-21,Tuesday,619,14241.57142857143,0.043086889493400574,38.714285714285715,5.428571428571429,4609.571428571428,NA,NA,NA
2020-07-20,Monday,626.2857142857143,14136.714285714286,0.04314687660489045,36.285714285714285,5.857142857142857,4540,NA,NA,NA
2020-07-19,Sunday,565.8571428571429,13815,0.04352980290860622,32.57142857142857,5.571428571428571,4394.142857142857,NA,NA,NA
2020-07-18,Saturday,562.7142857142857,13501.714285714286,0.04473021356494847,33.714285714285715,5.571428571428571,4327.714285714285,NA,NA,NA
2020-07-17,Friday,611.5714285714286,13440.57142857143,0.04458020346556865,33.42857142857143,5.428571428571429,4247.428571428572,NA,NA,NA
2020-07-16,Thursday,603,14102.42857142857,0.04373472629045832,31.571428571428573,5.142857142857143,4092.8571428571427,NA,NA,NA
2020-07-15,Wednesday,599.8571428571429,13967.57142857143,0.0433009377334673,31.857142857142858,4.714285714285714,3942.714285714286,NA,NA,NA
2020-07-14,Tuesday,583.4285714285714,13282,0.04267745882101936,28.571428571428573,4.714285714285714,3822.285714285714,NA,NA,NA
2020-07-13,Monday,607.1428571428571,12850.285714285714,0.04148751615756174,29.285714285714285,4.285714285714286,3732,NA,NA,NA
2020-07-12,Sunday,597.8571428571429,11982,0.03909041226901663,32.714285714285715,4.428571428571429,3606.1428571428573,NA,NA,NA
2020-07-11,Saturday,570.1428571428571,13981.714285714286,0.03609281832271863,32.42857142857143,4.714285714285714,3471.8571428571427,NA,NA,NA
2020-07-10,Friday,455,11670.142857142857,0.03516299895362702,27.142857142857142,4.142857142857143,2891.714285714286,NA,NA,NA
2020-07-09,Thursday,428.42857142857144,10990.857142857143,0.03441987690904946,27.571428571428573,4.571428571428571,2889,NA,NA,NA
2020-07-08,Wednesday,415.7142857142857,10949,0.03389304029304029,27.285714285714285,5.714285714285714,2904.5714285714284,NA,NA,NA
2020-07-07,Tuesday,410.42857142857144,11570.285714285714,0.0333268353840097,28.285714285714285,5.142857142857143,2922,NA,NA,NA
2020-07-06,Monday,392.2857142857143,12504.57142857143,0.03302896141129598,26.857142857142858,5.571428571428571,2919.4285714285716,NA,NA,NA
2020-07-05,Sunday,375.2857142857143,12762.57142857143,0.033330008516645825,22.857142857142858,6.571428571428571,2921.285714285714,NA,NA,NA
2020-07-03,Friday,437,12668.142857142857,0.03378993893181281,24.714285714285715,7.857142857142857,3389,NA,NA,NA
2020-07-02,Thursday,447.7142857142857,12670.42857142857,0.03337547149881252,24.142857142857142,7.428571428571429,3301.285714285714,NA,NA,NA
2020-07-01,Wednesday,428.42857142857144,12572.857142857143,0.032613861795338074,26.285714285714285,6.857142857142857,3197.5714285714284,NA,NA,NA
2020-06-30,Tuesday,411,12261.714285714286,0.03208679874818865,27.714285714285715,7,3102.5714285714284,NA,NA,NA
2020-06-29,Monday,382.85714285714283,11540.285714285714,0.03130631754878487,28.714285714285715,7.428571428571429,3019.285714285714,NA,NA,NA
2020-06-28,Sunday,381.85714285714283,11682.142857142857,0.030581401839281878,30.428571428571427,6.571428571428571,2959,NA,NA,NA
2020-06-27,Saturday,372.57142857142856,11287.285714285714,0.029996933445717803,31.285714285714285,6.571428571428571,2896.5714285714284,NA,NA,NA
2020-06-26,Friday,374.14285714285717,11836.42857142857,0.029262489692509087,31.142857142857142,7.428571428571429,2850.285714285714,NA,NA,NA
2020-06-25,Thursday,354.7142857142857,11777,0.028792051855981493,32.142857142857146,9.142857142857142,2816.8571428571427,NA,NA,NA
2020-06-24,Wednesday,357.85714285714283,11736.142857142857,0.02875307060684042,29.714285714285715,10.571428571428571,2803.1428571428573,NA,NA,NA
2020-06-23,Tuesday,374.2857142857143,13136.285714285714,0.028792260811977635,28.857142857142858,11.571428571428571,2790.285714285714,NA,NA,NA
2020-06-22,Monday,367.42857142857144,13003.142857142857,0.029533393306694005,28.571428571428573,11.571428571428571,2774.1428571428573,NA,NA,NA
2020-06-21,Sunday,356.2857142857143,12475.285714285714,0.030461448387026822,26.714285714285715,11.857142857142858,2774.5714285714284,NA,NA,NA
2020-06-20,Saturday,334.85714285714283,12138.142857142857,0.03132665425421875,26.571428571428573,12.714285714285714,2804.1428571428573,NA,NA,NA
2020-06-19,Friday,326.14285714285717,11576.142857142857,0.03247513220555498,27.285714285714285,12.285714285714286,2858.285714285714,NA,NA,NA
2020-06-18,Thursday,342.85714285714283,11481,0.03391537050148841,28,13.428571428571429,2934.1428571428573,NA,NA,NA
2020-06-17,Wednesday,351.42857142857144,11396.42857142857,0.035737583696445405,29.571428571428573,12.428571428571429,2995.714285714286,NA,NA,NA
2020-06-16,Tuesday,341,9871,0.0370941575872106,31,13.428571428571429,3051.285714285714,NA,NA,NA
2020-06-15,Monday,355.57142857142856,10117.42857142857,0.037942459059489383,32.714285714285715,15,3125.5714285714284,NA,NA,NA
2020-06-14,Sunday,371,10761.57142857143,0.03900819024911363,34.714285714285715,15.714285714285714,3209.5714285714284,NA,NA,NA
2020-06-13,Saturday,381.57142857142856,10841.42857142857,0.04047258299385101,35,16,3298.5714285714284,NA,NA,NA
2020-06-12,Friday,402.14285714285717,10587.714285714286,0.04261155558766222,38.285714285714285,17.857142857142858,3414,NA,NA,NA
2020-06-11,Thursday,434.7142857142857,10224.285714285714,0.04473880711516628,38.42857142857143,19,3481.714285714286,NA,NA,NA
2020-06-10,Wednesday,428.42857142857144,10773.285714285714,0.04608682264728769,39.857142857142854,21.428571428571427,3548.8571428571427,NA,NA,NA
2020-06-09,Tuesday,430.7142857142857,10599.42857142857,0.048797106653226695,43.857142857142854,20.714285714285715,3642.714285714286,NA,NA,NA
2020-06-08,Monday,430.85714285714283,10028.285714285714,0.05196009162545172,45,21,3781.285714285714,NA,NA,NA
2020-06-07,Sunday,433.7142857142857,9640.285714285714,0.055355658198614315,45.714285714285715,20.857142857142858,3973.714285714286,NA,NA,NA
2020-06-06,Saturday,473,9338,0.05940318764903815,46.42857142857143,20.571428571428573,4174.714285714285,NA,NA,NA
2020-06-05,Friday,492.7142857142857,9227.142857142857,0.06273156226544985,50.42857142857143,21.714285714285715,4349.285714285715,NA,NA,NA
2020-06-04,Thursday,475.14285714285717,9059,0.0662438080551656,53.285714285714285,21.142857142857142,4583.142857142857,NA,NA,NA
2020-06-03,Wednesday,486.57142857142856,8151,0.07079310344827587,58.142857142857146,22,4819.857142857143,NA,NA,NA
2020-06-02,Tuesday,506.85714285714283,8044.571428571428,0.0747043932530503,60.714285714285715,24.714285714285715,5048.857142857143,NA,NA,NA
2020-06-01,Monday,556.1428571428571,8397.142857142857,0.0786195609599106,58.57142857142857,24.142857142857142,5260.714285714285,NA,NA,NA
2020-05-31,Sunday,611,8410,0.08231190202348303,65.57142857142857,24.428571428571427,5389.428571428572,NA,NA,NA
2020-05-30,Saturday,620.7142857142857,8476,0.08525968871775241,68.14285714285714,24.857142857142858,5457.142857142857,NA,NA,NA
2020-05-29,Friday,646.5714285714286,8381,0.08836631587774096,72,22,5486.857142857143,NA,NA,NA
2020-05-28,Thursday,678.1428571428571,8140.285714285715,0.09077592958390243,71.42857142857143,22.571428571428573,5467.142857142857,NA,NA,NA
2020-05-27,Wednesday,684.8571428571429,7768.571428571428,0.09264060766175097,69.71428571428571,22.142857142857142,5406.857142857143,NA,NA,NA
2020-05-26,Tuesday,704.4285714285714,7688.285714285715,0.09365074546964725,69.71428571428571,21.571428571428573,5328,NA,NA,NA
2020-05-25,Monday,706.1428571428571,7650.857142857143,0.09416593440220547,78.28571428571429,21.428571428571427,5214.142857142857,NA,NA,NA
2020-05-24,Sunday,700.7142857142857,7508.285714285715,0.09499672099223633,71.14285714285714,21,5108.285714285715,NA,NA,NA
2020-05-23,Saturday,696.5714285714286,7379.285714285715,0.09537073533920203,70.71428571428571,21.714285714285715,4991.285714285715,NA,NA,NA
2020-05-22,Friday,680.7142857142857,7310,0.09581859600743362,63.857142857142854,22.714285714285715,4875.428571428572,NA,NA,NA
2020-05-21,Thursday,680.7142857142857,7092.285714285715,0.09771436763340126,66.42857142857143,20.857142857142858,4771,NA,NA,NA
2020-05-20,Wednesday,679,7140.857142857143,0.09956483616406323,65.28571428571429,19.857142857142858,4684.571428571428,NA,NA,NA
2020-05-19,Tuesday,647.8571428571429,6804.285714285715,0.10363496806381753,60.285714285714285,19.142857142857142,4607.857142857143,NA,NA,NA
2020-05-18,Monday,653.2857142857143,6649.428571428572,0.10947875674954281,58.857142857142854,20,4540.571428571428,NA,NA,NA
2020-05-17,Sunday,628.1428571428571,6551.714285714285,0.115596630844308,61.857142857142854,20.571428571428573,4452.714285714285,NA,NA,NA
2020-05-16,Saturday,597,6111.428571428572,0.124052503582927,61,20.285714285714285,4398.142857142857,NA,NA,NA
2020-05-15,Friday,593.1428571428571,5489.142857142857,0.13328335961261753,62.285714285714285,21.285714285714285,4365.285714285715,NA,NA,NA
2020-05-14,Thursday,581.4285714285714,5243.142857142857,0.14035024470261648,65.14285714285714,22.142857142857142,4315.857142857143,NA,NA,NA
2020-05-13,Wednesday,619.7142857142857,4841.142857142857,0.14714274298553628,63.714285714285715,21.857142857142858,4281.285714285715,NA,NA,NA
2020-05-12,Tuesday,663.2857142857143,4719.857142857143,0.14785750173457426,64.14285714285714,22.571428571428573,4201.857142857143,NA,NA,NA
2020-05-11,Monday,652.1428571428571,4543.428571428572,0.14509286777432479,63.57142857142857,23.142857142857142,4054.1428571428573,NA,NA,NA
2020-05-10,Sunday,658.2857142857143,4238.571428571428,0.14196781799706001,65.42857142857143,22.571428571428573,3876.8571428571427,NA,NA,NA
2020-05-09,Saturday,651.7142857142857,4085,0.1356779162805528,64.71428571428571,23.142857142857142,3771,NA,NA,NA
2020-05-08,Friday,622.5714285714286,4029.1428571428573,0.12818085218888958,64.71428571428571,23.142857142857142,3680,NA,NA,NA
2020-05-07,Thursday,604.1428571428571,3934.1428571428573,0.12096897995108019,59.285714285714285,23.428571428571427,3545.285714285714,NA,NA,NA
2020-05-06,Wednesday,562.1428571428571,4304.857142857143,0.11306723326756718,65,23.571428571428573,3389.1428571428573,NA,NA,NA
2020-05-05,Tuesday,524.2857142857143,4330.714285714285,0.10933654763698458,62.57142857142857,22,3250.1428571428573,NA,NA,NA
2020-05-04,Monday,488.2857142857143,4037.8571428571427,0.10593942176418708,58.57142857142857,20.285714285714285,3111.8571428571427,NA,NA,NA
2020-05-03,Sunday,437.2857142857143,3952.285714285714,0.10124386252045828,52.857142857142854,21,2962.1428571428573,NA,NA,NA
2020-05-02,Saturday,397.42857142857144,3778.285714285714,0.09803991984428533,51.714285714285715,21.571428571428573,2702.1428571428573,NA,NA,NA
2020-05-01,Friday,363.57142857142856,3579.285714285714,0.0962015454574363,48.57142857142857,21.428571428571427,2410.8571428571427,NA,NA,NA
2020-04-30,Thursday,313.42857142857144,3314,0.0951692889507296,47.42857142857143,20.428571428571427,2145.5714285714284,NA,NA,NA
2020-04-29,Wednesday,274.7142857142857,2607.4285714285716,0.09576097030261514,41.42857142857143,20,1923,NA,NA,NA
2020-04-28,Tuesday,230.57142857142858,2379.1428571428573,0.09342145779263626,40.42857142857143,20.142857142857142,1752,NA,NA,NA
2020-04-27,Monday,192.28571428571428,2211,0.09269931608398296,37,20.428571428571427,1615.4285714285713,NA,NA,NA
2020-04-26,Sunday,178,2020.7142857142858,0.09329856314790667,36.42857142857143,19.714285714285715,1514.5714285714287,NA,NA,NA
2020-04-25,Saturday,176.14285714285714,1858.142857142857,0.09370737285917025,33.714285714285715,17.571428571428573,1424.2857142857142,NA,NA,NA
2020-04-24,Friday,159.14285714285714,1626.142857142857,0.09211899791231731,34,15.714285714285714,1324.7142857142858,NA,NA,NA
2020-04-23,Thursday,147.14285714285714,1478.5714285714287,0.08879608851372436,33.857142857142854,15.142857142857142,1241,NA,NA,NA
2020-04-22,Wednesday,130.28571428571428,1416.5714285714287,0.08379346366213995,30.714285714285715,13.142857142857142,1167.5714285714287,NA,NA,NA
2020-04-21,Tuesday,124.57142857142857,1336.857142857143,0.08006216099098963,32,11.571428571428571,1091.142857142857,NA,NA,NA
2020-04-20,Monday,117.14285714285714,1328.857142857143,0.07544941996044513,34.42857142857143,10.428571428571429,1015.8571428571429,NA,NA,NA
2020-04-19,Sunday,117.14285714285714,1323,0.07178863201807753,30.428571428571427,9.142857142857142,950.1428571428571,NA,NA,NA
2020-04-18,Saturday,112.28571428571429,1343.7142857142858,0.06706402016026276,31.571428571428573,8.142857142857142,880.5714285714286,NA,NA,NA
2020-04-17,Friday,105,1385.142857142857,0.06257279130386556,28.714285714285715,7.714285714285714,814.7142857142857,NA,NA,NA
2020-04-16,Thursday,95.71428571428571,1438.7142857142858,0.05931564150037715,26,6.285714285714286,757.4285714285714,NA,NA,NA
2020-04-15,Wednesday,93.57142857142857,1404.142857142857,0.05654369037736619,24.857142857142858,6.857142857142857,711,NA,NA,NA
2020-04-14,Tuesday,89.42857142857143,1455.5714285714287,0.053695728718073724,23.285714285714285,6.428571428571429,661.4285714285714,NA,NA,NA
2020-04-13,Monday,94.85714285714286,1512,0.051201105586191016,19.714285714285715,5.714285714285714,623.4285714285714,NA,NA,NA
2020-04-12,Sunday,85.85714285714286,1551.2857142857142,0.048127466105976,22.714285714285715,5.857142857142857,581.7142857142857,NA,NA,NA
2020-04-11,Saturday,80.28571428571429,1556.5714285714287,0.046515495925042956,22.857142857142858,5.714285714285714,549.5714285714286,NA,NA,NA
2020-04-10,Friday,78.14285714285714,1498.142857142857,NA,23,5,519.7142857142857,NA,NA,NA
2020-04-09,Thursday,71.42857142857143,1519.857142857143,NA,22.142857142857142,4.571428571428571,487.57142857142856,NA,NA,NA
2020-04-08,Wednesday,66.42857142857143,1455.4285714285713,NA,21.285714285714285,3.142857142857143,459.2857142857143,NA,NA,NA
2020-04-07,Tuesday,62.857142857142854,1450.5714285714287,NA,18.571428571428573,3.142857142857143,434.2857142857143,NA,NA,NA
2020-04-06,Monday,58.57142857142857,1431.4285714285713,NA,18.714285714285715,2.857142857142857,408.7142857142857,NA,NA,NA
2020-04-05,Sunday,61.714285714285715,1394.857142857143,NA,18.142857142857142,2.857142857142857,380.14285714285717,NA,NA,NA
2020-04-04,Saturday,60.57142857142857,NA,NA,17.571428571428573,2.7142857142857144,346.85714285714283,NA,NA,NA
2020-04-03,Friday,55.857142857142854,NA,NA,16,2.5714285714285716,317.7142857142857,NA,NA,NA
2020-04-02,Thursday,56.57142857142857,NA,NA,13.857142857142858,2.2857142857142856,301.2857142857143,NA,NA,NA
2020-04-01,Wednesday,57.42857142857143,NA,NA,12.428571428571429,2.2857142857142856,280.57142857142856,NA,NA,NA
2020-03-31,Tuesday,52.42857142857143,NA,NA,12.428571428571429,1.5714285714285714,259.42857142857144,NA,NA,NA
2020-03-30,Monday,48.714285714285715,NA,NA,10.142857142857142,1.2857142857142858,NA,NA,NA,NA
2020-03-29,Sunday,47.714285714285715,NA,NA,8.285714285714286,1.1428571428571428,NA,NA,NA,NA
2020-03-28,Saturday,43.42857142857143,NA,NA,6.428571428571429,0.5714285714285714,NA,NA,NA,NA
2020-03-27,Friday,40.42857142857143,NA,NA,NA,0.5714285714285714,NA,NA,NA,NA
2020-03-26,Thursday,36.714285714285715,NA,NA,NA,0.2857142857142857,NA,NA,NA,NA
2020-03-25,Wednesday,30,NA,NA,NA,0.14285714285714285,NA,NA,NA,NA
2020-03-24,Tuesday,28.857142857142858,NA,NA,NA,0.14285714285714285,NA,NA,NA,NA
2020-03-23,Monday,25.857142857142858,NA,NA,NA,0.14285714285714285,NA,NA,NA,NA
2020-03-22,Sunday,19.142857142857142,NA,NA,NA,0.14285714285714285,NA,NA,NA,NA
2020-03-21,Saturday,16.571428571428573,NA,NA,NA,0.14285714285714285,NA,NA,NA,NA
2020-03-20,Friday,14.428571428571429,NA,NA,NA,0,NA,NA,NA,NA
2020-03-19,Thursday,11.428571428571429,NA,NA,NA,0,NA,NA,NA,NA
2020-03-18,Wednesday,10.285714285714286,NA,NA,NA,0,NA,NA,NA,NA
2020-03-17,Tuesday,8.142857142857142,NA,NA,NA,0,NA,NA,NA,NA
2020-03-16,Monday,7.428571428571429,NA,NA,NA,0,NA,NA,NA,NA
2020-03-15,Sunday,4.857142857142857,NA,NA,NA,0,NA,NA,NA,NA
2020-03-14,Saturday,2.857142857142857,NA,NA,NA,0,NA,NA,NA,NA
