date,day,cases_removed,total_tests,total_antigen_tests,total_positives_reinfections,total_antigen_positives,total_positives,total_recovered,total_deaths,total_ltc_deaths,total_hosp,total_icu,total_vax_onedose,total_vax_complete,total_vax_boosted,total_vax_doses,total_booster_doses,key_events
2020-03-06,Friday,0,NA,NA,NA,NA,0,NA,0,0,NA,NA,NA,NA,NA,NA,NA,NA
2020-03-07,Saturday,0,NA,NA,NA,NA,1,NA,0,NA,NA,NA,NA,NA,NA,NA,NA,NA
2020-03-08,Sunday,0,NA,NA,NA,NA,1,NA,0,NA,NA,NA,NA,NA,NA,NA,NA,NA
2020-03-09,Monday,0,NA,NA,NA,NA,2,NA,0,NA,NA,NA,NA,NA,NA,NA,NA,NA
2020-03-10,Tuesday,0,NA,NA,NA,NA,3,NA,0,NA,NA,NA,NA,NA,NA,NA,NA,NA
2020-03-11,Wednesday,0,NA,NA,NA,NA,5,NA,0,NA,NA,NA,NA,NA,NA,NA,NA,NA
2020-03-12,Thursday,0,NA,NA,NA,NA,9,NA,0,NA,NA,NA,NA,NA,NA,NA,NA,NA
2020-03-13,Friday,0,NA,NA,NA,NA,14,NA,0,NA,NA,NA,NA,NA,NA,NA,NA,State of emergency declared
2020-03-14,Saturday,0,NA,NA,NA,NA,21,NA,0,NA,NA,NA,NA,NA,NA,NA,NA,NA
2020-03-15,Sunday,0,NA,NA,NA,NA,35,NA,0,NA,NA,NA,NA,NA,NA,NA,NA,School closure order issued
2020-03-16,Monday,0,NA,NA,NA,NA,54,NA,0,NA,NA,NA,NA,NA,NA,NA,NA,NA
2020-03-17,Tuesday,0,NA,NA,NA,NA,60,NA,0,NA,NA,NA,NA,NA,NA,NA,NA,Bars & restaurants close
2020-03-18,Wednesday,0,NA,NA,NA,NA,77,NA,0,NA,NA,1,NA,NA,NA,NA,NA,Schools close
2020-03-19,Thursday,0,NA,NA,NA,NA,89,NA,0,NA,NA,2,NA,NA,NA,NA,NA,NA
2020-03-20,Friday,0,NA,NA,NA,NA,115,NA,0,NA,NA,4,NA,NA,NA,NA,NA,NA
2020-03-21,Saturday,0,NA,NA,NA,NA,137,NA,1,NA,12,5,NA,NA,NA,NA,NA,NA
2020-03-22,Sunday,0,NA,NA,NA,NA,169,NA,1,NA,17,5,NA,NA,NA,NA,NA,NA
2020-03-23,Monday,0,NA,NA,NA,NA,235,NA,1,NA,21,7,NA,NA,NA,NA,NA,Count method changes
2020-03-24,Tuesday,0,NA,NA,NA,NA,262,NA,1,NA,25,12,NA,NA,NA,NA,NA,NA
2020-03-25,Wednesday,0,NA,NA,NA,NA,287,87,1,NA,35,13,NA,NA,NA,NA,NA,Mayo aids state testing
2020-03-26,Thursday,0,NA,NA,NA,NA,346,120,2,NA,41,17,NA,NA,NA,NA,NA,NA
2020-03-27,Friday,0,NA,NA,NA,NA,398,130,4,NA,44,17,NA,NA,NA,NA,NA,NA
2020-03-28,Saturday,0,NA,NA,NA,NA,441,215,5,NA,57,24,NA,NA,NA,NA,NA,Shelter-in-place takes effect
2020-03-29,Sunday,0,18081,NA,NA,NA,503,243,9,NA,75,25,NA,NA,NA,NA,NA,NA
2020-03-30,Monday,0,19290,NA,NA,NA,576,250,10,NA,92,32,NA,NA,NA,NA,NA,NA
2020-03-31,Tuesday,0,20335,NA,NA,NA,629,276,12,NA,112,40,NA,NA,NA,NA,NA,NA
2020-04-01,Wednesday,0,21852,NA,NA,NA,689,325,17,NA,122,49,NA,NA,NA,NA,NA,NA
2020-04-02,Thursday,0,22854,NA,NA,NA,742,355,18,NA,138,32,NA,NA,NA,NA,NA,NA
2020-04-03,Friday,0,24836,NA,NA,NA,789,388,22,NA,156,69,NA,NA,NA,NA,NA,NA
2020-04-04,Saturday,0,26183,NA,NA,NA,865,416,24,NA,180,77,NA,NA,NA,NA,NA,NA
2020-04-05,Sunday,0,27845,NA,NA,NA,935,422,29,NA,202,90,NA,NA,NA,NA,NA,NA
2020-04-06,Monday,0,29310,NA,NA,NA,986,440,30,NA,223,100,NA,NA,NA,NA,NA,NA
2020-04-07,Tuesday,0,30489,NA,NA,NA,1069,515,34,NA,242,105,NA,NA,NA,NA,NA,NA
2020-04-08,Wednesday,0,32040,NA,NA,NA,1154,593,39,NA,271,119,NA,NA,NA,NA,NA,NA
2020-04-09,Thursday,0,33493,NA,NA,NA,1242,625,50,NA,293,131,NA,NA,NA,NA,NA,NA
2020-04-10,Friday,0,35323,NA,NA,NA,1336,675,57,NA,317,138,NA,NA,NA,NA,NA,Shelter-in-place originally scheduled to end.
2020-04-11,Saturday,0,37079,NA,NA,NA,1427,729,64,NA,340,146,NA,NA,NA,NA,NA,NA
2020-04-12,Sunday,0,38704,NA,NA,NA,1536,757,70,NA,361,146,NA,NA,NA,NA,NA,Botched numbers
2020-04-13,Monday,0,39894,NA,NA,NA,1650,772,70,NA,361,155,NA,NA,NA,NA,NA,Questionable numbers
2020-04-14,Tuesday,0,40678,NA,NA,NA,1695,830,79,NA,405,175,NA,NA,NA,NA,NA,NA
2020-04-15,Wednesday,0,41869,NA,NA,NA,1809,853,87,NA,445,188,NA,NA,NA,NA,NA,NA
2020-04-16,Thursday,0,43564,NA,NA,NA,1912,926,94,NA,475,202,NA,NA,NA,NA,NA,NA
2020-04-17,Friday,0,45019,NA,NA,NA,2071,955,111,NA,518,215,NA,NA,NA,NA,NA,NA
2020-04-18,Saturday,0,46485,NA,NA,NA,2213,997,121,NA,561,226,NA,NA,NA,NA,NA,NA
2020-04-19,Sunday,0,47965,NA,NA,NA,2356,1026,134,NA,574,241,NA,NA,NA,NA,NA,NA
2020-04-20,Monday,0,49196,NA,NA,NA,2470,1059,143,NA,602,253,NA,NA,NA,NA,NA,NA
2020-04-21,Tuesday,0,50036,NA,NA,NA,2567,1094,160,NA,629,262,NA,NA,NA,NA,NA,NA
2020-04-22,Wednesday,0,51785,NA,NA,NA,2721,1138,179,NA,660,274,NA,NA,NA,NA,NA,NA
2020-04-23,Thursday,0,53914,NA,NA,NA,2942,1336,200,NA,712,281,NA,NA,NA,NA,NA,NA
2020-04-24,Friday,0,56402,NA,NA,NA,3185,1373,221,NA,756,291,NA,NA,NA,NA,NA,NA
2020-04-25,Saturday,0,59492,NA,NA,NA,3446,1410,244,NA,797,301,NA,NA,NA,NA,NA,NA
2020-04-26,Sunday,0,62110,NA,NA,NA,3602,1502,272,NA,829,316,NA,NA,NA,NA,NA,NA
2020-04-27,Monday,0,64673,NA,NA,NA,3816,1556,286,NA,861,324,NA,NA,NA,NA,NA,Restrictions eased on 22k businesses
2020-04-28,Tuesday,0,66690,NA,NA,NA,4181,1611,301,NA,912,337,NA,NA,NA,NA,NA,NA
2020-04-29,Wednesday,0,70037,NA,NA,NA,4644,1724,319,NA,950,358,NA,NA,NA,NA,NA,NA
2020-04-30,Thursday,0,77112,NA,NA,NA,5136,1829,343,NA,1044,380,NA,NA,NA,NA,NA,NA
2020-05-01,Friday,0,81457,NA,NA,NA,5730,1911,371,NA,1096,404,NA,NA,NA,NA,NA,NA
2020-05-02,Saturday,0,85940,NA,NA,NA,6228,2002,395,317,1159,426,NA,NA,NA,NA,NA,NA
2020-05-03,Sunday,0,89776,NA,NA,NA,6663,2596,419,338,1199,444,NA,NA,NA,NA,NA,NA
2020-05-04,Monday,0,92938,NA,NA,NA,7234,3784,428,345,1271,475,NA,NA,NA,NA,NA,NA
2020-05-05,Tuesday,0,97005,NA,NA,NA,7851,4159,455,368,1350,488,NA,NA,NA,NA,NA,"MDH says ""interface error"" caused error in reported tests"
2020-05-06,Wednesday,0,100171,NA,NA,NA,8579,4521,484,391,1405,512,NA,NA,NA,NA,NA,MDH says this number includes tests from day before
2020-05-07,Thursday,0,104651,NA,NA,NA,9365,4801,507,407,1459,540,NA,NA,NA,NA,NA,NA
2020-05-08,Friday,0,109661,NA,NA,NA,10088,5164,533,434,1549,556,NA,NA,NA,NA,NA,MDH says test numbers are incomplete
2020-05-09,Saturday,0,114535,NA,NA,NA,10790,5765,557,449,1612,581,NA,NA,NA,NA,NA,NA
2020-05-10,Sunday,0,119446,NA,NA,NA,11271,6305,577,464,1657,600,NA,NA,NA,NA,NA,NA
2020-05-11,Monday,0,124742,NA,NA,NA,11799,6946,590,472,1716,625,NA,NA,NA,NA,NA,NA
2020-05-12,Tuesday,0,130044,NA,NA,NA,12494,7610,613,501,1799,647,NA,NA,NA,NA,NA,NA
2020-05-13,Wednesday,0,134059,NA,NA,NA,12917,8150,637,517,1851,663,NA,NA,NA,NA,NA,MDH has revised its data and no longer stands by its previously published numbers.
2020-05-14,Thursday,0,141353,NA,NA,NA,13435,8474,662,537,1915,679,NA,NA,NA,NA,NA,NA
2020-05-15,Friday,0,148085,NA,NA,NA,14240,8821,682,554,1985,700,NA,NA,NA,NA,NA,NA
2020-05-16,Saturday,0,157315,NA,NA,NA,14969,9572,699,568,2039,716,NA,NA,NA,NA,NA,NA
2020-05-17,Sunday,0,165308,NA,NA,NA,15668,10176,721,587,2090,731,NA,NA,NA,NA,NA,NA
2020-05-18,Monday,0,171288,NA,NA,NA,16372,10764,730,595,2128,750,NA,NA,NA,NA,NA,"MDH changes reporting on patients no longer needing isolation. As of 5/18, this figure no longer includes deaths"
2020-05-19,Tuesday,0,177674,NA,NA,NA,17029,11540,747,608,2221,773,NA,NA,NA,NA,NA,NA
2020-05-20,Wednesday,0,184045,NA,NA,NA,17670,12227,776,635,2308,787,NA,NA,NA,NA,NA,NA
2020-05-21,Thursday,0,190999,NA,NA,NA,18200,12488,808,663,2380,806,NA,NA,NA,NA,NA,NA
2020-05-22,Friday,0,199255,NA,NA,NA,19005,12696,841,688,2432,832,NA,NA,NA,NA,NA,NA
2020-05-23,Saturday,0,208970,NA,NA,NA,19845,13485,851,697,2534,841,NA,NA,NA,NA,NA,NA
2020-05-24,Sunday,0,217866,NA,NA,NA,20573,14115,868,709,2588,869,NA,NA,NA,NA,NA,NA
2020-05-25,Monday,0,224844,NA,NA,NA,21315,14816,880,717,2676,886,NA,NA,NA,NA,NA,NA
2020-05-26,Tuesday,0,231492,NA,NA,NA,21960,15523,898,732,2709,902,NA,NA,NA,NA,NA,NA
2020-05-27,Wednesday,0,238425,NA,NA,NA,22464,16314,931,759,2796,924,NA,NA,NA,NA,NA,NA
2020-05-28,Thursday,0,247981,NA,NA,NA,22947,16655,966,787,2880,938,NA,NA,NA,NA,NA,NA
2020-05-29,Friday,0,257922,NA,NA,NA,23531,16930,995,811,2936,960,NA,NA,NA,NA,NA,NA
2020-05-30,Saturday,0,268302,NA,NA,NA,24190,17864,1025,837,3011,971,NA,NA,NA,NA,NA,NA
2020-05-31,Sunday,0,276736,NA,NA,NA,24850,18695,1039,848,3047,981,NA,NA,NA,NA,NA,NA
2020-06-01,Monday,0,283624,NA,NA,NA,25208,19441,1049,855,3086,1003,NA,NA,NA,NA,NA,NA
2020-06-02,Tuesday,0,287804,NA,NA,NA,25508,20381,1071,866,3134,1022,NA,NA,NA,NA,NA,NA
2020-06-03,Wednesday,0,295482,NA,NA,NA,25870,21169,1085,876,3203,1033,NA,NA,NA,NA,NA,NA
2020-06-04,Thursday,0,311394,NA,NA,NA,26273,21490,1114,896,3253,1044,NA,NA,NA,NA,NA,NA
2020-06-05,Friday,0,322512,NA,NA,NA,26980,21864,1147,922,3289,1044,NA,NA,NA,NA,NA,"Reported testing data changed from ""total people tested"" to ""total tests"""
2020-06-06,Saturday,0,333668,NA,NA,NA,27501,22253,1169,936,3336,1043,NA,NA,NA,NA,NA,NA
2020-06-07,Sunday,0,344218,NA,NA,NA,27886,22992,1185,949,3367,1052,NA,NA,NA,NA,NA,NA
2020-06-08,Monday,0,353822,NA,NA,NA,28224,23657,1196,955,3401,1068,NA,NA,NA,NA,NA,NA
2020-06-09,Tuesday,0,362000,NA,NA,NA,28523,24221,1216,968,3441,1083,NA,NA,NA,NA,NA,NA
2020-06-10,Wednesday,0,370895,NA,NA,NA,28869,24675,1235,984,3482,1091,NA,NA,NA,NA,NA,Bars & restaurants reopen at 50% capacity
2020-06-11,Thursday,0,382964,NA,NA,NA,29316,24870,1247,994,3522,1093,NA,NA,NA,NA,NA,NA
2020-06-12,Friday,0,396626,NA,NA,NA,29795,25028,1272,1015,3557,1104,NA,NA,NA,NA,NA,NA
2020-06-13,Saturday,0,409558,NA,NA,NA,30172,25620,1281,1019,3581,1110,NA,NA,NA,NA,NA,NA
2020-06-14,Sunday,12,419549,NA,NA,NA,30471,26090,1295,1030,3610,1121,NA,NA,NA,NA,NA,NA
2020-06-15,Monday,8,424644,NA,NA,NA,30693,26609,1301,1034,3630,1128,NA,NA,NA,NA,NA,NA
2020-06-16,Tuesday,8,431097,NA,NA,NA,30882,27006,1310,1041,3658,1136,NA,NA,NA,NA,NA,NA
2020-06-17,Wednesday,5,450670,NA,NA,NA,31296,27404,1322,1051,3689,1144,NA,NA,NA,NA,NA,NA
2020-06-18,Thursday,8,463331,NA,NA,NA,31675,27566,1341,1064,3718,1150,NA,NA,NA,NA,NA,NA
2020-06-19,Friday,6,477659,NA,NA,NA,32031,27709,1358,1077,3748,1155,NA,NA,NA,NA,NA,NA
2020-06-20,Saturday,2,494525,NA,NA,NA,32467,28205,1370,1085,3767,1163,NA,NA,NA,NA,NA,NA
2020-06-21,Sunday,8,506876,NA,NA,NA,32920,28663,1378,1093,3797,1180,NA,NA,NA,NA,NA,NA
2020-06-22,Monday,1,515666,NA,NA,NA,33227,29065,1382,1095,3830,1191,NA,NA,NA,NA,NA,NA
2020-06-23,Tuesday,3,523051,NA,NA,NA,33469,29399,1391,1101,3860,1203,NA,NA,NA,NA,NA,NA
2020-06-24,Wednesday,10,532823,NA,NA,NA,33763,29707,1396,1102,3897,1218,NA,NA,NA,NA,NA,NA
2020-06-25,Thursday,5,545770,NA,NA,NA,34123,29854,1405,1107,3943,1221,NA,NA,NA,NA,NA,NA
2020-06-26,Friday,5,560514,NA,NA,NA,34616,30008,1410,1112,3966,1233,NA,NA,NA,NA,NA,NA
2020-06-27,Saturday,10,573536,NA,NA,NA,35033,30401,1416,1116,3986,1241,NA,NA,NA,NA,NA,NA
2020-06-28,Sunday,10,588651,NA,NA,NA,35549,30809,1424,1123,4010,1249,NA,NA,NA,NA,NA,NA
2020-06-29,Monday,3,596448,NA,NA,NA,35861,31225,1434,1129,4031,1258,NA,NA,NA,NA,NA,NA
2020-06-30,Tuesday,0,608883,NA,NA,NA,36303,31601,1440,1131,4054,1258,NA,NA,NA,NA,NA,NA
2020-07-01,Wednesday,13,620833,NA,NA,NA,36716,31947,1444,1135,4081,1266,NA,NA,NA,NA,NA,NA
2020-07-02,Thursday,6,634463,NA,NA,NA,37210,32163,1457,1143,4112,1277,NA,NA,NA,NA,NA,NA
2020-07-03,Friday,9,649191,NA,NA,NA,37624,32347,1465,1150,4139,1277,NA,NA,NA,NA,NA,NA
2020-07-05,Sunday,9,677989,NA,NA,NA,38136,33408,1470,1155,4170,1287,NA,NA,NA,NA,NA,NA
2020-07-06,Monday,1,683980,NA,NA,NA,38569,33907,1473,1156,4219,1290,NA,NA,NA,NA,NA,NA
2020-07-07,Tuesday,5,689875,NA,NA,NA,39133,34377,1476,1157,4252,1295,NA,NA,NA,NA,NA,NA
2020-07-08,Wednesday,7,697476,NA,NA,NA,39589,34902,1484,1161,4272,1302,NA,NA,NA,NA,NA,NA
2020-07-09,Thursday,15,711399,NA,NA,NA,40163,35193,1489,1165,4305,1312,NA,NA,NA,NA,NA,NA
2020-07-10,Friday,5,730882,NA,NA,NA,40767,35442,1494,1166,4329,1320,NA,NA,NA,NA,NA,NA
2020-07-11,Saturday,2,747063,NA,NA,NA,41571,36012,1498,1170,4366,1325,NA,NA,NA,NA,NA,NA
2020-07-12,Sunday,5,761863,NA,NA,NA,42281,36582,1501,1171,4399,1335,NA,NA,NA,NA,NA,NA
2020-07-13,Monday,8,773932,NA,NA,NA,42772,37199,1503,1172,4424,1338,NA,NA,NA,NA,NA,NA
2020-07-14,Tuesday,5,782849,NA,NA,NA,43170,37749,1509,1175,4452,1348,NA,NA,NA,NA,NA,NA
2020-07-15,Wednesday,6,795249,NA,NA,NA,43742,38179,1517,1180,4495,1353,NA,NA,NA,NA,NA,NA
2020-07-16,Thursday,6,810116,NA,NA,NA,44347,38290,1525,1179,4526,1357,NA,NA,NA,NA,NA,NA
2020-07-17,Friday,3,824966,NA,NA,NA,45013,38568,1532,1183,4563,1369,NA,NA,NA,NA,NA,NA
2020-07-18,Saturday,7,841575,NA,NA,NA,45470,39310,1537,1186,4602,1377,NA,NA,NA,NA,NA,NA
2020-07-19,Sunday,3,858568,NA,NA,NA,46204,40001,1540,1187,4627,1389,NA,NA,NA,NA,NA,NA
2020-07-20,Monday,19,872889,NA,NA,NA,47107,40472,1544,1187,4678,1397,NA,NA,NA,NA,NA,NA
2020-07-21,Tuesday,2,882540,NA,NA,NA,47457,41511,1547,1189,4723,1412,NA,NA,NA,NA,NA,NA
2020-07-22,Wednesday,2,895088,NA,NA,NA,47961,42234,1551,1192,4771,1423,NA,NA,NA,NA,NA,NA
2020-07-23,Thursday,3,911678,NA,NA,NA,48721,42524,1560,1198,4818,1431,NA,NA,NA,NA,NA,NA
2020-07-24,Friday,6,928769,NA,NA,NA,49488,42882,1565,1199,4852,1437,NA,NA,NA,NA,NA,NA
2020-07-25,Saturday,2,946874,NA,NA,NA,50291,43625,1570,1204,4889,1440,NA,NA,NA,NA,NA,Mask mandate begins
2020-07-26,Sunday,9,963407,NA,NA,NA,51153,44431,1573,1205,4920,1448,NA,NA,NA,NA,NA,NA
2020-07-27,Monday,0,977124,NA,NA,NA,51803,45198,1575,1207,4961,1458,NA,NA,NA,NA,NA,NA
2020-07-28,Tuesday,2,986770,NA,NA,NA,52281,45987,1579,1210,5028,1474,NA,NA,NA,NA,NA,NA
2020-07-29,Wednesday,15,1000333,NA,NA,NA,52947,46636,1588,1216,5077,1484,NA,NA,NA,NA,NA,NA
2020-07-30,Thursday,0,1015288,NA,NA,NA,53692,46965,1593,1219,5112,1490,NA,NA,NA,NA,NA,NA
2020-07-31,Friday,8,1032081,NA,NA,NA,54463,47289,1599,1223,5155,1510,NA,NA,NA,NA,NA,NA
2020-08-01,Saturday,6,1047390,NA,NA,NA,55188,48119,1605,1226,5208,1520,NA,NA,NA,NA,NA,NA
2020-08-02,Sunday,10,1062836,NA,NA,NA,55947,48847,1613,1231,5241,1532,NA,NA,NA,NA,NA,NA
2020-08-03,Monday,9,1078898,NA,NA,NA,56560,49565,1615,1231,5298,1545,NA,NA,NA,NA,NA,NA
2020-08-04,Tuesday,4,1087151,NA,NA,NA,57162,50426,1619,1233,5346,1563,NA,NA,NA,NA,NA,NA
2020-08-05,Wednesday,12,1099105,NA,NA,NA,57779,51223,1628,1237,5373,1575,NA,NA,NA,NA,NA,NA
2020-08-06,Thursday,6,1114115,NA,NA,NA,58640,51604,1635,1240,5421,1583,NA,NA,NA,NA,NA,NA
2020-08-07,Friday,11,1130148,NA,NA,NA,59185,51940,1639,1241,5458,1592,NA,NA,NA,NA,NA,NA
2020-08-08,Saturday,8,1148132,NA,NA,NA,60101,52768,1647,1245,5506,1603,NA,NA,NA,NA,NA,NA
2020-08-09,Sunday,9,1168468,NA,NA,NA,60898,53568,1656,1249,5555,1615,NA,NA,NA,NA,NA,NA
2020-08-10,Monday,7,1181278,NA,NA,NA,61516,54364,1659,1250,5606,1633,NA,NA,NA,NA,NA,NA
2020-08-11,Tuesday,9,1187760,NA,NA,NA,61839,55151,1665,1251,5661,1648,NA,NA,NA,NA,NA,NA
2020-08-12,Wednesday,6,1198786,NA,NA,NA,62303,55855,1677,1260,5711,1657,NA,NA,NA,NA,NA,NA
2020-08-13,Thursday,7,1213783,NA,NA,NA,62993,56346,1684,1263,5742,1671,NA,NA,NA,NA,NA,NA
2020-08-14,Friday,8,1230625,NA,NA,NA,63723,56659,1692,1269,5783,1679,NA,NA,NA,NA,NA,NA
2020-08-15,Saturday,6,1247997,NA,NA,NA,64413,57457,1698,1273,5822,1691,NA,NA,NA,NA,NA,NA
2020-08-16,Sunday,15,1264992,NA,NA,NA,65152,58196,1705,1279,5851,1700,NA,NA,NA,NA,NA,NA
2020-08-17,Monday,3,1277948,NA,NA,NA,65716,58859,1711,1280,5886,1716,NA,NA,NA,NA,NA,NA
2020-08-18,Tuesday,14,1285372,NA,NA,NA,66061,59568,1720,1287,5932,1722,NA,NA,NA,NA,NA,NA
2020-08-19,Wednesday,10,1320045,NA,NA,NA,66618,60242,1737,1295,5988,1727,NA,NA,NA,NA,NA,"25,000 tests added as backlog"
2020-08-20,Thursday,8,1334198,NA,NA,NA,67308,60605,1744,1298,6019,1734,NA,NA,NA,NA,NA,NA
2020-08-21,Friday,10,1353242,NA,NA,NA,68133,60920,1752,1302,6064,1740,NA,NA,NA,NA,NA,NA
2020-08-22,Saturday,12,1370241,NA,NA,NA,68867,61698,1760,1306,6113,1761,NA,NA,NA,NA,NA,NA
2020-08-23,Sunday,11,1387198,NA,NA,NA,69584,62373,1766,1310,6151,1766,NA,NA,NA,NA,NA,NA
2020-08-24,Monday,3,1399892,NA,NA,NA,70298,63059,1770,1313,6195,1770,NA,NA,NA,NA,NA,NA
2020-08-25,Tuesday,5,1408807,NA,NA,NA,70707,63725,1778,1315,6238,1791,NA,NA,NA,NA,NA,NA
2020-08-26,Wednesday,13,1419801,NA,NA,NA,71236,64374,1792,1325,6274,1796,NA,NA,NA,NA,NA,NA
2020-08-27,Thursday,4,1441283,NA,NA,NA,72390,64876,1805,1331,6326,1805,NA,NA,NA,NA,NA,Backlog count begins
2020-08-28,Friday,12,1457904,NA,NA,NA,73240,65204,1809,1333,6357,1813,NA,NA,NA,NA,NA,NA
2020-08-29,Saturday,15,1475318,NA,NA,NA,74257,66107,1813,1337,6411,1822,NA,NA,NA,NA,NA,NA
2020-08-30,Sunday,2,1493088,NA,NA,NA,75189,66916,1815,1338,6454,1834,NA,NA,NA,NA,NA,NA
2020-08-31,Monday,4,1504877,NA,NA,NA,75864,67656,1816,1339,6480,1839,NA,NA,NA,NA,NA,NA
2020-09-01,Tuesday,11,1514077,NA,NA,NA,76355,68488,1822,1340,6520,1849,NA,NA,NA,NA,NA,NA
2020-09-02,Wednesday,31,1541776,NA,NA,NA,77085,69521,1829,1345,6566,1854,NA,NA,NA,NA,NA,NA
2020-09-03,Thursday,9,1555703,NA,NA,NA,78123,70175,1836,1348,6592,1863,NA,NA,NA,NA,NA,NA
2020-09-04,Friday,13,1574725,NA,NA,NA,78966,70537,1846,1354,6635,1871,NA,NA,NA,NA,NA,NA
2020-09-05,Saturday,10,1593688,NA,NA,NA,79880,71507,1850,1357,6676,1878,NA,NA,NA,NA,NA,NA
2020-09-06,Sunday,7,1610546,NA,NA,NA,80587,72463,1856,1359,6719,1891,NA,NA,NA,NA,NA,NA
2020-09-07,Monday,0,1626053,NA,NA,NA,81225,73403,1859,1361,6743,1898,NA,NA,NA,NA,NA,NA
2020-09-08,Tuesday,4,1633602,NA,NA,NA,81608,74235,1861,1361,6760,1903,NA,NA,NA,NA,NA,NA
2020-09-09,Wednesday,22,1639058,NA,NA,NA,81868,75055,1868,1364,6792,1914,NA,NA,NA,NA,NA,NA
2020-09-10,Thursday,10,1646961,NA,NA,NA,82249,75425,1883,1375,6830,1927,NA,NA,NA,NA,NA,NA
2020-09-11,Friday,17,1665328,NA,NA,NA,82716,75757,1896,1382,6863,1938,NA,NA,NA,NA,NA,NA
2020-09-12,Saturday,57,1684520,NA,NA,NA,83588,76650,1905,1389,6899,1949,NA,NA,NA,NA,NA,NA
2020-09-13,Sunday,18,1707514,NA,NA,NA,84311,77461,1918,1398,6931,1957,NA,NA,NA,NA,NA,NA
2020-09-14,Monday,5,1724779,NA,NA,NA,84949,78238,1921,1398,6954,1965,NA,NA,NA,NA,NA,NA
2020-09-15,Tuesday,30,1733292,NA,NA,NA,85351,78953,1926,1400,6979,1971,NA,NA,NA,NA,NA,NA
2020-09-16,Wednesday,51,1743611,NA,NA,NA,85813,79583,1933,1402,7019,1977,NA,NA,NA,NA,NA,NA
2020-09-17,Thursday,22,1763735,NA,NA,NA,86722,79878,1942,1408,7050,1980,NA,NA,NA,NA,NA,NA
2020-09-18,Friday,14,1791680,NA,NA,NA,87807,80221,1950,1414,7091,1990,NA,NA,NA,NA,NA,NA
2020-09-19,Saturday,10,1815774,NA,NA,NA,88721,80407,1963,1422,7124,1998,NA,NA,NA,NA,NA,NA
2020-09-20,Sunday,28,1838392,NA,NA,NA,90017,81336,1965,1423,7163,2004,NA,NA,NA,NA,NA,NA
2020-09-21,Monday,12,1855308,NA,NA,NA,90942,82174,1969,1425,7199,2014,NA,NA,NA,NA,NA,NA
2020-09-22,Tuesday,33,1863694,NA,NA,NA,91422,82833,1979,1430,7253,2027,NA,NA,NA,NA,NA,NA
2020-09-23,Wednesday,12,1873867,NA,NA,NA,92100,83507,1985,1433,7303,2045,NA,NA,NA,NA,NA,NA
2020-09-24,Thursday,83,1895302,NA,NA,NA,93012,83862,1988,1435,7335,2049,NA,NA,NA,NA,NA,Hospital data dropped
2020-09-25,Friday,14,1924020,NA,NA,NA,94189,84256,1994,1438,7391,2067,NA,NA,NA,NA,NA,NA
2020-09-26,Saturday,8,1954715,NA,NA,NA,95659,85259,2004,1444,7443,2085,NA,NA,NA,NA,NA,NA
2020-09-27,Sunday,2,1981100,NA,NA,NA,96734,86252,2008,1445,7493,2095,NA,NA,NA,NA,NA,NA
2020-09-28,Monday,32,2003115,NA,NA,NA,97638,87330,2015,1447,7546,2111,NA,NA,NA,NA,NA,NA
2020-09-29,Tuesday,8,2017350,NA,NA,NA,98447,88380,2020,1449,7633,2129,NA,NA,NA,NA,NA,NA
2020-09-30,Wednesday,2,2030167,NA,NA,NA,99134,89392,2036,1458,7701,2146,NA,NA,NA,NA,NA,NA
2020-10-01,Thursday,0,2055888,NA,NA,NA,100200,89980,2049,1465,7758,2148,NA,NA,NA,NA,NA,NA
2020-10-02,Friday,18,2086963,NA,NA,NA,101366,90492,2059,1472,7793,2156,NA,NA,NA,NA,NA,NA
2020-10-03,Saturday,13,2116038,NA,NA,NA,102787,91844,2073,1482,7846,2170,NA,NA,NA,NA,NA,NA
2020-10-04,Sunday,9,2146411,NA,NA,NA,103826,93148,2080,1486,7887,2177,NA,NA,NA,NA,NA,NA
2020-10-05,Monday,9,2169786,NA,NA,NA,104799,94416,2083,1487,7940,2189,NA,NA,NA,NA,NA,NA
2020-10-06,Tuesday,13,2182970,NA,NA,NA,105740,95614,2087,1488,8020,2212,NA,NA,NA,NA,NA,NA
2020-10-07,Wednesday,7,2195882,NA,NA,NA,106651,96616,2101,1497,8089,2223,NA,NA,NA,NA,NA,NA
2020-10-08,Thursday,5,2224194,NA,NA,NA,107922,97254,2107,1501,8187,2245,NA,NA,NA,NA,NA,NA
2020-10-09,Friday,24,2256165,NA,NA,NA,109312,97715,2121,1513,8251,2267,NA,NA,NA,NA,NA,NA
2020-10-10,Saturday,21,2288662,NA,NA,NA,110828,99054,2131,1518,8302,2277,NA,NA,NA,NA,NA,NA
2020-10-11,Sunday,10,2318810,NA,NA,NA,112268,100171,2141,1521,8354,2291,NA,NA,NA,NA,NA,NA
2020-10-12,Monday,7,2337122,NA,NA,NA,113439,101376,2144,1522,8421,2311,NA,NA,NA,NA,NA,NA
2020-10-13,Tuesday,15,2355124,NA,NA,NA,114574,102624,2151,1524,8500,2328,NA,NA,NA,NA,NA,NA
2020-10-14,Wednesday,25,2383527,16183,NA,180,115943,103830,2180,1535,8585,2346,NA,NA,NA,NA,NA,NA
2020-10-15,Thursday,6,2403811,16963,NA,241,117106,104547,2199,1546,8652,2362,NA,NA,NA,NA,NA,NA
2020-10-16,Friday,7,2448315,18861,NA,272,119396,105120,2212,1552,8718,2375,NA,NA,NA,NA,NA,NA
2020-10-17,Saturday,10,2477132,20516,NA,288,121090,106774,2217,1560,8801,2393,NA,NA,NA,NA,NA,NA
2020-10-18,Sunday,10,2509734,20603,NA,304,122812,108316,2234,1574,8866,2405,NA,NA,NA,NA,NA,NA
2020-10-19,Monday,5,2531998,20649,NA,316,124439,109963,2239,1578,8916,2414,NA,NA,NA,NA,NA,NA
2020-10-20,Tuesday,28,2543648,21144,NA,329,125531,111634,2246,1583,9042,2451,NA,NA,NA,NA,NA,NA
2020-10-21,Wednesday,22,2560520,22777,NA,324,126591,113158,2281,1608,9147,2473,NA,NA,NA,NA,NA,NA
2020-10-22,Thursday,13,2587268,23199,NA,352,128152,113976,2301,1621,9226,2485,NA,NA,NA,NA,NA,NA
2020-10-23,Friday,10,2614124,24238,NA,369,129863,114679,2314,1623,9338,2510,NA,NA,NA,NA,NA,NA
2020-10-24,Saturday,9,2649628,25979,NA,371,132122,116693,2328,1633,9444,2533,NA,NA,NA,NA,NA,NA
2020-10-25,Sunday,4,2686302,26163,NA,379,133802,118485,2349,1645,9511,2538,NA,NA,NA,NA,NA,NA
2020-10-26,Monday,8,2710177,26207,NA,390,135372,120421,2353,1649,9588,2558,NA,NA,NA,NA,NA,NA
2020-10-27,Tuesday,15,2724320,26920,NA,500,137536,122100,2368,1653,9729,2589,NA,NA,NA,NA,NA,NA
2020-10-28,Wednesday,8,2739997,27581,NA,522,139444,123529,2387,1669,9855,2609,NA,NA,NA,NA,NA,NA
2020-10-29,Thursday,5,2770450,28643,NA,603,142311,124379,2419,1689,9991,2642,NA,NA,NA,NA,NA,NA
2020-10-30,Friday,11,2803338,30171,NA,641,145465,125052,2437,1701,10119,2665,NA,NA,NA,NA,NA,NA
2020-10-31,Saturday,14,2839304,32466,NA,686,148472,127362,2457,1716,10270,2695,NA,NA,NA,NA,NA,NA
2020-11-01,Sunday,17,2867411,32693,NA,783,150672,129663,2475,1729,10334,2706,NA,NA,NA,NA,NA,NA
2020-11-02,Monday,6,2905229,34654,NA,853,153620,132125,2484,1734,10437,2729,NA,NA,NA,NA,NA,NA
2020-11-03,Tuesday,7,2916431,37178,NA,936,157096,134227,2499,1741,10647,2760,NA,NA,NA,NA,NA,NA
2020-11-04,Wednesday,17,2949591,38143,NA,1077,160923,136457,2530,1760,10849,2805,NA,NA,NA,NA,NA,NA
2020-11-05,Thursday,14,2984331,40019,NA,1277,164865,137824,2555,1777,11016,2839,NA,NA,NA,NA,NA,NA
2020-11-06,Friday,12,3029108,43029,NA,1337,170307,139190,2591,1800,11193,2864,NA,NA,NA,NA,NA,NA
2020-11-07,Saturday,0,3075413,43876,NA,1567,174954,142800,2625,1818,11394,2889,NA,NA,NA,NA,NA,NA
2020-11-08,Sunday,16,3120995,43876,NA,1660,180862,146311,2656,1836,11527,2923,NA,NA,NA,NA,NA,NA
2020-11-09,Monday,4,3146513,50555,NA,2038,184788,149766,2675,1850,11671,2948,NA,NA,NA,NA,NA,NA
2020-11-10,Tuesday,13,3180664,52885,NA,2251,189681,153347,2698,1860,11933,2996,NA,NA,NA,NA,NA,Walz announces 10 p.m. closing time for bars
2020-11-11,Wednesday,11,3205367,53893,NA,2446,194570,157164,2754,1898,12151,3032,NA,NA,NA,NA,NA,NA
2020-11-12,Thursday,3,3253880,57147,NA,2621,201795,159467,2793,1921,12443,3086,NA,NA,NA,NA,NA,NA
2020-11-13,Friday,8,3304436,59141,NA,2860,207339,161756,2839,1954,12644,3119,NA,NA,NA,NA,NA,10 pm. closure takes effect
2020-11-14,Saturday,14,3356392,60931,NA,3036,216028,167234,2874,1981,12915,3155,NA,NA,NA,NA,NA,NA
2020-11-15,Sunday,6,3421682,64747,NA,3397,223581,172873,2905,1999,13074,3176,NA,NA,NA,NA,NA,NA
2020-11-16,Monday,7,3472833,66452,NA,3679,231018,179614,2917,2003,13251,3203,NA,NA,NA,NA,NA,NA
2020-11-17,Tuesday,14,3506178,70895,NA,3984,236949,186680,2943,2015,13594,3247,NA,NA,NA,NA,NA,NA
2020-11-18,Wednesday,8,3543671,71933,NA,4378,242043,193869,3010,2066,13892,3307,NA,NA,NA,NA,NA,"Walz announces closure of bars, restaurants, gyms"
2020-11-19,Thursday,14,3601197,79491,NA,4660,249906,198365,3082,2117,14171,3346,NA,NA,NA,NA,NA,NA
2020-11-20,Friday,18,3659452,80527,NA,4943,256700,202432,3150,2159,14462,3387,NA,NA,NA,NA,NA,"Bars, restaurants, gyms close"
2020-11-21,Saturday,13,3712110,81183,NA,5262,262952,211513,3201,2192,14745,3427,NA,NA,NA,NA,NA,NA
2020-11-22,Sunday,14,3779834,83887,NA,5472,270157,219720,3241,2214,14929,3452,NA,NA,NA,NA,NA,NA
2020-11-23,Monday,10,3837304,83887,NA,5472,276500,227311,3265,2223,15106,3480,NA,NA,NA,NA,NA,NA
2020-11-24,Tuesday,7,3891159,90388,NA,5637,282916,233847,3303,2244,15444,3540,NA,NA,NA,NA,NA,NA
2020-11-25,Wednesday,12,3956949,94651,NA,6095,289303,240720,3375,2292,15766,3611,NA,NA,NA,NA,NA,NA
2020-11-26,Thursday,6,4012524,102683,NA,6366,295001,244982,3476,2355,16043,3638,NA,NA,NA,NA,NA,NA
2020-11-28,Saturday,18,4121906,104184,NA,6670,304023,257485,3521,2378,16423,3715,NA,NA,NA,NA,NA,Two days of data reported in one
2020-11-29,Sunday,7,4219424,104895,NA,6924,312969,265223,3578,2407,16643,3750,NA,NA,NA,NA,NA,NA
2020-11-30,Monday,7,4262806,107730,NA,7176,318763,272608,3593,2413,16791,3779,NA,NA,NA,NA,NA,NA
2020-12-01,Tuesday,21,4284823,112630,NA,7562,322312,279540,3615,2430,17111,3826,NA,NA,NA,NA,NA,NA
2020-12-02,Wednesday,27,4326347,117388,NA,7834,327477,286219,3692,2474,17378,3873,NA,NA,NA,NA,NA,NA
2020-12-03,Thursday,17,4379610,121786,NA,8228,333626,290019,3784,2522,17623,3911,NA,NA,NA,NA,NA,NA
2020-12-04,Friday,24,4439728,128148,NA,8459,338973,293151,3845,2559,17828,3942,NA,NA,NA,NA,NA,NA
2020-12-05,Saturday,29,4492421,128998,NA,8618,345281,301081,3920,2599,18059,3980,NA,NA,NA,NA,NA,NA
2020-12-06,Sunday,7,4559825,131675,NA,8790,350862,308218,3984,2637,18233,3991,NA,NA,NA,NA,NA,NA
2020-12-07,Monday,6,4623492,136408,NA,9129,356152,314138,4005,2645,18358,4015,NA,NA,NA,NA,NA,NA
2020-12-08,Tuesday,29,4650726,139611,NA,9409,359203,314957,4027,2660,18594,4063,NA,NA,NA,NA,NA,NA
2020-12-09,Wednesday,23,4690213,144624,NA,9692,363719,320233,4109,2711,18809,4106,NA,NA,NA,NA,NA,NA
2020-12-10,Thursday,24,4731719,148431,NA,10038,367218,324304,4198,2767,19029,4145,NA,NA,NA,NA,NA,NA
2020-12-11,Friday,23,4789829,153880,NA,10289,370968,327509,4292,2819,19251,4188,NA,NA,NA,NA,NA,NA
2020-12-12,Saturday,17,4840190,157285,NA,10499,375398,335258,4359,2856,19428,4213,NA,NA,NA,NA,NA,NA
2020-12-13,Sunday,14,4888424,158586,NA,10672,378823,341530,4444,2906,19536,4228,NA,NA,NA,NA,NA,NA
2020-12-14,Monday,8,4933794,161618,NA,10910,381841,347077,4462,2917,19638,4255,NA,NA,NA,NA,NA,NA
2020-12-15,Tuesday,17,4965904,167249,NA,11329,384164,351820,4483,2928,19785,4286,NA,NA,NA,NA,NA,NA
2020-12-16,Wednesday,31,4985470,172841,NA,11659,386412,356384,4575,2982,19980,4323,NA,NA,NA,NA,NA,NA
2020-12-17,Thursday,16,5033129,177042,NA,11877,389171,358667,4658,3034,20172,4353,NA,NA,NA,NA,NA,NA
2020-12-18,Friday,19,5096768,183856,NA,12049,391889,360868,4723,3070,20323,4383,NA,NA,NA,NA,NA,NA
2020-12-19,Saturday,26,5133936,185382,NA,12189,394635,365620,4780,3104,20468,4392,NA,NA,NA,NA,NA,NA
2020-12-20,Sunday,21,5199011,187586,NA,12338,397319,369912,4850,3149,20547,4412,NA,NA,NA,NA,NA,NA
2020-12-21,Monday,6,5232347,193195,NA,12637,399311,373301,4872,3160,20629,4424,NA,NA,NA,NA,NA,NA
2020-12-22,Tuesday,14,5264561,197888,NA,12962,401011,376354,4896,3176,20816,4449,NA,NA,NA,NA,NA,NA
2020-12-23,Wednesday,5,5287998,197888,NA,12962,402519,379512,4971,3220,20963,4474,NA,NA,NA,2999,NA,NA
2020-12-24,Thursday,33,5339550,205385,NA,13154,404403,381269,5050,3273,21105,4500,NA,NA,NA,NA,NA,NA
2020-12-25,Friday,28,5392411,210685,NA,13348,406545,382705,5107,3305,21213,4516,NA,NA,NA,NA,NA,NA
2020-12-27,Sunday,18,5480439,211909,NA,13473,409061,388919,5147,3332,21315,4527,NA,NA,NA,NA,NA,Double data day
2020-12-28,Monday,10,5493773,212943,NA,13635,410138,391248,5160,3339,21420,4539,NA,NA,NA,NA,NA,NA
2020-12-29,Tuesday,16,5501277,217907,NA,13944,411110,393506,5196,3351,21605,4575,NA,NA,NA,38014,NA,Vaccines go daily
2020-12-30,Wednesday,22,5527037,223583,NA,14344,413107,395679,5262,3394,21748,4597,NA,NA,NA,38284,NA,NA
2020-12-31,Thursday,9,5574962,223583,NA,14344,415302,397080,5323,3431,21864,4620,NA,NA,NA,44638,NA,NA
2021-01-01,Friday,13,5616567,228631,NA,14682,417832,398199,5377,3464,21984,4638,NA,NA,NA,57017,NA,NA
2021-01-03,Sunday,2,5713240,237044,NA,14858,420544,403419,5430,3499,22095,4658,NA,NA,NA,57017,NA,NA
2021-01-04,Monday,4,5723166,238315,NA,15058,423688,405556,5443,3506,22180,4676,NA,NA,NA,78402,NA,NA
2021-01-05,Tuesday,39,5738715,239412,NA,15225,425261,406667,5461,3513,22337,4708,NA,NA,NA,80857,NA,NA
2021-01-06,Wednesday,20,5762307,249978,NA,15917,427587,406910,5528,3553,22437,4722,NA,NA,NA,81167,NA,NA
2021-01-07,Thursday,21,5803829,255098,NA,16196,429570,408510,5572,3576,22541,4733,NA,NA,NA,91174,NA,NA
2021-01-08,Friday,13,5852830,259861,NA,16432,431944,409727,5620,3605,22617,4742,NA,NA,NA,104226,NA,NA
2021-01-09,Saturday,20,5895442,265515,NA,16649,434413,412546,5663,3626,22699,4762,NA,NA,NA,119744,NA,NA
2021-01-10,Sunday,6,5935902,266495,NA,16836,436572,414756,5707,3653,22763,4770,NA,NA,NA,132280,NA,NA
2021-01-11,Monday,0,5953863,267462,NA,16921,437552,417005,5711,3655,22815,4783,NA,NA,NA,147645,NA,NA
2021-01-12,Tuesday,20,5982456,272733,NA,17125,438867,418610,5724,3660,22931,4811,144503,NA,NA,152849,NA,NA
2021-01-13,Wednesday,17,6006711,276479,NA,17351,440354,419139,5774,3693,23018,4822,146901,7928,NA,154829,NA,NA
2021-01-14,Thursday,17,6043802,281764,NA,17577,441935,420919,5817,3716,23113,4836,153332,15082,NA,168414,NA,NA
2021-01-15,Friday,13,6090114,284894,NA,17729,443562,422289,5850,3734,23185,4850,162040,24745,NA,186785,NA,NA
2021-01-16,Saturday,44,6121001,289418,NA,17861,445047,425253,5887,3756,23291,4868,174110,32131,NA,206241,NA,NA
2021-01-17,Sunday,31,6152636,290447,NA,17957,446380,427468,5927,3779,23367,4879,184943,35800,NA,220743,NA,NA
2021-01-18,Monday,11,6173664,292190,NA,18034,447349,429325,5939,3786,23428,4881,194462,38025,NA,232487,NA,NA
2021-01-19,Tuesday,3,6188091,295842,NA,18254,448268,431096,5945,3790,23517,4895,200130,38258,NA,238388,NA,NA
2021-01-20,Wednesday,13,6206196,301660,NA,18450,449492,432738,5979,3810,23608,4913,200840,38521,NA,239361,NA,NA
2021-01-21,Thursday,22,6247442,304730,NA,18627,450762,433722,6011,3825,23676,4926,203839,41984,NA,245823,NA,NA
2021-01-22,Friday,19,6289662,308475,NA,18784,452268,434515,6032,3836,23767,4945,214050,49604,NA,263654,NA,NA
2021-01-23,Saturday,25,6332647,315498,NA,18967,453808,436544,6063,3853,23865,4961,229163,59715,NA,288878,NA,NA
2021-01-24,Sunday,15,6367721,317567,NA,19099,454989,437827,6095,3875,23884,4965,247415,63185,NA,310600,NA,NA
2021-01-25,Monday,0,6388959,318649,NA,19226,455783,439283,6098,3876,23932,4974,266985,67436,NA,334421,NA,NA
2021-01-26,Tuesday,20,6399553,323843,NA,19375,456490,440596,6106,3877,24014,4995,284441,67567,NA,352008,NA,NA
2021-01-27,Wednesday,24,6420268,329014,NA,19581,457317,441740,6124,3887,24073,5004,301290,73304,NA,374594,NA,NA
2021-01-28,Thursday,19,6467868,332727,NA,19728,458633,442600,6140,3900,24126,5015,320347,85217,NA,405564,NA,NA
2021-01-29,Friday,31,6513797,335624,NA,19880,459747,443253,6168,3911,24200,5024,345636,96842,NA,442478,NA,NA
2021-01-30,Saturday,15,6545968,340162,NA,20029,460819,444782,6187,3922,24269,5034,381204,105361,NA,486565,NA,NA
2021-01-31,Sunday,8,6576802,341986,NA,20138,461807,446137,6200,3929,24308,5040,418299,111715,NA,530014,NA,NA
2021-02-01,Monday,6,6597842,343096,NA,20262,462528,447420,6202,3930,24352,5045,441922,116248,NA,558170,NA,NA
2021-02-02,Tuesday,29,6607932,347181,NA,20392,463132,448595,6210,3933,24447,5056,447610,116928,NA,564538,NA,NA
2021-02-03,Wednesday,35,6628961,353088,NA,20610,463766,449707,6234,3946,24493,5065,458651,122597,NA,581248,NA,NA
2021-02-04,Thursday,0,6679181,356437,NA,20745,465176,450383,6251,3955,24565,5079,475200,128694,NA,603894,NA,NA
2021-02-05,Friday,6,6717419,359988,NA,20908,466224,450924,6273,3960,24617,5092,497843,138212,NA,636055,NA,NA
2021-02-06,Saturday,37,6751744,364727,NA,21047,467217,452183,6289,3966,24686,5098,525236,147321,NA,672557,NA,NA
2021-02-07,Sunday,13,6780024,365407,NA,21081,468118,453225,6299,3971,24745,5101,554102,156638,NA,710740,NA,NA
2021-02-08,Monday,0,6798547,366121,NA,21156,468682,454290,6302,3972,24780,5105,556482,158763,NA,715245,NA,NA
2021-02-09,Tuesday,14,6808634,369634,NA,21280,469254,455280,6308,3977,24863,5121,569164,162132,NA,731296,NA,NA
2021-02-10,Wednesday,26,6828887,373826,NA,21390,469905,456244,6319,3983,24924,5155,583602,168495,NA,752097,NA,NA
2021-02-11,Thursday,9,6871077,378417,NA,21538,470803,456849,6343,3996,24989,5168,599218,177239,NA,776457,NA,NA
2021-02-12,Friday,10,6914135,381199,NA,21669,471851,457359,6362,4011,25047,5176,617896,189902,NA,807798,NA,NA
2021-02-13,Saturday,24,6944687,385398,NA,21806,472791,458492,6369,4014,25116,5183,641844,209010,NA,850854,NA,NA
2021-02-14,Sunday,3,6971879,386181,NA,21861,473567,459525,6376,4016,25156,5190,661187,227551,NA,889831,NA,NA
2021-02-15,Monday,9,6990085,387566,NA,21944,474169,460537,6378,4016,25197,5197,675329,238104,NA,914984,NA,NA
2021-02-16,Tuesday,4,6999322,391083,NA,22055,474621,461406,6380,4016,25243,5206,686210,240027,NA,927384,NA,NA
2021-02-17,Wednesday,25,7021209,393801,NA,22207,475379,462502,6390,4019,25287,5212,695629,246431,NA,943251,NA,NA
2021-02-18,Thursday,15,7055550,399504,NA,22377,476292,463041,6404,4027,25341,5230,710305,264122,NA,975626,NA,NA
2021-02-19,Friday,6,7100497,403179,NA,22538,477287,463454,6412,4029,25368,5240,728081,286543,NA,1016210,NA,NA
2021-02-20,Saturday,14,7132441,406336,NA,22666,478157,464504,6423,4034,25426,5249,742760,315284,NA,1059617,NA,NA
2021-02-21,Sunday,12,7161046,407525,NA,22732,479036,465382,6432,4037,25455,5258,754602,341332,NA,1097679,NA,NA
2021-02-22,Monday,6,7178713,408372,NA,22823,479591,466311,6433,4038,25478,5264,759747,356911,NA,1118532,NA,NA
2021-02-23,Tuesday,13,7187985,411600,NA,22975,480091,467147,6434,4038,25528,5276,762089,362156,NA,1125916,NA,NA
2021-02-24,Wednesday,7,7207381,418488,NA,23178,480845,467969,6443,4040,25579,5284,770021,370981,NA,1142741,NA,NA
2021-02-25,Thursday,10,7249977,422499,NA,23328,481831,468498,6450,4044,25625,5287,783214,386256,NA,1171258,NA,NA
2021-02-26,Friday,12,7289410,425249,NA,23445,482978,469149,6462,4046,25683,5295,804716,405992,NA,1212816,NA,NA
2021-02-27,Saturday,14,7316923,429880,NA,23591,483790,469959,6475,4053,25714,5304,836735,430819,NA,1269572,NA,NA
2021-02-28,Sunday,9,7346457,431055,NA,23703,484594,470819,6483,4055,25719,5306,878346,452562,NA,1338841,NA,NA
2021-03-01,Monday,0,7365792,432472,NA,23797,485230,471647,6486,4057,25727,5308,902242,467300,NA,1371772,NA,NA
2021-03-02,Tuesday,18,7376464,435424,NA,23943,485655,472470,6490,4057,25826,5329,908590,472789,NA,1383609,NA,NA
2021-03-03,Wednesday,9,7396423,441373,NA,24073,486434,473252,6507,4064,25863,5340,928963,484383,NA,1415372,NA,NA
2021-03-04,Thursday,9,7465199,444689,NA,24201,487374,473728,6521,4070,25896,5344,948127,500188,NA,1450360,NA,NA
2021-03-05,Friday,17,7502722,448578,NA,24349,488170,474175,6534,4076,25938,5352,975781,516422,NA,1498369,NA,NA
2021-03-06,Saturday,29,7534637,451963,NA,24464,489116,475170,6546,4078,25976,5364,1016274,543696,NA,1561329,NA,NA
2021-03-07,Sunday,2,7563391,452789,NA,24581,490011,476055,6550,4079,25978,5364,1046077,570038,NA,1612722,NA,NA
2021-03-08,Monday,1,7599660,453900,NA,25096,490483,476856,6556,4082,25982,5364,1072260,592134,NA,1655056,NA,NA
2021-03-09,Tuesday,16,7606434,457787,NA,25282,492108,478422,6696,4220,26079,5380,1086936,602623,NA,1675676,NA,"State reported backlog of 891 old cases, 22 old hospitalizations and 138 old deaths"
2021-03-10,Wednesday,17,7627320,463590,NA,25453,493013,479267,6705,4224,26142,5394,1103353,615432,NA,1698793,NA,NA
2021-03-11,Thursday,3,7663467,467382,NA,25629,494106,479713,6724,4231,26177,5410,1129967,642701,NA,1747420,NA,NA
2021-03-12,Friday,5,7697306,471122,NA,25827,495208,480133,6737,4237,26219,5416,1163483,660019,NA,1795517,NA,NA
2021-03-13,Saturday,4,7729438,473853,NA,26010,496395,481167,6741,4238,26269,5428,1205342,683034,NA,1856323,NA,NA
2021-03-14,Sunday,0,7757403,474362,NA,26071,497392,482053,6746,4240,26279,5428,1240140,707776,NA,1914713,NA,NA
2021-03-15,Monday,3,7773967,475307,NA,26223,498218,482984,6747,4241,26295,5427,1260771,724692,NA,1947885,NA,NA
2021-03-16,Tuesday,8,7785093,479947,NA,26466,498926,483942,6749,4241,26402,5443,1265430,729294,NA,1955354,NA,NA
2021-03-17,Wednesday,10,7805641,486842,NA,26739,499962,484819,6756,4243,26459,5456,1284612,746829,NA,1987705,NA,NA
2021-03-18,Thursday,9,7847879,490494,NA,26957,501458,485358,6762,4244,26520,5463,1303210,764275,NA,2023574,NA,NA
2021-03-19,Friday,14,7887332,494318,NA,27188,502893,485912,6771,4247,26578,5478,1337892,788495,NA,2082088,NA,NA
2021-03-20,Saturday,20,7919119,497328,NA,27335,504273,487086,6777,4247,26641,5493,1371513,816289,NA,2143348,NA,NA
2021-03-21,Sunday,5,7949000,498711,NA,27478,505224,488156,6782,4248,26651,5493,1408601,839860,NA,2202673,NA,NA
2021-03-22,Monday,0,7968369,500112,NA,27650,506376,489279,6782,4248,26661,5494,1430349,850829,NA,2235281,NA,NA
2021-03-23,Tuesday,15,7981041,505397,NA,27939,507231,490340,6789,4248,26797,5516,1437931,854827,NA,2246710,NA,NA
2021-03-24,Wednesday,13,8006344,510170,NA,28249,508541,491410,6798,4254,26859,5522,1454834,862955,NA,2271672,NA,NA
2021-03-25,Thursday,0,8046775,515726,NA,28506,510398,492058,6814,4264,26936,5536,1475130,878469,NA,2305796,NA,NA
2021-03-26,Friday,15,8090667,519171,NA,28792,512097,492672,6821,4264,27000,5555,1510237,903188,NA,2363495,NA,Eligibility expansion announced
2021-03-27,Saturday,8,8121575,524276,NA,29038,513833,494114,6825,4266,27057,5567,1557636,936222,NA,2441210,NA,NA
2021-03-28,Sunday,2,8152753,526235,NA,29135,515058,495463,6830,4268,27067,5568,1590826,976061,NA,2512837,NA,NA
2021-03-29,Monday,0,8175208,528268,NA,29401,516608,496763,6835,4270,27085,5570,1609277,990854,NA,2545033,NA,NA
2021-03-30,Tuesday,5,8189529,531710,NA,29703,517881,498103,6836,4272,27222,5600,1637771,1003316,NA,2580362,NA,NA
2021-03-31,Wednesday,12,8211019,540037,NA,30113,519529,499395,6848,4276,27308,5623,1658176,1031749,NA,2628387,NA,NA
2021-04-01,Thursday,2,8253622,549314,NA,30585,521667,500351,6860,4280,27404,5635,1682545,1057848,NA,2674667,NA,NA
2021-04-02,Friday,17,8303586,553967,NA,30847,524203,501188,6864,4282,27476,5651,1720811,1088332,NA,2740474,NA,NA
2021-04-03,Saturday,11,8338754,553967,NA,30847,526267,503024,6875,4286,27553,5660,1770290,1129863,NA,2826047,NA,NA
2021-04-04,Sunday,2,8375597,561383,NA,31117,527650,504712,6885,4293,27569,5661,1808949,1164187,NA,2895172,NA,NA
2021-04-06,Tuesday,2,8405105,563690,NA,31459,530662,508094,6889,4294,27781,5693,1841585,1192051,NA,2947450,NA,Two days of data in one
2021-04-07,Wednesday,8,8430709,568535,NA,31955,532658,509834,6908,4298,27888,5720,1871867,1218492,NA,2995997,NA,NA
2021-04-08,Thursday,11,8474916,577313,NA,32482,535182,510959,6922,4304,27986,5732,1900248,1247045,NA,3048429,NA,NA
2021-04-09,Friday,13,8531918,585499,NA,32913,537828,512029,6932,4310,28106,5765,1940081,1285925,NA,3118678,NA,NA
2021-04-10,Saturday,5,8567524,588971,NA,33179,540277,514294,6944,4312,28220,5780,1994412,1333998,NA,3207892,NA,NA
2021-04-11,Sunday,8,8602029,593973,NA,33445,542053,516427,6957,4318,28229,5781,2050888,1386766,NA,3294231,NA,NA
2021-04-12,Monday,1,8626261,597038,NA,33771,544046,518658,6959,4319,28255,5781,2084627,1420328,NA,3344456,NA,NA
2021-04-13,Tuesday,9,8641543,598796,NA,33912,545404,520800,6962,4319,28509,5830,2102859,1435236,NA,3369083,NA,NA
2021-04-14,Wednesday,18,8665530,602599,NA,34188,547101,522843,6978,4320,28636,5858,2131904,1460806,NA,3413928,NA,NA
2021-04-15,Thursday,7,8711467,611410,NA,34738,549830,524290,6989,4324,28750,5875,2162665,1488116,NA,3466394,NA,NA
2021-04-16,Friday,12,8764206,618181,NA,35081,552117,524915,6995,4325,28856,5892,2198635,1520040,NA,3532035,NA,NA
2021-04-17,Saturday,10,8804249,624366,NA,35491,554536,527674,7005,4326,28991,5921,2240914,1563197,NA,3617216,NA,NA
2021-04-18,Sunday,2,8842898,630417,NA,35769,556381,530121,7020,4332,29006,5922,2274426,1600887,NA,3687953,NA,NA
2021-04-19,Monday,8,8866081,634059,NA,35915,557665,532563,7026,4336,29016,5922,2292756,1625800,NA,3731185,NA,NA
2021-04-20,Tuesday,4,8880741,636134,NA,36091,558850,534889,7031,4337,29282,5964,2304975,1630999,NA,3748622,NA,NA
2021-04-21,Wednesday,11,8904956,639676,NA,36390,560450,537130,7044,4339,29372,5990,2324241,1648311,NA,3785179,NA,NA
2021-04-22,Thursday,3,8948654,647056,NA,36669,562420,538450,7054,4343,29477,6006,2349782,1674765,NA,3837062,NA,NA
2021-04-23,Friday,3,8999951,656645,NA,37039,564584,539741,7064,4344,29589,6023,2376700,1711408,NA,3900609,NA,NA
2021-04-24,Saturday,1,9044360,664334,NA,37334,566687,542520,7072,4348,29703,6048,2407294,1745337,NA,3965362,NA,NA
2021-04-25,Sunday,13,9080354,671249,NA,37541,568243,544781,7079,4353,29718,6049,2441621,1788107,NA,4042577,NA,NA
2021-04-26,Monday,0,9103708,674532,NA,37763,569440,547021,7079,4353,29736,6051,2459629,1805781,NA,4078308,NA,NA
2021-04-27,Tuesday,10,9116991,676034,NA,37952,570518,549110,7091,4354,29918,6081,2468406,1811171,NA,4092496,NA,NA
2021-04-28,Wednesday,7,9140195,680389,NA,38268,572025,550992,7113,4358,30040,6108,2487282,1833719,NA,4133871,NA,NA
2021-04-29,Thursday,8,9189095,691001,NA,38537,573938,552069,7128,4365,30140,6127,2507381,1857191,NA,4177319,NA,NA
2021-04-30,Friday,3,9229945,694947,NA,38776,575812,553030,7144,4367,30242,6152,2533459,1893516,NA,4239232,NA,NA
2021-05-01,Saturday,11,9270547,703683,NA,39054,577524,555214,7154,4370,30344,6180,2556515,1938241,NA,4306144,NA,NA
2021-05-02,Sunday,2,9306211,708819,NA,39337,579235,557099,7160,4370,30360,6183,2574895,1972888,NA,4358219,NA,NA
2021-05-03,Monday,0,9327363,713516,NA,39542,580340,559036,7163,4370,30370,6183,2585053,1984517,NA,4379654,NA,NA
2021-05-04,Tuesday,3,9338983,715630,NA,39707,581335,560733,7174,4371,30574,6219,2589206,1991815,NA,4391066,NA,NA
2021-05-05,Wednesday,26,9364629,721879,NA,39940,582576,562376,7191,4374,30691,6246,2598871,2007668,NA,4416163,NA,NA
2021-05-06,Thursday,10,9402942,726026,NA,40204,584227,563364,7204,4376,30783,6264,2614319,2035325,NA,4457725,NA,NA
2021-05-07,Friday,3,9445432,732395,NA,40422,585677,564326,7216,4377,30855,6285,2628225,2069779,NA,4504078,NA,NA
2021-05-08,Saturday,39,9477892,738965,NA,40644,586959,566438,7224,4377,30928,6295,2641346,2106486,NA,4551759,NA,NA
2021-05-09,Sunday,7,9508251,745194,NA,40797,587762,568295,7231,4378,30937,6295,2651747,2140832,NA,4594693,NA,NA
2021-05-10,Monday,1,9523868,746658,NA,41026,588952,570036,7231,4378,30942,6295,2661153,2163864,NA,4625195,NA,NA
2021-05-11,Tuesday,8,9535069,748919,NA,41136,589527,571752,7240,4377,31077,6317,2667770,2176534,NA,4645782,NA,NA
2021-05-12,Wednesday,10,9556213,753322,NA,41349,590436,573350,7255,4378,31164,6339,2676919,2199544,NA,4676965,NA,NA
2021-05-13,Thursday,2,9590371,758646,NA,41478,591445,574208,7274,4384,31241,6356,2685779,2229027,NA,4716455,NA,Walz announces end to mask mandate
2021-05-14,Friday,1,9625323,766153,NA,41753,592750,575133,7283,4387,31315,6371,2694297,2260019,NA,4754427,NA,Mask mandate ends
2021-05-15,Saturday,10,9651515,770541,NA,41904,593622,576890,7286,4388,31386,6391,2707414,2294000,NA,4799651,NA,NA
2021-05-16,Sunday,0,9677017,775780,NA,42070,594427,578338,7296,4390,31393,6393,2722944,2325495,NA,4848135,NA,NA
2021-05-17,Monday,0,9695477,779365,NA,42189,595016,579606,7296,4390,31398,6393,2732819,2340582,NA,4870838,NA,NA
2021-05-18,Tuesday,3,9705888,780696,NA,42310,595532,580838,7310,4390,31520,6414,2739423,2349214,NA,4885672,NA,NA
2021-05-19,Wednesday,4,9723028,783079,NA,42447,596186,581861,7325,4395,31584,6424,2749383,2369346,NA,4914949,NA,NA
2021-05-20,Thursday,8,9754447,790092,NA,42621,597052,582480,7333,4396,31642,6434,2780666,2410545,NA,4984556,NA,NA
2021-05-21,Friday,11,9780548,794058,NA,42727,597731,583021,7354,4405,31699,6441,2802900,2436104,NA,5030748,NA,NA
2021-05-22,Saturday,3,9802944,796604,NA,42798,598327,584221,7363,4410,31750,6445,2831792,2469509,NA,5090995,NA,NA
2021-05-23,Sunday,4,9825744,800564,NA,42831,598766,585112,7370,4414,31754,6446,2848324,2492237,NA,5128479,NA,NA
2021-05-24,Monday,1,9838440,801923,NA,42979,599234,586144,7370,4414,31763,6446,2859019,2506883,NA,5152980,NA,NA
2021-05-25,Tuesday,13,9845392,802504,NA,43004,599477,586968,7381,4416,31883,6458,2863854,2512458,NA,5162924,NA,NA
2021-05-26,Wednesday,6,9864050,807492,NA,43126,599909,587692,7393,4422,31947,6474,2871544,2524113,NA,5181374,NA,NA
2021-05-27,Thursday,6,9889976,812421,NA,43218,600408,588096,7403,4424,31992,6488,2885499,2543044,NA,5212215,NA,NA
2021-05-28,Friday,5,9910330,814877,NA,43273,600767,588509,7408,4427,32021,6493,2900110,2562690,NA,5240827,NA,NA
2021-05-29,Saturday,5,9930030,819252,NA,43323,601105,589390,7418,4430,32051,6503,2911375,2578633,NA,5266811,NA,NA
2021-05-30,Sunday,8,9946608,821935,NA,43372,601384,590178,7426,4434,32056,6503,2921392,2591699,NA,5288830,NA,NA
2021-05-31,Monday,1,9956386,821935,NA,43372,601517,590814,7427,4434,32059,6503,2926302,2597333,NA,5298997,NA,NA
2021-06-02,Wednesday,0,9964217,822856,NA,43387,601645,591815,7427,4434,32090,6513,2930767,2602326,NA,5307794,NA,NA
2021-06-03,Thursday,2,9973733,824105,NA,43401,601881,592091,7437,4438,32148,6528,2934955,2610957,NA,5320162,NA,NA
2021-06-04,Friday,4,10000117,825670,NA,43449,602134,592294,7445,4439,32189,6535,2942626,2622590,NA,5338495,NA,NA
2021-06-05,Saturday,8,10018603,829905,NA,43499,602428,592789,7461,4441,32208,6541,2951297,2635381,NA,5358944,NA,NA
2021-06-06,Sunday,13,10037896,833836,NA,43542,602686,593183,7465,4442,32229,6547,2958628,2650061,NA,5379844,NA,NA
2021-06-07,Monday,2,10048275,836830,NA,43582,602880,593553,7467,4442,32243,6548,2964813,2663064,NA,5398438,NA,NA
2021-06-08,Tuesday,0,10055133,838288,NA,43609,603005,593851,7469,4442,32256,6549,2966964,2669061,NA,5406372,NA,NA
2021-06-09,Wednesday,11,10065154,838998,NA,43626,603144,594082,7477,4445,32302,6554,2972489,2680652,NA,5422565,NA,NA
2021-06-10,Thursday,14,10082495,840968,NA,43657,603305,594204,7484,4447,32333,6563,2978393,2696380,NA,5443293,NA,NA
2021-06-11,Friday,16,10099956,843899,NA,43688,603466,594311,7496,4455,32361,6568,2985441,2715622,NA,5468727,NA,NA
2021-06-12,Saturday,26,10114531,846919,NA,43713,603614,594356,7503,4455,32388,6570,2990883,2732586,NA,5490579,NA,NA
2021-06-13,Sunday,27,10127256,849203,NA,43734,603760,594691,7512,4456,32412,6573,2996575,2748409,NA,5511077,NA,NA
2021-06-14,Monday,2,10138853,851505,NA,43765,603876,594956,7517,4457,32420,6573,2998200,2755522,NA,5519554,NA,NA
2021-06-15,Tuesday,5,10145825,852971,NA,43787,603966,595183,7518,4457,32423,6573,2998667,2759751,NA,5524057,NA,NA
2021-06-16,Wednesday,5,10155516,852971,NA,43787,604052,595378,7523,4459,32455,6583,3005706,2774889,NA,5545231,NA,NA
2021-06-17,Thursday,10,10170659,855388,NA,43816,604184,595499,7527,4459,32483,6591,3010116,2787532,NA,5561729,NA,NA
2021-06-18,Friday,8,10184576,858551,NA,43843,604291,595583,7531,4460,32500,6596,3014795,2799918,NA,5578085,NA,NA
2021-06-19,Saturday,17,10199122,863760,NA,43870,604406,595773,7536,4461,32508,6598,3021009,2813305,NA,5597081,NA,NA
2021-06-20,Sunday,24,10210775,865782,NA,43891,604509,595937,7545,4465,32525,6601,3024803,2822303,NA,5609336,NA,NA
2021-06-21,Monday,1,10220996,867263,NA,43904,604608,596077,7549,4465,32532,6602,3028086,2828850,NA,5618848,NA,NA
2021-06-22,Tuesday,1,10226368,867888,NA,43916,604687,596205,7550,4465,32536,6603,3029339,2830857,NA,5622031,NA,NA
2021-06-23,Wednesday,13,10235137,869355,NA,43930,604758,596305,7555,4466,32561,6608,3032262,2835126,NA,5628826,NA,NA
2021-06-24,Thursday,17,10248596,872115,NA,43946,604879,596388,7561,4467,32585,6612,3036133,2840671,NA,5637765,NA,NA
2021-06-25,Friday,19,10262574,874826,NA,43963,604971,596430,7572,4471,32599,6616,3040505,2847971,NA,5648941,NA,NA
2021-06-26,Saturday,10,10275571,877155,NA,43976,605040,596572,7578,4474,32622,6621,3045319,2857361,NA,5662635,NA,NA
2021-06-27,Sunday,4,10287678,878680,NA,43983,605137,596710,7582,4475,32638,6623,3049039,2868046,NA,5676890,NA,NA
2021-06-28,Monday,1,10296139,880081,NA,44005,605218,596815,7587,4475,32639,6623,3052188,2881496,NA,5692861,NA,NA
2021-06-29,Tuesday,0,10301196,880723,NA,44016,605297,596930,7587,4474,32642,6623,3053004,2882740,NA,5694796,NA,NA
2021-06-30,Wednesday,13,10309714,881831,NA,44031,605365,597013,7594,4478,32668,6623,3055977,2886771,NA,5701389,NA,NA
2021-07-01,Thursday,19,10323090,884614,NA,44047,605448,597069,7599,4481,32688,6627,3061507,2897629,NA,5717220,NA,NA
2021-07-02,Friday,11,10337273,887130,NA,44055,605549,597128,7605,4481,32704,6628,3065364,2903413,NA,5726394,NA,NA
2021-07-03,Saturday,5,10348825,889528,NA,44076,605660,597232,7610,4482,32722,6631,3068939,2908654,NA,5734935,NA,NA
2021-07-04,Sunday,7,10359775,891079,NA,44106,605803,597326,7615,4485,32739,6632,3072037,2912744,NA,5741906,NA,NA
2021-07-07,Wednesday,0,10377218,893301,NA,44143,606034,597632,7615,4485,32749,6634,3075512,2917205,NA,5749519,NA,NA
2021-07-08,Thursday,3,10386334,895263,NA,44176,606158,597675,7617,4485,32797,6645,3078672,2922291,NA,5757565,NA,NA
2021-07-09,Friday,1,10400234,898265,NA,44209,606297,597728,7622,4486,32813,6650,3082040,2927197,NA,5765392,NA,NA
2021-07-12,Monday,2,10413683,901067,NA,44248,606484,597848,7624,4486,32827,6652,3085718,2932155,NA,5773764,NA,NA
2021-07-13,Tuesday,0,10440027,904377,NA,44310,606870,598217,7627,4487,32851,6656,3091253,2939361,NA,5786020,NA,NA
2021-07-14,Wednesday,9,10450193,906178,NA,44362,607069,598316,7630,4488,32900,6664,3093896,2942415,NA,5791319,NA,NA
2021-07-15,Thursday,7,10463856,908582,NA,44393,607278,598390,7632,4489,32914,6665,3099115,2948381,NA,5802232,NA,NA
2021-07-16,Friday,3,10478668,912149,NA,44457,607524,598427,7635,4489,32935,6668,3102958,2953217,NA,5810407,NA,NA
2021-07-19,Monday,3,10491915,914122,NA,44501,607784,598545,7638,4491,32956,6669,3106398,2957310,NA,5817524,NA,NA
2021-07-20,Tuesday,4,10516852,917527,NA,44606,608405,599037,7639,4492,32993,6671,3112360,2963538,NA,5829263,NA,NA
2021-07-21,Wednesday,5,10529318,919509,NA,44658,608678,599219,7644,4495,33031,6680,3115259,2966516,NA,5834910,NA,NA
2021-07-22,Thursday,2,10543189,922497,NA,44735,609016,599352,7648,4498,33056,6685,3118635,2969903,NA,5840768,NA,NA
2021-07-23,Friday,4,10556701,925465,NA,44798,609387,599466,7650,4498,33077,6690,3123226,2973795,NA,5848879,NA,NA
2021-07-26,Monday,1,10572606,927637,NA,44866,609810,599709,7653,4498,33106,6694,3128086,2977666,NA,5857112,NA,NA
2021-07-27,Tuesday,3,10602173,931050,NA,45003,610839,600472,7656,4500,33150,6699,3136633,2983368,NA,5870709,NA,NA
2021-07-28,Wednesday,6,10614864,933628,NA,45153,611458,600715,7660,4502,33225,6715,3139861,2985227,NA,5876029,NA,NA
2021-07-29,Thursday,8,10632801,936886,NA,45248,612001,600874,7663,4502,33265,6728,3146721,2989960,NA,5886797,NA,NA
2021-07-30,Friday,2,10652403,940086,NA,45354,612701,601097,7668,4505,33311,6734,3152764,2993889,NA,5896269,NA,NA
2021-08-02,Monday,8,10670347,942606,NA,45434,613325,601499,7674,4511,33353,6742,3158646,2997637,NA,5905487,NA,NA
2021-08-03,Tuesday,2,10706973,947076,NA,45599,614990,602808,7678,4512,33392,6750,3170942,3004629,NA,5924040,NA,NA
2021-08-04,Wednesday,3,10725327,951481,NA,45788,615923,603264,7683,4515,33485,6781,3176256,3007556,NA,5932301,NA,NA
2021-08-05,Thursday,17,10747709,956482,NA,45924,616784,603559,7688,4517,33538,6796,3183305,3011093,NA,5942420,NA,NA
2021-08-06,Friday,8,10771700,960114,NA,46092,617788,603915,7694,4522,33578,6808,3191200,3014748,NA,5953483,NA,NA
2021-08-09,Monday,2,10796739,965123,NA,46252,618906,604597,7698,4525,33623,6812,3199358,3018687,NA,5964918,NA,NA
2021-08-10,Tuesday,5,10848125,971854,NA,46412,620591,606738,7705,4528,33678,6833,3214610,3025683,NA,5986205,NA,NA
2021-08-11,Wednesday,7,10870599,977809,NA,46617,622216,607480,7715,4529,33799,6854,3219639,3028910,NA,5994064,NA,NA
2021-08-12,Thursday,7,10897756,983935,NA,46887,623527,607948,7723,4533,33861,6872,3224475,3031445,NA,6000974,NA,NA
2021-08-13,Friday,12,10925439,989479,NA,47064,624851,608472,7729,4533,33930,6888,3231088,3035371,NA,6010902,NA,NA
2021-08-16,Monday,11,10959511,995748,NA,47185,626310,609532,7734,4533,33980,6902,3238588,3039749,NA,6022016,NA,NA
2021-08-17,Tuesday,10,11017165,1003785,NA,47542,629354,612681,7737,4533,34051,6920,3254019,3046575,NA,6044915,NA,NA
2021-08-18,Wednesday,5,11040807,1010248,NA,47704,630512,613687,7742,4534,34216,6949,3259492,3051172,NA,6054186,NA,NA
2021-08-19,Thursday,9,11068479,1015996,NA,47907,631858,614302,7750,4534,34293,6965,3264937,3056221,NA,6065563,NA,NA
2021-08-20,Friday,10,11099002,1022536,NA,48080,633556,614950,7760,4536,34372,6984,3268572,3059394,NA,6076644,NA,NA
2021-08-23,Monday,7,11134990,1028820,NA,48234,635222,616344,7767,4540,34466,7006,3274847,3065135,NA,6089217,NA,NA
2021-08-24,Tuesday,1,11199228,1037930,NA,48580,639059,620425,7775,4540,34561,7025,3286870,3066374,NA,6112088,NA,NA
2021-08-25,Wednesday,4,11288952,1047164,NA,48712,640459,621845,7782,4540,34755,7062,3290707,3080709,NA,6120500,NA,NA
2021-08-26,Thursday,10,11319639,1054520,NA,49060,642288,622586,7793,4542,34863,7091,3295189,3086707,NA,6132627,NA,NA
2021-08-27,Friday,10,11356890,1062470,NA,49282,644190,623438,7799,4543,34949,7116,3299990,3092731,NA,6145255,NA,NA
2021-08-30,Monday,10,11391772,1067507,NA,49430,646094,625274,7805,4542,35038,7130,3305165,3099199,NA,6158644,NA,NA
2021-08-31,Tuesday,12,11456835,1077024,NA,49697,649964,630243,7811,4544,35121,7139,3314084,3111569,NA,6181806,NA,NA
2021-09-01,Wednesday,12,11486181,1084431,NA,49925,651388,631796,7817,4545,35329,7183,3317709,3116298,NA,6190997,NA,NA
2021-09-02,Thursday,4,11525903,1093676,NA,50142,653288,632808,7839,4550,35436,7206,3322642,3122523,NA,6203888,NA,NA
2021-09-03,Friday,8,11561040,1100769,NA,50408,655418,633745,7844,4552,35521,7223,3327769,3128568,NA,6216804,NA,NA
2021-09-06,Monday,14,11603529,1109012,NA,50692,657492,635784,7856,4554,35600,7247,3332860,3134652,NA,6229876,NA,"This data was actually reported on Tuesday 9/7, but is comparable to Monday reports so is listed here"
2021-09-07,Tuesday,21,11684659,1122813,NA,51362,663248,642434,7865,4555,35797,7294,3342677,3149597,NA,6256511,NA,"This data was actually reported on Wednesday 9/8, but is most comparable to Tuesday reports"
2021-09-09,Thursday,4,11716045,1133560,NA,51554,664459,643425,7874,4557,35967,7323,3344415,3152889,NA,6262798,NA,NA
2021-09-10,Friday,13,11756998,1146123,NA,52152,666496,644355,7892,4562,36085,7333,3348641,3158635,NA,6274211,NA,NA
2021-09-13,Monday,13,11803253,1154012,NA,52583,669176,646580,7903,4564,36198,7348,3352357,3163785,NA,6284567,NA,NA
2021-09-14,Tuesday,5,11887293,1167546,NA,53257,673774,652675,7915,4567,36286,7371,3359990,3175317,NA,6305107,31601,NA
2021-09-15,Wednesday,5,11921514,1177885,NA,53854,676505,655064,7956,4597,36539,7417,3362569,3179113,NA,6312286,32566,"The state reported 647 backlogged cases and 28 backlogged deaths, all from long-term care facilities"
2021-09-16,Thursday,11,11959420,1187547,NA,54383,678978,656149,7970,4599,36645,7446,3362569,3179113,NA,6320203,34089,NA
2021-09-17,Friday,10,12005921,1197553,NA,54746,681613,657145,7983,4601,36755,7471,3368735,3187694,NA,6329527,33522,NA
2021-09-20,Monday,17,12051773,1205924,NA,55080,684070,657953,7993,4602,36860,7492,3372740,3193314,NA,6340399,36987,NA
2021-09-21,Tuesday,31,12147772,1221356,NA,55929,690391,665345,8011,4607,36973,7512,3379128,3202712,NA,6357428,38796,NA
2021-09-22,Wednesday,4,12181290,1229932,NA,56188,692029,667488,8025,4610,37220,7560,3381502,3205863,NA,6363781,39738,NA
2021-09-23,Thursday,143,12229396,1244544,NA,56803,694320,668574,8049,4612,37344,7584,3384566,3209993,NA,6372358,41169,Several hundred old cases removed due to a lab mixup
2021-09-24,Friday,135,12279464,1254442,NA,57296,697182,669772,8076,4620,37451,7606,3386985,3213208,NA,6379025,42299,More old cases removed
2021-09-27,Monday,19,12327958,1263441,NA,57780,699966,672634,8098,4624,37555,7630,3389798,3217061,NA,6387200,43867,NA
2021-09-28,Tuesday,11,12427807,1281690,NA,58596,706158,680339,8109,4628,37670,7644,3396209,3225345,NA,6413186,54209,NA
2021-09-29,Wednesday,15,12463002,1291763,NA,58986,708220,682682,8140,4634,37909,7677,3398906,3227882,NA,6427895,62721,NA
2021-09-30,Thursday,0,12510372,1304794,NA,59638,711094,683858,8153,4637,38031,7709,3400919,3229812,NA,6442232,72221,NA
2021-10-01,Friday,18,12562842,1315645,NA,60275,714790,685073,8170,4639,38128,7725,3403638,3232465,NA,6636103,81849,NA
2021-10-04,Monday,9,12615184,1325223,NA,60711,718327,688227,8191,4645,38224,7742,3406106,3235039,NA,6473110,90591,NA
2021-10-05,Tuesday,9,12719962,1342950,NA,61580,725451,696763,8203,4648,38347,7770,3410953,3240575,NA,6504618,109582,NA
2021-10-06,Wednesday,3,12758518,1355142,NA,62452,729334,699275,8243,4657,38573,7811,3412916,3242885,NA,6519376,118703,NA
2021-10-07,Thursday,7,12800638,1364419,NA,63005,732001,700598,8275,4668,38791,7835,3414238,3244538,NA,6533896,129087,NA
2021-10-08,Friday,16,12855286,1376221,NA,63523,735646,701975,8295,4671,38906,7868,3420016,3250511,NA,6569914,150901,NA
2021-10-11,Monday,26,12901307,1385792,NA,63830,738843,705936,8320,4678,39045,7907,3424062,3254871,NA,6599554,171140,NA
2021-10-12,Tuesday,17,12995416,1403997,NA,64933,746768,716107,8330,4682,39181,7927,3429066,3260319,NA,6630869,190415,NA
2021-10-13,Wednesday,12,13024251,1415207,NA,65486,749144,719185,8354,4687,39447,7984,3430921,3262423,NA,6644085,198348,NA
2021-10-14,Thursday,3,13074178,1427239,NA,66100,752060,720751,8379,4691,39595,8022,3433212,3264931,NA,6660659,209056,NA
2021-10-15,Friday,11,13121879,1436950,NA,66535,755401,722264,8407,4699,39722,8043,3435979,3267835,NA,6678198,218931,NA
2021-10-18,Monday,17,13166757,1445959,NA,66919,758252,726330,8436,4704,39849,8076,3438442,3270542,NA,6695034,229397,NA
2021-10-19,Tuesday,23,13245697,1463145,NA,67554,763915,736234,8457,4709,40000,8100,3443774,3276323,NA,6728296,250340,NA
2021-10-20,Wednesday,12,13287550,1474526,NA,68003,765761,739119,8489,4712,40227,8147,3445952,3278614,NA,6741937,258779,NA
2021-10-21,Thursday,10,13315400,1483748,NA,68466,768112,740705,8515,4718,40362,8187,3447401,3280444,NA,6755002,267697,NA
2021-10-22,Friday,16,13352583,1494572,NA,68886,770246,742063,8537,4725,40442,8219,3449658,3282820,NA,6770883,276696,NA
2021-10-25,Monday,29,13412007,1502962,NA,69303,773227,745745,8559,4731,40555,8236,3452704,3285805,NA,6788261,287587,NA
2021-10-26,Tuesday,61,13499875,1519350,NA,70113,779749,753961,8581,4736,40673,8258,3457677,3290572,NA,6827975,312180,NA
2021-10-27,Wednesday,11,13527150,1529257,NA,70568,781548,756146,8612,4743,40868,8291,3460119,3294754,NA,6851511,327600,NA
2021-10-28,Thursday,5,13567916,1538775,NA,71099,784233,757360,8653,4750,41026,8321,3463647,3295825,NA,6881503,345737,NA
2021-10-29,Friday,31,13609119,1550559,NA,71742,787550,758496,8669,4753,41129,8335,3466097,3300397,NA,6906114,374090,NA
2021-11-01,Monday,20,13649457,1559593,797984,72855,789800,768921,8694,4758,41392,8367,3468379,3306034,NA,6939463,401424,NA
2021-11-02,Tuesday,12,13737995,1580588,805015,74115,796679,776476,8718,4763,41481,8387,3474328,3318665,NA,7002505,449284,NA
2021-11-03,Wednesday,15,13772032,1594920,807956,74766,799550,778784,8761,4773,41739,8436,3476404,3322036,NA,7022338,463256,NA
2021-11-04,Thursday,20,13818659,1607692,811654,75769,803168,780030,8793,4782,41931,8458,3478914,3326854,NA,7048304,482213,NA
2021-11-05,Friday,24,13868886,1619494,815008,76231,806462,781378,8828,4795,42072,8486,3481580,3331636,NA,7077652,504299,NA
2021-11-08,Monday,22,13913703,1632247,819239,77351,810602,784990,8862,4803,42154,8517,3487879,3324363,NA,7095570,523905,NA
2021-11-09,Tuesday,8,14013747,1655683,826404,78759,817543,794269,8882,4809,42328,8548,3499399,3339949,NA,7169595,576004,NA
2021-11-10,Wednesday,12,14053909,1670085,831669,79770,822635,797121,8925,4825,42626,8602,3505911,3307336,NA,7195503,591263,"About 2,000 cases delayed from Tuesday"
2021-11-11,Thursday,5,14099993,1683224,836787,81220,827658,798603,8968,4829,42831,8626,3512944,3309462,NA,7232883,616621,NA
2021-11-12,Friday,11,14156963,1696571,841625,81861,832610,800241,8996,4835,42995,8656,3522489,3311952,NA,7271619,642185,NA
2021-11-15,Monday,4,14207860,1709119,846887,82903,837765,804583,8996,4835,43193,8680,3530246,3314412,NA,7306683,665218,NA
2021-11-16,Tuesday,9,14308895,1730476,857791,84422,848421,816736,9047,4843,43418,8714,3548912,3330128,NA,7394003,715287,NA
2021-11-17,Wednesday,13,14348804,1743232,861235,85285,851802,820787,9093,4850,43827,8775,3562569,3331979,NA,7430246,734409,NA
2021-11-18,Thursday,7,14402065,1761562,866055,86749,856524,822882,9125,4860,44033,8814,3571831,3333518,NA,7468829,760272,NA
2021-11-19,Friday,14,14457686,1772922,871203,87493,861717,825017,9155,4873,44224,8846,3583889,3335953,NA,7512682,786726,NA
2021-11-22,Monday,4,14509356,1785884,875917,88593,866287,830928,9192,4884,44380,8865,3593942,3338219,NA,7557141,816163,NA
2021-11-23,Tuesday,4,14620604,1811983,887368,90512,877442,845128,9229,4894,44577,8898,3616166,3343252,NA,7653250,881369,NA
2021-11-24,Wednesday,28,14665039,1829058,891099,91569,881102,849419,9282,4901,45014,8985,3625001,3345451,NA,7691197,904686,NA
2021-11-25,Thursday,1,14719856,1843237,895229,92683,885156,851607,9338,4913,45214,9025,3631472,3346984,NA,7728861,932115,NA
2021-11-29,Monday,1,14823912,1869639,899739,93514,889628,859647,9382,4926,45431,9062,NA,NA,NA,NA,NA,NA
2021-11-30,Tuesday,1,14896979,1884372,912370,95602,902032,874593,9382,4926,45680,9081,3647141,3358839,NA,7825008,1093281,NA
2021-12-01,Wednesday,8,14947240,1908246,915942,96723,905515,879025,9482,4945,46177,9182,3651596,3365496,NA,7857144,1114287,NA
2021-12-02,Thursday,6,15004118,1926664,921249,98222,910721,881400,9554,4963,46416,9224,3655679,3373236,NA,7894561,1139911,NA
2021-12-03,Friday,3,15063685,1942451,926931,99548,916317,883597,9616,4984,46623,9263,3660988,3381610,NA,7938605,1170449,NA
2021-12-06,Monday,28,15120408,1955828,933025,100701,922278,889177,9654,4993,46863,9296,3667362,3392658,NA,7996585,1211323,NA
2021-12-07,Tuesday,25,15224743,1977871,945445,103075,934423,899486,9699,5001,47053,9316,3676498,3411323,NA,8080760,1267488,NA
2021-12-08,Wednesday,95,15256667,1984689,948490,103815,937408,902903,9774,5017,47551,9386,3679928,3418018,NA,8113096,1285957,NA
2021-12-09,Thursday,12,15314720,2007934,952232,104662,941057,905872,9814,5028,47746,9421,3683815,3424923,NA,8147096,1312766,NA
2021-12-10,Friday,7,15369673,2021473,956779,105401,945486,908526,9872,5036,47956,9457,3689184,3435045,NA,8194196,1344376,NA
2021-12-13,Monday,9,15402096,2026286,960425,106003,949046,915474,9918,5047,48169,9492,3692432,3441368,NA,8221069,1361606,NA
2021-12-14,Tuesday,17,15502740,2047104,969450,107451,957867,931834,9964,5056,48362,9518,3701044,3459000,NA,8303611,1418056,NA
2021-12-15,Wednesday,14,15541387,2061634,971667,108079,959989,936224,10018,5074,48754,9583,3704899,3466342,NA,8337504,1440325,NA
2021-12-16,Thursday,25,15586980,2072871,975447,108999,963676,938466,10057,5078,48963,9620,3707937,3471539,NA,8369482,1463736,NA
2021-12-17,Friday,18,15636086,2084872,979283,109658,967380,940628,10111,5094,49154,9662,3712276,3477940,NA,8407069,1490524,NA
2021-12-20,Monday,16,15686988,2097426,982664,110300,970556,945423,10156,5100,49334,9693,3716459,3482276,NA,8439859,1514732,NA
2021-12-21,Tuesday,13,15773963,2115757,990047,111781,977707,957082,10197,5107,49502,9728,3725062,3490578,NA,8505668,1563729,NA
2021-12-22,Wednesday,3,15813793,2128993,992851,112458,980400,959776,10254,5113,49812,9785,3728896,3494441,NA,8533113,1583367,NA
2021-12-23,Thursday,5,15882328,2145535,996224,113400,983636,961306,10306,5125,49984,9815,3731976,3498164,NA,8564704,1607817,NA
2021-12-24,Friday,18,15925106,2158971,1000361,114065,987599,963896,10359,5133,50127,9837,3736914,3502064,NA,8697292,1631643,NA
2021-12-28,Tuesday,9,16037019,2194996,1010225,116725,996843,977944,10399,5138,50345,9873,3742782,3508034,NA,8639736,1662395,NA
2021-12-29,Wednesday,5,16117480,2210065,1015435,117154,1001676,980822,10468,5145,50706,9933,3746193,3511708,NA,8662707,1678258,NA
2021-12-30,Thursday,3,16168942,2224964,1022212,118945,1007990,982689,10516,5153,50908,9970,3749205,3514952,NA,8685646,1694920,NA
2021-12-31,Friday,6,16223715,2243220,1028986,121256,1014285,985275,10564,5158,51024,10001,3754519,3519232,NA,8711845,1712538,NA
2022-01-04,Tuesday,20,16310438,2279353,1045170,126654,1028549,1003411,10600,5168,51145,10017,3761946,3526903,NA,8765099,1749899,NA
2022-01-05,Wednesday,9,16343174,2298374,1049310,128778,1032397,1005213,10671,5183,51323,10053,3764738,3530683,NA,8783387,1751574,NA
2022-01-06,Thursday,10,16458153,2302190,1056236,130181,1038731,1005849,10733,5193,51557,10099,3767666,3533681,NA,8802024,1774036,NA
2022-01-07,Friday,4,16582622,2339018,1064065,130711,1045846,1009237,10766,5197,51895,10130,3771106,3536755,NA,8825025,1790296,NA
2022-01-10,Monday,1,16671212,2358097,1075028,132969,1055638,1017409,10810,5201,52162,10163,3775306,3541401,NA,8849903,1806548,NA
2022-01-11,Tuesday,21,16812103,2385896,1104494,136855,1082396,1048033,10838,5203,52562,10186,3784898,3550974,NA,8909051,1846438,NA
2022-01-12,Wednesday,15,16882192,2405421,1115198,138930,1092035,1052376,10887,5211,52953,10216,3788080,3553874,NA,8926273,1858010,NA
2022-01-13,Thursday,11,16954490,2429187,1126697,140753,1102367,1054656,10939,5219,53219,10260,3791088,3556416,NA,8945012,1870878,NA
2022-01-14,Friday,11,16989663,2451430,1138246,142643,1110693,1059870,10971,5228,53478,10300,3795237,3559835,NA,8967160,1885895,NA
2022-01-17,Monday,9,17112898,2470711,1148888,144395,1120308,1073545,11000,5234,53836,10335,3799301,3563082,NA,8989222,1900456,NA
2022-01-19,Wednesday,10,17330816,2526576,1193504,155054,1160558,1135053,11037,5245,54514,10400,3810423,3570777,NA,9048375,1940815,NA
2022-01-20,Thursday,15,17400668,2548855,1204929,157607,1170795,1142344,11115,5265,54810,10432,3813784,3573445,NA,9066009,1952260,NA
2022-01-21,Friday,23,17486321,2570366,1216734,159948,1179775,1148516,11151,5273,55091,10475,3816297,3575871,NA,9081646,1962781,NA
2022-01-24,Monday,12,17563384,2588983,1229444,162348,1191214,1165441,11193,5282,55332,10518,3820570,3579423,NA,9102645,1962781,NA
2022-01-25,Tuesday,13,17698075,2617620,1264935,168033,1223000,1211499,11230,5292,55642,10548,3825849,3583371,NA,9129939,1993618,NA
2022-01-26,Wednesday,7,17751532,2637096,1280500,170496,1236933,1222393,11282,5306,55977,10585,3828368,3585745,NA,9142578,2001267,NA
2022-01-27,Thursday,16,17807434,2655408,1295117,173231,1250023,1228712,11339,5320,56324,10623,3830360,3587482,NA,9154901,2009665,NA
2022-01-28,Friday,17,17860571,2668371,1309665,175642,1263193,1234940,11382,5336,56621,10653,3834471,3590276,NA,9171171,2018854,NA
2022-01-31,Monday,10,17913288,2683287,1321753,178015,1274043,1248912,11411,5346,56904,10677,3838711,3594164,NA,9191198,2030586,NA
2022-02-01,Tuesday,23,18014468,2706914,1343090,181101,1291905,1285255,11457,5362,57213,10717,3843231,3598752,NA,9213245,2043269,NA
2022-02-02,Wednesday,6,18047788,2721229,1347000,181933,1295426,1294284,11516,5382,57462,10752,3845821,3601428,NA,9224753,2049328,NA
2022-02-03,Thursday,32,18093577,2734028,1352448,183127,1300349,1299014,11561,5395,57714,10785,3847494,3603520,NA,9235353,2055961,NA
2022-02-04,Friday,7,18136053,2745914,1359058,184621,1306305,1303961,11599,5405,57975,10817,3850437,3606932,NA,9249964,2063909,NA
2022-02-07,Monday,3,18179549,2756847,1364884,185696,1311504,1314053,11634,5415,58150,10855,3852946,3610146,NA,9262292,2070283,NA
2022-02-08,Tuesday,14,18256654,2774788,1375279,187395,1320865,1335988,11682,5425,58348,10892,3858044,3616925,NA,9287266,2083058,NA
2022-02-09,Wednesday,10,18287104,2785983,1379102,188231,1324342,1342411,11722,5442,58705,10939,3859922,3619453,NA,9295979,2087152,NA
2022-02-10,Thursday,9,18330462,2797584,1383555,189211,1328414,1346262,11761,5457,58887,10964,3860958,3621375,NA,9303485,2091342,NA
2022-02-11,Friday,11,18367211,2807661,1388401,190123,1332809,1349920,11797,5468,59040,10979,3862952,3624526,NA,9314431,2096870,NA
2022-02-14,Monday,8,18410887,2817353,1392731,191004,1336678,1356572,11830,5477,59219,10994,3864569,3627705,NA,9324074,2101393,NA
2022-02-15,Tuesday,36,18478175,2831376,1399164,192073,1342439,1369052,11862,5484,59406,11014,3867610,3633160,NA,9341724,2110103,NA
2022-02-16,Wednesday,41,18497775,2841035,1400624,192571,1343746,1372175,11903,5496,59621,11054,3868642,3634970,NA,9347480,2112792,NA
2022-02-17,Thursday,38,18533149,2851731,1402439,192997,1345353,1373839,11930,5499,59743,11075,3869659,3637197,NA,9354559,2116241,NA
2022-02-18,Friday,41,18565917,2858506,1404662,193378,1347353,1375508,11961,5512,59853,11092,3870338,3639241,NA,9361496,2120082,NA
2022-02-21,Monday,20,18600838,2865348,1406654,193654,1349144,1379406,11993,5528,59928,11105,3871545,3641904,NA,9369223,2123504,NA
2022-02-22,Tuesday,121,18672599,2882962,1410583,194347,1352632,1388795,12019,5539,60133,11142,3874825,3648957,NA,9389710,2132849,NA
2022-02-24,Thursday,65,18700640,2891676,1411593,194529,1350737,1389641,12066,5552,60212,11151,3875853,3651147,NA,9396066,2135573,NA
2022-02-25,Friday,57,18723951,2897670,1412497,194697,1351568,1390540,12081,5556,60266,11162,3875853,3651147,NA,9400093,2137938,NA
2022-02-28,Monday,43,18750988,2903512,1413576,194908,1352532,1392601,12109,5564,60327,11172,3876956,3654604,NA,9406441,2140585,NA
2022-03-01,Tuesday,66,18798821,2913290,1415652,195185,1354381,1397019,12131,5570,60407,11190,3878905,3659150,NA,9418963,2145978,NA
2022-03-02,Wednesday,52,18817340,2918974,1416191,195290,1354877,1398048,12152,5576,60574,11228,3880020,3661384,NA,9425587,2148956,NA
2022-03-03,Thursday,23,18845272,NA,1417015,195394,1355604,1398659,12172,5586,60614,11238,3880308,3662520,NA,9429719,2151153,NA
2022-03-04,Friday,37,18870979,2931612,1417811,195525,1356313,1399260,12183,5587,60679,11248,3881200,3663890,NA,9434586,2153505,NA
2022-03-07,Monday,25,18895371,2938234,1418694,195746,1357100,1400456,12201,5592,60730,11256,3882027,3665186,NA,9439267,2155724,NA
2022-03-08,Tuesday,2,18938860,2947897,1420149,195950,1358411,1403236,12221,5601,60788,11259,3883726,3668047,2543973,9449146,2160448,NA
2022-03-09,Wednesday,4,18957028,2953353,1420720,196074,1358764,1404071,12238,5609,60880,11275,3884505,3669180,2544135,9453163,2162324,NA
2022-03-10,Thursday,12,18981873,2959920,1421312,196183,1359311,1404496,12255,5617,60933,11278,3884563,3669533,2543500,9455602,2163952,NA
2022-03-11,Friday,26,19004503,2965011,1421869,196267,1359763,1404873,12264,5620,60971,11288,3885959,3671760,2547329,9463571,2167738,NA
2022-03-14,Monday,55,19023778,2970105,1422344,196339,1360190,1405731,12280,5627,61007,11292,3885264,3670663,2545366,9459644,2165878,NA
2022-03-15,Tuesday,12,19062136,2978443,1422815,196445,1360593,1407687,12289,5629,61035,11293,3887121,3673633,2545357,9470459,2171164,NA
2022-03-16,Wednesday,21,19078602,2983919,1423683,196593,1361360,1408191,12302,5636,61123,11311,3887749,3674424,2545130,9473703,2172733,NA
2022-03-17,Thursday,46,19101822,2990473,1424107,196669,1361785,1408424,12312,5641,61164,11321,3887607,3674568,2544291,9475393,2174003,NA
2022-03-18,Friday,32,19124066,2995492,1424613,196748,1362226,1408700,12321,5642,61193,11325,3888220,3675511,2545926,9479103,2175835,NA
2022-03-21,Monday,39,19144060,3000310,1425032,196798,1362656,1409264,12328,5644,61230,11331,3888943,3676480,2548016,9483163,2177810,NA
2022-03-22,Tuesday,37,19179239,3007835,1426056,196969,1363597,1410626,12340,5650,61275,11340,3889891,3677939,2546202,9489041,2180689,NA
2022-03-23,Wednesday,18,19182647,3012456,1426326,197003,1363765,1411004,12342,5650,61344,11357,3890424,3678713,2546134,9492312,2182325,NA
2022-03-24,Thursday,18,19215635,3017643,1426787,197072,1364225,1411231,12362,5659,61388,11367,3890309,3678849,2545710,9494116,2183617,NA
2022-03-28,Monday,13,19252662,3027475,1427734,197231,1365088,1411931,12382,5667,61438,11372,3891613,3680414,2549043,9501384,NA,NA
2022-03-29,Tuesday,14,19291163,3034724,1428704,197337,1366061,1413217,12390,5669,61463,11377,3892614,3681777,2547164,9507142,2190095,NA
2022-03-30,Wednesday,9,19305963,3039849,1429051,197433,1366200,1413606,12401,5672,61525,11383,3893185,3682482,2547075,9510405,2191763,NA
2022-03-31,Thursday,10,19323338,3044555,1429550,197529,1366699,1413859,12408,5676,61553,11390,3892907,3682446,2546268,9511741,2191763,NA
2022-04-01,Friday,7,19343485,3048770,1430089,197639,1367135,1414074,12410,5676,61586,11394,3893564,3683209,2547922,9516485,2192864,NA
2022-04-04,Monday,6,19356213,3050787,1430556,197696,1367594,1414591,12415,5678,61607,11396,3896875,3686012,2551301,9530553,2197695,NA
2022-04-05,Tuesday,5,19391940,3058873,1431643,197837,1368549,1415985,12419,5681,61648,11402,3897872,3687603,2550689,9553704,2200811,NA
2022-04-06,Wednesday,7,19404012,3061594,1432002,197895,1368797,1416396,12429,5685,61698,11412,3898343,3688246,2550652,9561943,2202231,NA
2022-04-07,Thursday,12,19420566,3064952,1432617,198034,1369406,1416664,12434,5687,61732,11416,3898166,3688293,2550112,9571390,2202231,NA
2022-04-08,Friday,4,19436527,3068348,1433225,198120,1369891,1416888,12440,5688,61763,11420,3898715,3689010,2551375,9581812,2204899,NA
2022-04-11,Monday,5,19450704,3071088,1433898,198243,1370552,1417407,12447,5692,61792,11425,3899210,3689725,2552923,9593392,2209221,NA
2022-04-12,Tuesday,5,19479012,3076153,1435232,198468,1371862,1418827,12449,5693,61817,11430,3900266,3691191,2552017,9618578,2212286,NA
2022-04-13,Wednesday,4,NA,NA,1435914,198648,1372273,1419318,12454,5694,61881,11438,3900770,3691833,2552188,9629470,2212286,NA
2022-04-14,Thursday,6,NA,NA,1436766,198798,1373119,1419628,12458,5696,61912,11448,3901329,3692661,2552309,9644288,2214361,NA
2022-04-15,Friday,5,NA,NA,1437638,198944,1373811,1419893,12464,5698,61937,11452,3902067,3693522,2554263,9659582,2215985,NA
2022-04-18,Monday,8,NA,NA,1438566,199122,1374726,1420468,12468,5701,61977,11459,3902632,3694229,2555893,9672490,2217883,NA
2022-04-19,Tuesday,5,NA,NA,1440303,199381,1376260,1422242,12472,5701,62002,11459,3902528,3694409,2553448,9691122,2219136,NA
2022-04-20,Wednesday,2,NA,NA,1441279,199524,1377033,1422848,12479,5704,62085,11469,3902979,3694998,2553234,9699828,2220806,NA
2022-04-21,Thursday,5,NA,NA,1442396,199779,1378136,1423233,12482,5705,62102,11469,3903613,3695710,2553336,9714187,2222416,NA
2022-04-22,Friday,1,NA,NA,1443859,200002,1379376,1423628,12492,5709,62144,11473,3904204,3696538,2554817,9728068,2222416,NA
2022-04-25,Monday,0,NA,NA,1445017,200157,1380514,1424630,12493,5710,62195,11476,3904796,3697262,2556518,9741584,2225882,NA
2022-04-26,Tuesday,5,NA,NA,1447575,200537,1382783,1427341,12494,5710,62228,11480,3904939,3697727,2553821,9759548,2225882,NA
2022-04-27,Wednesday,5,NA,NA,1448939,200795,1383847,1428195,12499,5711,62341,11489,3905386,3698247,2555328,9768160,2228583,NA
2022-04-28,Thursday,6,NA,NA,1450575,201078,1385465,1428770,12503,5714,62386,11497,3905972,3698926,2555495,9779360,2228583,NA
2022-04-29,Friday,7,NA,NA,1452547,201415,1387069,1429059,12508,5715,62454,11502,3906543,3699678,2556840,9791607,2231577,NA
2022-05-02,Monday,5,NA,NA,1454278,201646,1388781,1430467,12511,5716,62497,11506,3907054,3700291,2558105,9801968,2233397,NA
2022-05-03,Tuesday,5,NA,NA,1456778,202086,1390831,1434372,12512,5716,62557,11511,3907328,3700813,2553836,9819039,2234638,NA
2022-05-04,Wednesday,3,NA,NA,1459345,202479,1393072,1435543,12515,5716,62678,11521,3907729,3701315,2553262,9827767,2236070,NA
2022-05-06,Friday,12,NA,NA,1463955,203192,1397118,1436856,12525,5718,62817,11536,3908805,3702618,2553468,9849719,2239135,NA
2022-05-09,Monday,1,NA,NA,1466615,203709,1399765,1438803,12529,5718,62884,11538,3909405,3703300,2554946,9861322,2240738,NA
2022-05-10,Tuesday,1,NA,NA,1471731,204427,1404228,1444050,12534,5721,62938,11544,3909544,3703679,2551700,9876230,2240738,NA
