date,day,new_cases,new_antigen_cases,new_tests,new_antigen_tests,positivity,new_hosp,new_icu,new_deaths,new_ltc_deaths,new_recovered,new_vax_doses,new_vax_onedose,new_vax_complete,new_vax_boosted,active_cases
2020-03-07,Saturday,1,NA,NA,NA,0,NA,NA,0,NA,NA,NA,NA,NA,NA,NA
2020-03-08,Sunday,0,NA,NA,NA,0,NA,NA,0,NA,NA,NA,NA,NA,NA,NA
2020-03-09,Monday,1,NA,NA,NA,0,NA,NA,0,NA,NA,NA,NA,NA,NA,NA
2020-03-10,Tuesday,1,NA,NA,NA,0,NA,NA,0,NA,NA,NA,NA,NA,NA,NA
2020-03-11,Wednesday,2,NA,NA,NA,0,NA,NA,0,NA,NA,NA,NA,NA,NA,NA
2020-03-12,Thursday,4,NA,NA,NA,0,NA,NA,0,NA,NA,NA,NA,NA,NA,NA
2020-03-13,Friday,5,NA,NA,NA,0,NA,NA,0,NA,NA,NA,NA,NA,NA,NA
2020-03-14,Saturday,7,NA,NA,NA,0,NA,NA,0,NA,NA,NA,NA,NA,NA,NA
2020-03-15,Sunday,14,NA,NA,NA,0,NA,NA,0,NA,NA,NA,NA,NA,NA,NA
2020-03-16,Monday,19,NA,NA,NA,0,NA,NA,0,NA,NA,NA,NA,NA,NA,NA
2020-03-17,Tuesday,6,NA,NA,NA,0,NA,NA,0,NA,NA,NA,NA,NA,NA,NA
2020-03-18,Wednesday,17,NA,NA,NA,0,NA,NA,0,NA,NA,NA,NA,NA,NA,NA
2020-03-19,Thursday,12,NA,NA,NA,0,NA,1,0,NA,NA,NA,NA,NA,NA,NA
2020-03-20,Friday,26,NA,NA,NA,0,NA,2,0,NA,NA,NA,NA,NA,NA,NA
2020-03-21,Saturday,22,NA,NA,NA,0,NA,1,1,NA,NA,NA,NA,NA,NA,NA
2020-03-22,Sunday,32,NA,NA,NA,0,5,0,0,NA,NA,NA,NA,NA,NA,NA
2020-03-23,Monday,66,NA,NA,NA,0,4,2,0,NA,NA,NA,NA,NA,NA,NA
2020-03-24,Tuesday,27,NA,NA,NA,0,4,5,0,NA,NA,NA,NA,NA,NA,NA
2020-03-25,Wednesday,25,NA,NA,NA,0,10,1,0,NA,NA,NA,NA,NA,NA,199
2020-03-26,Thursday,59,NA,NA,NA,0,6,4,1,NA,33,NA,NA,NA,NA,224
2020-03-27,Friday,52,NA,NA,NA,0,3,0,2,NA,10,NA,NA,NA,NA,264
2020-03-28,Saturday,43,NA,NA,NA,0,13,7,1,NA,85,NA,NA,NA,NA,221
2020-03-29,Sunday,62,NA,NA,NA,0,18,1,4,NA,28,NA,NA,NA,NA,251
2020-03-30,Monday,73,NA,1209,NA,0.060380479735318446,17,7,1,NA,7,NA,NA,NA,NA,316
2020-03-31,Tuesday,53,NA,1045,NA,0.050717703349282293,20,8,2,NA,26,NA,NA,NA,NA,341
2020-04-01,Wednesday,60,NA,1517,NA,0.03955174686882004,10,9,5,NA,49,NA,NA,NA,NA,347
2020-04-02,Thursday,53,NA,1002,NA,0.05289421157684631,16,-17,1,NA,30,NA,NA,NA,NA,369
2020-04-03,Friday,47,NA,1982,NA,0.023713420787083755,18,37,4,NA,33,NA,NA,NA,NA,379
2020-04-04,Saturday,76,NA,1347,NA,0.05642167780252413,24,8,2,NA,28,NA,NA,NA,NA,425
2020-04-05,Sunday,70,NA,1662,NA,0.0421179302045728,22,13,5,NA,6,NA,NA,NA,NA,484
2020-04-06,Monday,51,NA,1465,NA,0.0348122866894198,21,10,1,NA,18,NA,NA,NA,NA,516
2020-04-07,Tuesday,83,NA,1179,NA,0.07039864291772689,19,5,4,NA,75,NA,NA,NA,NA,520
2020-04-08,Wednesday,85,NA,1551,NA,0.0548033526756931,29,14,5,NA,78,NA,NA,NA,NA,522
2020-04-09,Thursday,88,NA,1453,NA,0.060564349621472814,22,12,11,NA,32,NA,NA,NA,NA,567
2020-04-10,Friday,94,NA,1830,NA,0.05136612021857923,24,7,7,NA,50,NA,NA,NA,NA,604
2020-04-11,Saturday,91,NA,1756,NA,0.051822323462414575,23,8,7,NA,54,NA,NA,NA,NA,634
2020-04-12,Sunday,109,NA,1625,NA,0.06707692307692308,21,0,6,NA,28,NA,NA,NA,NA,709
2020-04-13,Monday,114,NA,1190,NA,0.0957983193277311,0,9,0,NA,15,NA,NA,NA,NA,808
2020-04-14,Tuesday,45,NA,784,NA,0.05739795918367347,44,20,9,NA,58,NA,NA,NA,NA,786
2020-04-15,Wednesday,114,NA,1191,NA,0.09571788413098237,40,13,8,NA,23,NA,NA,NA,NA,869
2020-04-16,Thursday,103,NA,1695,NA,0.0607669616519174,30,14,7,NA,73,NA,NA,NA,NA,892
2020-04-17,Friday,159,NA,1455,NA,0.10927835051546392,43,13,17,NA,29,NA,NA,NA,NA,1005
2020-04-18,Saturday,142,NA,1466,NA,0.09686221009549795,43,11,10,NA,42,NA,NA,NA,NA,1095
2020-04-19,Sunday,143,NA,1480,NA,0.09662162162162162,13,15,13,NA,29,NA,NA,NA,NA,1196
2020-04-20,Monday,114,NA,1231,NA,0.0926076360682372,28,12,9,NA,33,NA,NA,NA,NA,1268
2020-04-21,Tuesday,97,NA,840,NA,0.11547619047619048,27,9,17,NA,35,NA,NA,NA,NA,1313
2020-04-22,Wednesday,154,NA,1749,NA,0.0880503144654088,31,12,19,NA,44,NA,NA,NA,NA,1404
2020-04-23,Thursday,221,NA,2129,NA,0.10380460310004697,52,7,21,NA,198,NA,NA,NA,NA,1406
2020-04-24,Friday,243,NA,2488,NA,0.09766881028938906,44,10,21,NA,37,NA,NA,NA,NA,1591
2020-04-25,Saturday,261,NA,3090,NA,0.08446601941747572,41,10,23,NA,37,NA,NA,NA,NA,1792
2020-04-26,Sunday,156,NA,2618,NA,0.059587471352177235,32,15,28,NA,92,NA,NA,NA,NA,1828
2020-04-27,Monday,214,NA,2563,NA,0.08349590323839251,32,8,14,NA,54,NA,NA,NA,NA,1974
2020-04-28,Tuesday,365,NA,2017,NA,0.18096182449181952,51,13,15,NA,55,NA,NA,NA,NA,2269
2020-04-29,Wednesday,463,NA,3347,NA,0.13833283537496266,38,21,18,NA,113,NA,NA,NA,NA,2601
2020-04-30,Thursday,492,NA,7075,NA,0.06954063604240282,94,22,24,NA,105,NA,NA,NA,NA,2964
2020-05-01,Friday,594,NA,4345,NA,0.13670886075949368,52,24,28,NA,82,NA,NA,NA,NA,3448
2020-05-02,Saturday,498,NA,4483,NA,0.11108632612090118,63,22,24,NA,91,NA,NA,NA,NA,3831
2020-05-03,Sunday,435,NA,3836,NA,0.11339937434827946,40,18,24,21,594,NA,NA,NA,NA,3648
2020-05-04,Monday,571,NA,3162,NA,0.1805819101834282,72,31,9,7,1188,NA,NA,NA,NA,3022
2020-05-05,Tuesday,617,NA,4067,NA,0.15170887632161298,79,13,27,23,375,NA,NA,NA,NA,3237
2020-05-06,Wednesday,728,NA,3166,NA,0.229943145925458,55,24,29,23,362,NA,NA,NA,NA,3574
2020-05-07,Thursday,786,NA,4480,NA,0.17544642857142856,54,28,23,16,280,NA,NA,NA,NA,4057
2020-05-08,Friday,723,NA,5010,NA,0.144311377245509,90,16,26,27,363,NA,NA,NA,NA,4391
2020-05-09,Saturday,702,NA,4874,NA,0.1440295445219532,63,25,24,15,601,NA,NA,NA,NA,4468
2020-05-10,Sunday,481,NA,4911,NA,0.09794339238444309,45,19,20,15,540,NA,NA,NA,NA,4389
2020-05-11,Monday,528,NA,5296,NA,0.09969788519637462,59,25,13,8,641,NA,NA,NA,NA,4263
2020-05-12,Tuesday,695,NA,5302,NA,0.13108261033572238,83,22,23,29,664,NA,NA,NA,NA,4271
2020-05-13,Wednesday,423,NA,4015,NA,0.10535491905354918,52,16,24,16,540,NA,NA,NA,NA,4130
2020-05-14,Thursday,518,NA,7294,NA,0.0710172744721689,64,16,25,20,324,NA,NA,NA,NA,4299
2020-05-15,Friday,805,NA,6732,NA,0.11957813428401663,70,21,20,17,347,NA,NA,NA,NA,4737
2020-05-16,Saturday,729,NA,9230,NA,0.0789815817984832,54,16,17,14,751,NA,NA,NA,NA,4698
2020-05-17,Sunday,699,NA,7993,NA,0.08745152008007007,51,15,22,19,604,NA,NA,NA,NA,4771
2020-05-18,Monday,704,NA,5980,NA,0.1177257525083612,38,19,9,8,588,NA,NA,NA,NA,4878
2020-05-19,Tuesday,657,NA,6386,NA,0.10288130284998434,93,23,17,13,776,NA,NA,NA,NA,4742
2020-05-20,Wednesday,641,NA,6371,NA,0.10061214879924658,87,14,29,27,687,NA,NA,NA,NA,4667
2020-05-21,Thursday,530,NA,6954,NA,0.07621512798389417,72,19,32,28,261,NA,NA,NA,NA,4904
2020-05-22,Friday,805,NA,8256,NA,0.09750484496124032,52,26,33,25,208,NA,NA,NA,NA,5468
2020-05-23,Saturday,840,NA,9715,NA,0.08646423057128153,102,9,10,9,789,NA,NA,NA,NA,5509
2020-05-24,Sunday,728,NA,8896,NA,0.08183453237410072,54,28,17,12,630,NA,NA,NA,NA,5590
2020-05-25,Monday,742,NA,6978,NA,0.10633419317856119,88,17,12,8,701,NA,NA,NA,NA,5619
2020-05-26,Tuesday,645,NA,6648,NA,0.0970216606498195,33,16,18,15,707,NA,NA,NA,NA,5539
2020-05-27,Wednesday,504,NA,6933,NA,0.07269580268282129,87,22,33,27,791,NA,NA,NA,NA,5219
2020-05-28,Thursday,483,NA,9556,NA,0.05054416073670992,84,14,35,28,341,NA,NA,NA,NA,5326
2020-05-29,Friday,584,NA,9941,NA,0.05874660496931898,56,22,29,24,275,NA,NA,NA,NA,5606
2020-05-30,Saturday,659,NA,10380,NA,0.06348747591522158,75,11,30,26,934,NA,NA,NA,NA,5301
2020-05-31,Sunday,660,NA,8434,NA,0.07825468342423524,36,10,14,11,831,NA,NA,NA,NA,5116
2020-06-01,Monday,358,NA,6888,NA,0.051974448315911734,39,22,10,7,746,NA,NA,NA,NA,4718
2020-06-02,Tuesday,300,NA,4180,NA,0.07177033492822966,48,19,22,11,940,NA,NA,NA,NA,4056
2020-06-03,Wednesday,362,NA,7678,NA,0.04714769471216462,69,11,14,10,788,NA,NA,NA,NA,3616
2020-06-04,Thursday,403,NA,15912,NA,0.025326797385620915,50,11,29,20,321,NA,NA,NA,NA,3669
2020-06-05,Friday,707,NA,11118,NA,0.06359057384421658,36,0,33,26,374,NA,NA,NA,NA,3969
2020-06-06,Saturday,521,NA,11156,NA,0.046701326640372895,47,-1,22,14,389,NA,NA,NA,NA,4079
2020-06-07,Sunday,385,NA,10550,NA,0.036492890995260666,31,9,16,13,739,NA,NA,NA,NA,3709
2020-06-08,Monday,338,NA,9604,NA,0.03519366930445648,34,16,11,6,665,NA,NA,NA,NA,3371
2020-06-09,Tuesday,299,NA,8178,NA,0.03656150648080215,40,15,20,13,564,NA,NA,NA,NA,3086
2020-06-10,Wednesday,346,NA,8895,NA,0.0388982574480045,41,8,19,16,454,NA,NA,NA,NA,2959
2020-06-11,Thursday,447,NA,12069,NA,0.037037037037037035,40,2,12,10,195,NA,NA,NA,NA,3199
2020-06-12,Friday,479,NA,13662,NA,0.0350607524520568,35,11,25,21,158,NA,NA,NA,NA,3495
2020-06-13,Saturday,377,NA,12932,NA,0.02915248994741726,24,6,9,4,592,NA,NA,NA,NA,3271
2020-06-14,Sunday,311,NA,9991,NA,0.031128015213692323,29,11,14,11,470,NA,NA,NA,NA,3086
2020-06-15,Monday,230,NA,5095,NA,0.045142296368989206,20,7,6,4,519,NA,NA,NA,NA,2783
2020-06-16,Tuesday,197,NA,6453,NA,0.03052843638617697,28,8,9,7,397,NA,NA,NA,NA,2566
2020-06-17,Wednesday,419,NA,19573,NA,0.021407040310631995,31,8,12,10,398,NA,NA,NA,NA,2570
2020-06-18,Thursday,387,NA,12661,NA,0.030566305978990602,29,6,19,13,162,NA,NA,NA,NA,2768
2020-06-19,Friday,362,NA,14328,NA,0.025265214963707427,30,5,17,13,143,NA,NA,NA,NA,2964
2020-06-20,Saturday,438,NA,16866,NA,0.025969405905371754,19,8,12,8,496,NA,NA,NA,NA,2892
2020-06-21,Sunday,461,NA,12351,NA,0.037324912962513154,30,17,8,8,458,NA,NA,NA,NA,2879
2020-06-22,Monday,308,NA,8790,NA,0.035039817974971556,33,11,4,2,402,NA,NA,NA,NA,2780
2020-06-23,Tuesday,245,NA,7385,NA,0.03317535545023697,30,12,9,6,334,NA,NA,NA,NA,2679
2020-06-24,Wednesday,304,NA,9772,NA,0.031109291854277528,37,15,5,1,308,NA,NA,NA,NA,2660
2020-06-25,Thursday,365,NA,12947,NA,0.02819185911794238,46,3,9,5,147,NA,NA,NA,NA,2864
2020-06-26,Friday,498,NA,14744,NA,0.033776451437873035,23,12,5,5,154,NA,NA,NA,NA,3198
2020-06-27,Saturday,427,NA,13022,NA,0.03279066195668868,20,8,6,4,393,NA,NA,NA,NA,3216
2020-06-28,Sunday,526,NA,15115,NA,0.03479986768111148,24,8,8,7,408,NA,NA,NA,NA,3316
2020-06-29,Monday,315,NA,7797,NA,0.040400153905348214,21,9,10,6,416,NA,NA,NA,NA,3202
2020-06-30,Tuesday,442,NA,12435,NA,0.035544833132287894,23,0,6,2,376,NA,NA,NA,NA,3262
2020-07-01,Wednesday,426,NA,11950,NA,0.035648535564853555,27,8,4,4,346,NA,NA,NA,NA,3325
2020-07-02,Thursday,500,NA,13630,NA,0.036683785766691124,31,11,13,8,216,NA,NA,NA,NA,3590
2020-07-03,Friday,423,NA,14728,NA,0.02872080391091798,27,0,8,7,184,NA,NA,NA,NA,3812
2020-07-05,Sunday,521,NA,28798,NA,0.01809153413431488,31,10,5,5,1061,NA,NA,NA,NA,3258
2020-07-06,Monday,434,NA,5991,NA,0.07244199632782507,49,3,3,1,499,NA,NA,NA,NA,3189
2020-07-07,Tuesday,569,NA,5895,NA,0.09652247667514843,33,5,3,1,470,NA,NA,NA,NA,3280
2020-07-08,Wednesday,463,NA,7601,NA,0.06091303775818971,20,7,8,4,525,NA,NA,NA,NA,3203
2020-07-09,Thursday,589,NA,13923,NA,0.04230410112763054,33,10,5,4,291,NA,NA,NA,NA,3481
2020-07-10,Friday,609,NA,19483,NA,0.03125801981214392,24,8,5,1,249,NA,NA,NA,NA,3831
2020-07-11,Saturday,806,NA,16181,NA,0.04981150732340399,37,5,4,4,570,NA,NA,NA,NA,4061
2020-07-12,Sunday,715,NA,14800,NA,0.04831081081081081,33,10,3,1,570,NA,NA,NA,NA,4198
2020-07-13,Monday,499,NA,12069,NA,0.041345596155439555,25,3,2,1,617,NA,NA,NA,NA,4070
2020-07-14,Tuesday,403,NA,8917,NA,0.045194572165526525,28,10,6,3,550,NA,NA,NA,NA,3912
2020-07-15,Wednesday,578,NA,12400,NA,0.046612903225806454,43,5,8,5,430,NA,NA,NA,NA,4046
2020-07-16,Thursday,611,NA,14867,NA,0.041097733234680835,31,4,8,-1,111,NA,NA,NA,NA,4532
2020-07-17,Friday,669,NA,14850,NA,0.04505050505050505,37,12,7,4,278,NA,NA,NA,NA,4913
2020-07-18,Saturday,464,NA,16609,NA,0.02793666084652899,39,8,5,3,742,NA,NA,NA,NA,4623
2020-07-19,Sunday,737,NA,16993,NA,0.04337079974106985,25,12,3,1,691,NA,NA,NA,NA,4663
2020-07-20,Monday,922,NA,14321,NA,0.06438097898191467,51,8,4,0,471,NA,NA,NA,NA,5091
2020-07-21,Tuesday,352,NA,9651,NA,0.03647290436224226,45,15,3,2,1039,NA,NA,NA,NA,4399
2020-07-22,Wednesday,506,NA,12548,NA,0.04032515141855276,48,11,4,3,723,NA,NA,NA,NA,4176
2020-07-23,Thursday,763,NA,16590,NA,0.0459915611814346,47,8,9,6,290,NA,NA,NA,NA,4637
2020-07-24,Friday,773,NA,17091,NA,0.045228482827219,34,6,5,1,358,NA,NA,NA,NA,5041
2020-07-25,Saturday,805,NA,18105,NA,0.044462855564761115,37,3,5,5,743,NA,NA,NA,NA,5096
2020-07-26,Sunday,871,NA,16533,NA,0.05268251376035807,31,8,3,1,806,NA,NA,NA,NA,5149
2020-07-27,Monday,650,NA,13717,NA,0.04738645476416126,41,10,2,2,767,NA,NA,NA,NA,5030
2020-07-28,Tuesday,480,NA,9646,NA,0.04976155919552146,67,16,4,3,789,NA,NA,NA,NA,4715
2020-07-29,Wednesday,681,NA,13563,NA,0.050210130502101304,49,10,9,6,649,NA,NA,NA,NA,4723
2020-07-30,Thursday,745,NA,14955,NA,0.04981611501170177,35,6,5,3,329,NA,NA,NA,NA,5134
2020-07-31,Friday,779,NA,16793,NA,0.04638837610909308,43,20,6,4,324,NA,NA,NA,NA,5575
2020-08-01,Saturday,731,NA,15309,NA,0.047749689724998365,53,10,6,3,830,NA,NA,NA,NA,5464
2020-08-02,Sunday,769,NA,15446,NA,0.0497863524537097,33,12,8,5,728,NA,NA,NA,NA,5487
2020-08-03,Monday,622,NA,16062,NA,0.03872494085419002,57,13,2,0,718,NA,NA,NA,NA,5380
2020-08-04,Tuesday,606,NA,8253,NA,0.07342784442021083,48,18,4,2,861,NA,NA,NA,NA,5117
2020-08-05,Wednesday,629,NA,11954,NA,0.05261837041994311,27,12,9,4,797,NA,NA,NA,NA,4928
2020-08-06,Thursday,867,NA,15010,NA,0.05776149233844104,48,8,7,3,381,NA,NA,NA,NA,5401
2020-08-07,Friday,556,NA,16033,NA,0.03467847564398428,37,9,4,1,336,NA,NA,NA,NA,5606
2020-08-08,Saturday,924,NA,17984,NA,0.05137900355871886,48,11,8,4,828,NA,NA,NA,NA,5686
2020-08-09,Sunday,806,NA,20336,NA,0.039634146341463415,49,12,9,4,800,NA,NA,NA,NA,5674
2020-08-10,Monday,625,NA,12810,NA,0.04879000780640125,51,18,3,1,796,NA,NA,NA,NA,5493
2020-08-11,Tuesday,332,NA,6482,NA,0.051218759642085776,55,15,6,1,787,NA,NA,NA,NA,5023
2020-08-12,Wednesday,470,NA,11026,NA,0.04262651913658625,50,9,12,9,704,NA,NA,NA,NA,4771
2020-08-13,Thursday,697,NA,14997,NA,0.046475961859038475,31,14,7,3,491,NA,NA,NA,NA,4963
2020-08-14,Friday,738,NA,16842,NA,0.04381902386889918,41,8,8,6,313,NA,NA,NA,NA,5372
2020-08-15,Saturday,696,NA,17372,NA,0.040064471563435414,39,12,6,4,798,NA,NA,NA,NA,5258
2020-08-16,Sunday,754,NA,16995,NA,0.04436598999705796,29,9,7,6,739,NA,NA,NA,NA,5251
2020-08-17,Monday,567,NA,12956,NA,0.04376350725532572,35,16,6,1,663,NA,NA,NA,NA,5146
2020-08-18,Tuesday,359,NA,7424,NA,0.048356681034482756,46,6,9,7,709,NA,NA,NA,NA,4773
2020-08-19,Wednesday,567,NA,34673,NA,0.01635278170334266,56,5,17,8,674,NA,NA,NA,NA,4639
2020-08-20,Thursday,698,NA,14153,NA,0.04931816575990956,31,7,7,3,363,NA,NA,NA,NA,4959
2020-08-21,Friday,835,NA,19044,NA,0.04384583070783449,45,6,8,4,315,NA,NA,NA,NA,5461
2020-08-22,Saturday,746,NA,16999,NA,0.04388493440790635,49,21,8,4,778,NA,NA,NA,NA,5409
2020-08-23,Sunday,728,NA,16957,NA,0.04293212242731615,38,5,6,4,675,NA,NA,NA,NA,5445
2020-08-24,Monday,717,NA,12694,NA,0.056483377973845915,44,4,4,3,686,NA,NA,NA,NA,5469
2020-08-25,Tuesday,414,NA,8915,NA,0.0464385866517106,43,21,8,2,666,NA,NA,NA,NA,5204
2020-08-26,Wednesday,542,NA,10994,NA,0.04929961797344006,36,5,14,10,649,NA,NA,NA,NA,5070
2020-08-27,Thursday,1158,NA,21482,NA,0.05390559538218043,52,9,13,6,502,NA,NA,NA,NA,5709
2020-08-28,Friday,862,NA,16621,NA,0.051862102159918176,31,8,4,2,328,NA,NA,NA,NA,6227
2020-08-29,Saturday,1032,NA,17414,NA,0.059262662225795334,54,9,4,4,903,NA,NA,NA,NA,6337
2020-08-30,Sunday,934,NA,17770,NA,0.05256049521665729,43,12,2,1,809,NA,NA,NA,NA,6458
2020-08-31,Monday,679,NA,11789,NA,0.057596064127576556,26,5,1,1,740,NA,NA,NA,NA,6392
2020-09-01,Tuesday,502,NA,9200,NA,0.05456521739130435,40,10,6,1,832,NA,NA,NA,NA,6045
2020-09-02,Wednesday,761,NA,27699,NA,0.02747391602584931,46,5,7,5,1033,NA,NA,NA,NA,5735
2020-09-03,Thursday,1047,NA,13927,NA,0.07517771235729159,26,9,7,3,654,NA,NA,NA,NA,6112
2020-09-04,Friday,856,NA,19022,NA,0.045000525707076015,43,8,10,6,362,NA,NA,NA,NA,6583
2020-09-05,Saturday,924,NA,18963,NA,0.048726467331118496,41,7,4,3,970,NA,NA,NA,NA,6523
2020-09-06,Sunday,714,NA,16858,NA,0.04235377862142603,43,13,6,2,956,NA,NA,NA,NA,6268
2020-09-07,Monday,638,NA,15507,NA,0.04114270974398659,24,7,3,2,940,NA,NA,NA,NA,5963
2020-09-08,Tuesday,387,NA,7549,NA,0.05126506822095642,17,5,2,0,832,NA,NA,NA,NA,5512
2020-09-09,Wednesday,282,NA,5456,NA,0.05168621700879766,32,11,7,3,820,NA,NA,NA,NA,4945
2020-09-10,Thursday,391,NA,7903,NA,0.04947488295583955,38,13,15,11,370,NA,NA,NA,NA,4941
2020-09-11,Friday,484,NA,18367,NA,0.02635160886372298,33,11,13,7,332,NA,NA,NA,NA,5063
2020-09-12,Saturday,929,NA,19192,NA,0.048405585660691954,36,11,9,7,893,NA,NA,NA,NA,5033
2020-09-13,Sunday,741,NA,22994,NA,0.03222579803426981,32,8,13,9,811,NA,NA,NA,NA,4932
2020-09-14,Monday,643,NA,17265,NA,0.03724297712134376,23,8,3,0,777,NA,NA,NA,NA,4790
2020-09-15,Tuesday,432,NA,8513,NA,0.05074591800775285,25,6,5,2,715,NA,NA,NA,NA,4472
2020-09-16,Wednesday,513,NA,10319,NA,0.04971411958523113,40,6,7,2,630,NA,NA,NA,NA,4297
2020-09-17,Thursday,931,NA,20124,NA,0.04626316835619161,31,3,9,6,295,NA,NA,NA,NA,4902
2020-09-18,Friday,1099,NA,27945,NA,0.03932724995526928,41,10,8,6,343,NA,NA,NA,NA,5636
2020-09-19,Saturday,924,NA,24094,NA,0.03834979662986636,33,8,13,8,186,NA,NA,NA,NA,6351
2020-09-20,Sunday,1324,NA,22618,NA,0.05853744805022548,39,6,2,1,929,NA,NA,NA,NA,6716
2020-09-21,Monday,937,NA,16916,NA,0.05539134547174273,36,10,4,2,838,NA,NA,NA,NA,6799
2020-09-22,Tuesday,513,NA,8386,NA,0.06117338421178154,54,13,10,5,659,NA,NA,NA,NA,6610
2020-09-23,Wednesday,690,NA,10173,NA,0.06782659982306104,50,18,6,3,674,NA,NA,NA,NA,6608
2020-09-24,Thursday,995,NA,21435,NA,0.04641940751108001,32,4,3,2,355,NA,NA,NA,NA,7162
2020-09-25,Friday,1191,NA,28718,NA,0.041472247370986835,56,18,6,3,394,NA,NA,NA,NA,7939
2020-09-26,Saturday,1478,NA,30695,NA,0.048151164684802086,52,18,10,6,1003,NA,NA,NA,NA,8396
2020-09-27,Sunday,1077,NA,26385,NA,0.04081864695849915,50,10,4,1,993,NA,NA,NA,NA,8474
2020-09-28,Monday,936,NA,22015,NA,0.04251646604587781,53,16,7,2,1078,NA,NA,NA,NA,8293
2020-09-29,Tuesday,817,NA,14235,NA,0.057393747804706706,87,18,5,2,1050,NA,NA,NA,NA,8047
2020-09-30,Wednesday,689,NA,12817,NA,0.05375672934384021,68,17,16,9,1012,NA,NA,NA,NA,7706
2020-10-01,Thursday,1066,NA,25721,NA,0.041444733875043736,57,2,13,7,588,NA,NA,NA,NA,8171
2020-10-02,Friday,1184,NA,31075,NA,0.03810136765888978,35,8,10,7,512,NA,NA,NA,NA,8815
2020-10-03,Saturday,1434,NA,29075,NA,0.0493207222699914,53,14,14,10,1352,NA,NA,NA,NA,8870
2020-10-04,Sunday,1048,NA,30373,NA,0.03450432950317717,41,7,7,4,1304,NA,NA,NA,NA,8598
2020-10-05,Monday,982,NA,23375,NA,0.04201069518716578,53,12,3,1,1268,NA,NA,NA,NA,8300
2020-10-06,Tuesday,954,NA,13184,NA,0.07236043689320389,80,23,4,1,1198,NA,NA,NA,NA,8039
2020-10-07,Wednesday,918,NA,12912,NA,0.07109665427509294,69,11,14,9,1002,NA,NA,NA,NA,7934
2020-10-08,Thursday,1276,NA,28312,NA,0.04506922859564849,98,22,6,4,638,NA,NA,NA,NA,8561
2020-10-09,Friday,1414,NA,31971,NA,0.04422758124550374,64,22,14,12,461,NA,NA,NA,NA,9476
2020-10-10,Saturday,1537,NA,32497,NA,0.04729667353909592,51,10,10,5,1339,NA,NA,NA,NA,9643
2020-10-11,Sunday,1450,NA,30148,NA,0.048096059440095526,52,14,10,3,1117,NA,NA,NA,NA,9956
2020-10-12,Monday,1178,NA,18312,NA,0.06432940148536478,67,20,3,1,1205,NA,NA,NA,NA,9919
2020-10-13,Tuesday,1150,NA,18002,NA,0.06388179091212087,79,17,7,2,1248,NA,NA,NA,NA,9799
2020-10-14,Wednesday,1394,NA,28403,NA,0.04907932260676689,85,18,29,11,1206,NA,NA,NA,NA,9933
2020-10-15,Thursday,1169,61,20284,780,0.05763163084204299,67,16,19,11,717,NA,NA,NA,NA,10360
2020-10-16,Friday,2297,31,44504,1898,0.05161333812690994,66,13,13,6,573,NA,NA,NA,NA,12064
2020-10-17,Saturday,1704,16,28817,1655,0.05913176250130132,83,18,5,8,1654,NA,NA,NA,NA,12099
2020-10-18,Sunday,1732,16,32602,87,0.05312557511809091,65,12,17,14,1542,NA,NA,NA,NA,12262
2020-10-19,Monday,1632,12,22264,46,0.07330219187926698,50,9,5,4,1647,NA,NA,NA,NA,12237
2020-10-20,Tuesday,1120,13,11650,495,0.096137339055794,126,37,7,5,1671,NA,NA,NA,NA,11651
2020-10-21,Wednesday,1082,-5,16872,1633,0.06412991939307729,105,22,35,25,1524,NA,NA,NA,NA,11152
2020-10-22,Thursday,1574,28,26748,422,0.058845521160460594,79,12,20,13,818,NA,NA,NA,NA,11875
2020-10-23,Friday,1721,17,26856,1039,0.06408251414953828,112,25,13,2,703,NA,NA,NA,NA,12870
2020-10-24,Saturday,2268,2,35504,1741,0.0638801261829653,106,23,14,10,2014,NA,NA,NA,NA,13101
2020-10-25,Sunday,1684,8,36674,184,0.04591808910945084,67,5,21,12,1792,NA,NA,NA,NA,12968
2020-10-26,Monday,1578,11,23875,44,0.06609424083769634,77,20,4,4,1936,NA,NA,NA,NA,12598
2020-10-27,Tuesday,2179,110,14143,713,0.15406915081665842,141,31,15,4,1679,NA,NA,NA,NA,13068
2020-10-28,Wednesday,1916,22,15677,661,0.12221726095553996,126,20,19,16,1429,NA,NA,NA,NA,13528
2020-10-29,Thursday,2872,81,30453,1062,0.09430926345516041,136,33,32,20,850,NA,NA,NA,NA,15513
2020-10-30,Friday,3165,38,32888,1528,0.0962357090732182,128,23,18,12,673,NA,NA,NA,NA,17976
2020-10-31,Saturday,3021,45,35966,2295,0.08399599621865095,151,30,20,15,2310,NA,NA,NA,NA,18653
2020-11-01,Sunday,2217,97,28107,227,0.07887714804141317,64,11,18,13,2301,NA,NA,NA,NA,18534
2020-11-02,Monday,2954,70,37818,1961,0.0781109524565022,103,23,9,5,2462,NA,NA,NA,NA,19011
2020-11-03,Tuesday,3483,83,11202,2524,0.31092662024638457,210,31,15,7,2102,NA,NA,NA,NA,20370
2020-11-04,Wednesday,3844,141,33160,965,0.11592279855247285,202,45,31,19,2230,NA,NA,NA,NA,21936
2020-11-05,Thursday,3956,200,34740,1876,0.11387449625791594,167,34,25,17,1367,NA,NA,NA,NA,24486
2020-11-06,Friday,5454,60,44777,3010,0.12180360452911093,177,25,36,23,1366,NA,NA,NA,NA,28526
2020-11-07,Saturday,4647,230,46305,847,0.10035633300939423,201,25,34,18,3610,NA,NA,NA,NA,29529
2020-11-08,Sunday,5924,93,45582,0,0.12996358211574743,133,34,31,18,3511,NA,NA,NA,NA,31895
2020-11-09,Monday,3930,378,25518,6679,0.15400893486950387,144,25,19,14,3455,NA,NA,NA,NA,32347
2020-11-10,Tuesday,4906,213,34151,2330,0.14365611548710142,262,48,23,10,3581,NA,NA,NA,NA,33636
2020-11-11,Wednesday,4900,195,24703,1008,0.19835647492207426,218,36,56,38,3817,NA,NA,NA,NA,34652
2020-11-12,Thursday,7228,175,48513,3254,0.1489909921052089,292,54,39,23,2303,NA,NA,NA,NA,39535
2020-11-13,Friday,5552,239,50556,1994,0.10981881477965029,201,33,46,33,2289,NA,NA,NA,NA,42744
2020-11-14,Saturday,8703,176,51956,1790,0.1675071214104242,271,36,35,27,5478,NA,NA,NA,NA,45920
2020-11-15,Sunday,7559,361,65290,3816,0.11577576964313065,159,21,31,18,5639,NA,NA,NA,NA,47803
2020-11-16,Monday,7444,282,51151,1705,0.14552990166370158,177,27,12,4,6741,NA,NA,NA,NA,48487
2020-11-17,Tuesday,5945,305,33345,4443,0.17828759934023092,343,44,26,12,7066,NA,NA,NA,NA,47326
2020-11-18,Wednesday,5102,394,37493,1038,0.13607873469714346,298,60,67,51,7189,NA,NA,NA,NA,45164
2020-11-19,Thursday,7877,282,57526,7558,0.1369293884504398,279,39,72,51,4496,NA,NA,NA,NA,48459
2020-11-20,Friday,6812,283,58255,1036,0.11693416874088061,291,41,68,42,4067,NA,NA,NA,NA,51118
2020-11-21,Saturday,6265,319,52658,656,0.11897527441224505,283,40,51,33,9081,NA,NA,NA,NA,48238
2020-11-22,Sunday,7219,210,67724,2704,0.10659441261591164,184,25,40,22,8207,NA,NA,NA,NA,47196
2020-11-23,Monday,6353,0,57470,0,0.1105446319819036,177,28,24,9,7591,NA,NA,NA,NA,45924
2020-11-24,Tuesday,6423,165,53855,6501,0.11926469222913379,338,60,38,21,6536,NA,NA,NA,NA,45766
2020-11-25,Wednesday,6399,458,65790,4263,0.0972640218878249,322,71,72,48,6873,NA,NA,NA,NA,45208
2020-11-26,Thursday,5704,271,55575,8032,0.10263607737291948,277,27,101,63,4262,NA,NA,NA,NA,46543
2020-11-28,Saturday,9040,304,109382,1501,0.08264613921851859,380,77,45,23,12503,NA,NA,NA,NA,43017
2020-11-29,Sunday,8953,254,97518,711,0.0918086917287065,220,35,57,29,7738,NA,NA,NA,NA,44168
2020-11-30,Monday,5801,252,43382,2835,0.13371905398552394,148,29,15,6,7385,NA,NA,NA,NA,42562
2020-12-01,Tuesday,3570,386,22017,4900,0.1621474315301812,320,47,22,17,6932,NA,NA,NA,NA,39157
2020-12-02,Wednesday,5192,272,41524,4758,0.12503612368750602,267,47,77,44,6679,NA,NA,NA,NA,37566
2020-12-03,Thursday,6166,394,53263,4398,0.11576516531175488,245,38,92,48,3800,NA,NA,NA,NA,39823
2020-12-04,Friday,5371,231,60118,6362,0.08934096277321268,205,31,61,37,3132,NA,NA,NA,NA,41977
2020-12-05,Saturday,6337,159,52693,850,0.12026265348338488,231,38,75,40,7930,NA,NA,NA,NA,40280
2020-12-06,Sunday,5588,172,67404,2677,0.08290309180464067,174,11,64,38,7137,NA,NA,NA,NA,38660
2020-12-07,Monday,5296,339,63667,4733,0.08318281056120125,125,24,21,8,5920,NA,NA,NA,NA,38009
2020-12-08,Tuesday,3080,280,27234,3203,0.11309392670926048,236,48,22,15,819,NA,NA,NA,NA,40219
2020-12-09,Wednesday,4539,283,39487,5013,0.1149492237951731,215,43,82,51,5276,NA,NA,NA,NA,39377
2020-12-10,Thursday,3523,346,41506,3807,0.08487929455982268,220,39,89,56,4071,NA,NA,NA,NA,38716
2020-12-11,Friday,3773,251,58110,5449,0.06492858372053002,222,43,94,52,3205,NA,NA,NA,NA,39167
2020-12-12,Saturday,4447,210,50361,3405,0.0883024562657612,177,25,67,37,7749,NA,NA,NA,NA,35781
2020-12-13,Sunday,3439,173,48234,1301,0.07129825434340921,108,15,85,50,6272,NA,NA,NA,NA,32849
2020-12-14,Monday,3026,238,45370,3032,0.06669605466167071,102,27,18,11,5547,NA,NA,NA,NA,30302
2020-12-15,Tuesday,2340,419,32110,5631,0.0728744939271255,147,31,21,11,4743,NA,NA,NA,NA,27861
2020-12-16,Wednesday,2279,330,19566,5592,0.11647756311969744,195,37,92,54,4564,NA,NA,NA,NA,25453
2020-12-17,Thursday,2775,218,47659,4201,0.05822614826160851,192,30,83,52,2283,NA,NA,NA,NA,25846
2020-12-18,Friday,2737,172,63639,6814,0.043008218230959,151,30,65,36,2201,NA,NA,NA,NA,26298
2020-12-19,Saturday,2772,140,37168,1526,0.07458028411536806,145,9,57,34,4752,NA,NA,NA,NA,24235
2020-12-20,Sunday,2705,149,65075,2204,0.041567422205147905,79,20,70,45,4292,NA,NA,NA,NA,22557
2020-12-21,Monday,1998,299,33336,5609,0.05993520518358531,82,12,22,11,3389,NA,NA,NA,NA,21138
2020-12-22,Tuesday,1714,325,32214,4693,0.05320668032532439,187,25,24,16,3053,NA,NA,NA,NA,19761
2020-12-23,Wednesday,1513,0,23437,0,0.06455604386226906,147,25,75,44,3158,NA,NA,NA,NA,18036
2020-12-24,Thursday,1917,192,51552,7497,0.03718575418994413,142,26,79,53,1757,NA,NA,NA,NA,18084
2020-12-25,Friday,2170,194,52861,5300,0.04105105843627627,108,16,57,32,1436,NA,NA,NA,NA,18733
2020-12-27,Sunday,2534,125,88028,1224,0.02878629526968692,102,11,40,27,6214,NA,NA,NA,NA,14995
2020-12-28,Monday,1087,162,13334,1034,0.08152092395380231,105,12,13,7,2329,NA,NA,NA,NA,13730
2020-12-29,Tuesday,988,309,7504,4964,0.13166311300639658,185,36,36,12,2258,NA,NA,NA,NA,12408
2020-12-30,Wednesday,2019,400,25760,5676,0.07837732919254659,143,22,66,43,2173,270,NA,NA,NA,12166
2020-12-31,Thursday,2204,0,47925,0,0.04598852373500261,116,23,61,37,1401,6354,NA,NA,NA,12899
2021-01-01,Friday,2543,338,41605,5048,0.061122461242639106,120,18,54,33,1119,12379,NA,NA,NA,14256
2021-01-03,Sunday,2714,176,96673,8413,0.028074022736441405,111,20,53,35,5220,0,NA,NA,NA,11695
2021-01-04,Monday,3148,200,9926,1271,0.3171468869635301,85,18,13,7,2137,21385,NA,NA,NA,12689
2021-01-05,Tuesday,1612,167,15549,1097,0.10367226188179304,157,32,18,7,1111,2455,NA,NA,NA,13133
2021-01-06,Wednesday,2346,692,23592,10566,0.09944048830111903,100,14,67,40,243,310,NA,NA,NA,15149
2021-01-07,Thursday,2004,279,41522,5120,0.04826357111892491,104,11,44,23,1600,10007,NA,NA,NA,15488
2021-01-08,Friday,2387,236,49001,4763,0.04871329156547825,76,9,48,29,1217,13052,NA,NA,NA,16597
2021-01-09,Saturday,2489,217,42612,5654,0.05841077630714353,82,20,43,21,2819,15518,NA,NA,NA,16204
2021-01-10,Sunday,2165,187,40460,980,0.053509639149777556,64,8,44,27,2210,12536,NA,NA,NA,16109
2021-01-11,Monday,980,85,17961,967,0.054562663548800176,52,13,4,2,2249,15365,NA,NA,NA,14836
2021-01-12,Tuesday,1335,204,28593,5271,0.04668974923932431,116,28,13,5,1605,5204,NA,NA,NA,14533
2021-01-13,Wednesday,1504,226,24255,3746,0.06200783343640486,87,11,50,33,529,1980,2398,NA,NA,15441
2021-01-14,Thursday,1598,226,37091,5285,0.04308322773718692,95,14,43,23,1780,13585,6431,7154,NA,15199
2021-01-15,Friday,1640,152,46312,3130,0.03541198825358438,72,14,33,18,1370,18371,8708,9663,NA,15423
2021-01-16,Saturday,1529,132,30887,4524,0.04950302716353158,106,18,37,22,2964,19456,12070,7386,NA,13907
2021-01-17,Sunday,1364,96,31635,1029,0.04311680101153785,76,11,40,23,2215,14502,10833,3669,NA,12985
2021-01-18,Monday,980,77,21028,1743,0.04660452729693742,61,2,12,7,1857,11744,9519,2225,NA,12085
2021-01-19,Tuesday,922,220,14427,3652,0.06390795037083247,89,14,6,4,1771,5901,5668,233,NA,11227
2021-01-20,Wednesday,1237,196,18105,5818,0.06832366749516708,91,18,34,20,1642,973,710,263,NA,10775
2021-01-21,Thursday,1292,177,41246,3070,0.031324249624205984,68,13,32,15,984,6462,2999,3463,NA,11029
2021-01-22,Friday,1525,157,42220,3745,0.03612032212221696,91,19,21,11,793,17831,10211,7620,NA,11721
2021-01-23,Saturday,1565,183,42985,7023,0.03640804931953007,98,16,31,17,2029,25224,15113,10111,NA,11201
2021-01-24,Sunday,1196,132,35074,2069,0.0340993328391401,19,4,32,22,1283,21722,18252,3470,NA,11067
2021-01-25,Monday,794,127,21238,1082,0.03738581787362275,48,9,3,1,1456,23821,19570,4251,NA,10402
2021-01-26,Tuesday,727,149,10594,5194,0.0686237492920521,82,21,8,1,1313,17587,17456,131,NA,9788
2021-01-27,Wednesday,851,206,20715,5171,0.04108134202268887,59,9,18,10,1144,22586,16849,5737,NA,9453
2021-01-28,Thursday,1335,147,47600,3713,0.02804621848739496,53,11,16,13,860,30970,19057,11913,NA,9893
2021-01-29,Friday,1145,152,45929,2897,0.02492978292582029,74,9,28,11,653,36914,25289,11625,NA,10326
2021-01-30,Saturday,1087,149,32171,4538,0.033788194336514255,69,10,19,11,1529,44087,35568,8519,NA,9850
2021-01-31,Sunday,996,109,30834,1824,0.03230200428098852,39,6,13,7,1355,43449,37095,6354,NA,9470
2021-02-01,Monday,727,124,21040,1110,0.0345532319391635,44,5,2,1,1283,28156,23623,4533,NA,8906
2021-02-02,Tuesday,633,130,10090,4085,0.06273538156590684,95,11,8,3,1175,6368,5688,680,NA,8327
2021-02-03,Wednesday,669,218,21029,5907,0.03181321032859385,46,9,24,13,1112,16710,11041,5669,NA,7825
2021-02-04,Thursday,1410,135,50220,3349,0.028076463560334528,72,14,17,9,676,22646,16549,6097,NA,8542
2021-02-05,Friday,1054,163,38238,3551,0.027564203148700245,52,13,22,5,541,32161,22643,9518,NA,9027
2021-02-06,Saturday,1030,139,34325,4739,0.030007283321194466,69,6,16,6,1259,36502,27393,9109,NA,8745
2021-02-07,Sunday,914,34,28280,680,0.03231966053748232,59,3,10,5,1042,38183,28866,9317,NA,8594
2021-02-08,Monday,564,75,18523,714,0.03044863143119365,35,4,3,1,1065,4505,2380,2125,NA,8090
2021-02-09,Tuesday,586,124,10087,3513,0.058094577178546644,83,16,6,5,990,16051,12682,3369,NA,7666
2021-02-10,Wednesday,677,110,20253,4192,0.03342714659556609,61,34,11,6,964,20801,14438,6363,NA,7342
2021-02-11,Thursday,907,148,42190,4591,0.021497985304574543,65,13,24,13,605,24360,15616,8744,NA,7611
2021-02-12,Friday,1058,131,43058,2782,0.02457150819824423,58,8,19,15,510,31341,18678,12663,NA,8130
2021-02-13,Saturday,964,137,30552,4199,0.03155276250327311,69,7,7,3,1133,43056,23948,19108,NA,7930
2021-02-14,Sunday,779,55,27192,783,0.02864813180347161,40,7,7,2,1033,38977,19343,18541,NA,7666
2021-02-15,Monday,611,83,18206,1385,0.033560364714929146,41,7,2,0,1012,25153,14142,10553,NA,7254
2021-02-16,Tuesday,456,111,9237,3517,0.04936667749269243,46,9,2,0,869,12400,10881,1923,NA,6835
2021-02-17,Wednesday,783,152,21887,2718,0.0357746607575273,44,6,10,3,1096,15867,9419,6404,NA,6487
2021-02-18,Thursday,928,170,34341,5703,0.027023091930928046,54,18,14,8,539,32375,14676,17691,NA,6847
2021-02-19,Friday,1001,161,44947,3675,0.022270674349789753,27,10,8,2,413,40584,17776,22421,NA,7421
2021-02-20,Saturday,884,128,31944,3157,0.02767342849987478,58,9,11,5,1050,43407,14679,28741,NA,7230
2021-02-21,Sunday,891,66,28605,1189,0.03114840062926062,29,9,9,3,878,38062,11842,26048,NA,7222
2021-02-22,Monday,561,91,17667,847,0.03175411784683308,23,6,1,1,929,20853,5145,15579,NA,6847
2021-02-23,Tuesday,513,152,9272,3228,0.055327868852459015,50,12,1,0,836,7384,2342,5245,NA,6510
2021-02-24,Wednesday,761,203,19396,6888,0.039234893792534545,51,8,9,2,822,16825,7932,8825,NA,6433
2021-02-25,Thursday,996,150,42596,4011,0.023382477227908725,46,3,7,4,529,28517,13193,15275,NA,6883
2021-02-26,Friday,1159,117,39433,2750,0.029391626302842797,58,8,12,2,651,41558,21502,19736,NA,7367
2021-02-27,Saturday,826,146,27513,4631,0.030022171337186057,31,9,13,7,810,56756,32019,24827,NA,7356
2021-02-28,Sunday,813,112,29534,1175,0.02752759531387553,5,2,8,2,860,69269,41611,21743,NA,7292
2021-03-01,Monday,636,94,19335,1417,0.03289371605896044,8,2,3,2,828,32931,23896,14738,NA,7097
2021-03-02,Tuesday,443,146,10672,2952,0.04151049475262369,99,21,4,0,823,11837,6348,5489,NA,6695
2021-03-03,Wednesday,788,130,19959,5949,0.0394809359186332,37,11,17,7,782,31763,20373,11594,NA,6675
2021-03-04,Thursday,949,128,68776,3316,0.01379841805280912,33,4,14,6,476,34988,19164,15805,NA,7125
2021-03-05,Friday,813,148,37523,3889,0.02166671108386856,42,8,13,6,447,48009,27654,16234,NA,7461
2021-03-06,Saturday,975,115,31915,3385,0.03054989816700611,38,12,12,2,995,62960,40493,27274,NA,7400
2021-03-07,Sunday,897,117,28754,826,0.03119565973429784,2,0,4,1,885,51393,29803,26342,NA,7406
2021-03-08,Monday,473,515,36269,1111,0.01304144034850699,4,0,6,3,801,42334,26183,22096,NA,7071
2021-03-09,Tuesday,1641,186,6774,3887,0.24224977856510185,97,16,140,138,1566,20620,14676,10489,NA,6990
2021-03-10,Wednesday,922,171,20886,5803,0.04414440294934406,63,14,9,4,845,23117,16417,12809,NA,7041
2021-03-11,Thursday,1096,176,36147,3792,0.03032063518410933,35,16,19,7,446,48627,26614,27269,NA,7669
2021-03-12,Friday,1107,198,33839,3740,0.032713732675315466,42,6,13,6,420,48097,33516,17318,NA,8338
2021-03-13,Saturday,1191,183,32132,2731,0.03706585335491099,50,12,4,1,1034,60806,41859,23015,NA,8487
2021-03-14,Sunday,997,61,27965,509,0.03565170749150724,10,0,5,2,886,58390,34798,24742,NA,8593
2021-03-15,Monday,829,152,16564,945,0.0500482975126781,16,-1,1,1,931,33172,20631,16916,NA,8487
2021-03-16,Tuesday,716,243,11126,4640,0.06435376595362215,107,16,2,0,958,7469,4659,4602,NA,8235
2021-03-17,Wednesday,1046,273,20548,6895,0.05090519758613977,57,13,7,2,877,32351,19182,17535,NA,8387
2021-03-18,Thursday,1505,218,42238,3652,0.03563142194232682,61,7,6,1,539,35869,18598,17446,NA,9338
2021-03-19,Friday,1449,231,39453,3824,0.03672724507642004,58,15,9,3,554,58514,34682,24220,NA,10210
2021-03-20,Saturday,1400,147,31787,3010,0.04404316229905307,63,15,6,0,1174,61260,33621,27794,NA,10410
2021-03-21,Sunday,956,143,29881,1383,0.03199357451223185,10,0,5,1,1070,59325,37088,23571,NA,10286
2021-03-22,Monday,1152,172,19369,1401,0.059476483039909135,10,1,0,0,1123,32608,21748,10969,NA,10315
2021-03-23,Tuesday,870,289,12672,5285,0.06865530303030302,136,22,7,0,1061,11429,7582,3998,NA,10102
2021-03-24,Wednesday,1323,310,25303,4773,0.052286290163221755,62,6,9,6,1070,24962,16903,8128,NA,10333
2021-03-25,Thursday,1857,257,40431,5556,0.04593010313868071,77,14,16,10,648,34124,20296,15514,NA,11526
2021-03-26,Friday,1714,286,43892,3445,0.03905039642759501,64,19,7,0,614,57699,35107,24719,NA,12604
2021-03-27,Saturday,1744,246,30908,5105,0.05642552090073767,57,12,4,2,1442,77715,47399,33034,NA,12894
2021-03-28,Sunday,1227,97,31178,1959,0.03935467316697672,10,1,5,2,1349,71627,33190,39839,NA,12765
2021-03-29,Monday,1550,266,22455,2033,0.06902694277443776,18,2,5,2,1300,32196,18451,14793,NA,13010
2021-03-30,Tuesday,1278,302,14321,3442,0.08923957824174289,137,30,1,2,1340,35329,28494,12462,NA,12942
2021-03-31,Wednesday,1660,410,21490,8327,0.07724523033969288,86,23,12,4,1292,48025,20405,28433,NA,13286
2021-04-01,Thursday,2140,472,42603,9277,0.05023120437527873,96,12,12,4,956,46280,24369,26099,NA,14456
2021-04-02,Friday,2553,262,49964,4653,0.051096789688575776,72,16,4,2,837,65807,38266,30484,NA,16151
2021-04-03,Saturday,2075,0,35168,0,0.05900250227479527,77,9,11,4,1836,85573,49479,41531,NA,16368
2021-04-04,Sunday,1385,270,36843,7416,0.037591944195640964,16,1,10,7,1688,69125,38659,34324,NA,16053
2021-04-06,Tuesday,3014,342,29508,2307,0.10214179205639148,212,32,4,1,3382,52278,32636,27864,NA,15679
2021-04-07,Wednesday,2004,496,25604,4845,0.07826902046555226,107,27,19,4,1740,48547,30282,26441,NA,15916
2021-04-08,Thursday,2535,527,44207,8778,0.057343859569751396,98,12,14,6,1125,52432,28381,28553,NA,17301
2021-04-09,Friday,2659,431,57002,8186,0.04664748605312094,120,33,10,6,1070,70249,39833,38880,NA,18867
2021-04-10,Saturday,2454,266,35606,3472,0.06892096837611639,114,15,12,2,2265,89214,54331,48073,NA,19039
2021-04-11,Sunday,1784,266,34505,5002,0.05170265178959571,9,1,13,6,2133,86339,56476,52768,NA,18669
2021-04-12,Monday,1994,326,24232,3065,0.08228788379002971,26,0,2,1,2231,50225,33739,33562,NA,18429
2021-04-13,Tuesday,1367,141,15282,1758,0.08945164245517602,254,49,3,0,2142,24627,18232,14908,NA,17642
2021-04-14,Wednesday,1715,276,23987,3803,0.07149706090799184,127,28,16,1,2043,44845,29045,25570,NA,17280
2021-04-15,Thursday,2736,550,45937,8811,0.059559831943749045,114,17,11,4,1447,52466,30761,27310,NA,18551
2021-04-16,Friday,2299,343,52739,6771,0.04359202866948558,106,17,6,1,625,65641,35970,31924,NA,20207
2021-04-17,Saturday,2429,410,40043,6185,0.06065979072497066,135,29,10,1,2759,85181,42279,43157,NA,19857
2021-04-18,Sunday,1847,278,38649,6051,0.04778907604336464,15,1,15,6,2447,70737,33512,37690,NA,19240
2021-04-19,Monday,1292,146,23183,3642,0.05573049217098736,10,0,6,4,2442,43232,18330,24913,NA,18076
2021-04-20,Tuesday,1189,176,14660,2075,0.08110504774897681,266,42,5,1,2326,17437,12219,5199,NA,16930
2021-04-21,Wednesday,1611,299,24215,3542,0.06652901094362998,90,26,13,2,2241,36557,19266,17312,NA,16276
2021-04-22,Thursday,1973,279,43698,7380,0.04515080781729141,105,16,10,4,1320,51883,25541,26454,NA,16916
2021-04-23,Friday,2167,370,51297,9589,0.04224418581983352,112,17,10,1,1291,63547,26918,36643,NA,17779
2021-04-24,Saturday,2104,295,44409,7689,0.047377783782566595,114,25,8,4,2779,64753,30594,33929,NA,17095
2021-04-25,Sunday,1569,207,35994,6915,0.04359059843307218,15,1,7,5,2261,77215,34327,42770,NA,16383
2021-04-26,Monday,1197,222,23354,3283,0.051254603065855955,18,2,0,0,2240,35731,18008,17674,NA,15340
2021-04-27,Tuesday,1088,189,13283,1502,0.08190920725739667,182,30,12,1,2089,14188,8777,5390,NA,14317
2021-04-28,Wednesday,1514,316,23204,4355,0.0652473711429064,122,27,22,4,1882,41375,18876,22548,NA,13920
2021-04-29,Thursday,1921,269,48900,10612,0.03928425357873211,100,19,15,7,1077,43448,20099,23472,NA,14741
2021-04-30,Friday,1877,239,40850,3946,0.04594859241126071,102,25,16,2,961,61913,26078,36325,NA,15638
2021-05-01,Saturday,1723,278,40602,8736,0.04243633318555736,102,28,10,3,2184,66912,23056,44725,NA,15156
2021-05-02,Sunday,1713,283,35664,5136,0.04803162853297443,16,3,6,0,1885,52075,18380,34647,NA,14976
2021-05-03,Monday,1105,205,21152,4697,0.05224092284417549,10,0,3,0,1937,21435,10158,11629,NA,14141
2021-05-04,Tuesday,998,165,11620,2114,0.08588640275387263,204,36,11,1,1697,11412,4153,7298,NA,13428
2021-05-05,Wednesday,1267,233,25646,6249,0.049403415737346953,117,27,17,3,1643,25097,9665,15853,NA,13009
2021-05-06,Thursday,1661,264,38313,4147,0.043353430950330174,92,18,13,2,988,41562,15448,27657,NA,13659
2021-05-07,Friday,1453,218,42490,6369,0.03419628147799482,72,21,12,1,962,46353,13906,34454,NA,14135
2021-05-08,Saturday,1321,222,32460,6570,0.040696241528034506,73,10,8,0,2112,47681,13121,36707,NA,13297
2021-05-09,Sunday,810,153,30359,6229,0.026680720708850754,9,0,7,1,1857,42934,10401,34346,NA,12236
2021-05-10,Monday,1191,229,15617,1464,0.07626304667990011,5,0,0,0,1741,30502,9406,23032,NA,11685
2021-05-11,Tuesday,583,110,11201,2261,0.052048924203196144,135,22,9,-1,1716,20587,6617,12670,NA,10535
2021-05-12,Wednesday,919,213,21144,4403,0.04346386681800984,87,22,15,1,1598,31183,9149,23010,NA,9831
2021-05-13,Thursday,1011,129,34158,5324,0.02959775162480239,77,17,19,6,858,39490,8860,29483,NA,9963
2021-05-14,Friday,1306,275,34952,7507,0.03736552986953536,74,15,9,3,925,37972,8518,30992,NA,10334
2021-05-15,Saturday,882,151,26192,4388,0.03367440439828955,71,20,3,1,1757,45224,13117,33981,NA,9446
2021-05-16,Sunday,805,166,25502,5239,0.03156615167437848,7,2,10,2,1448,48484,15530,31495,NA,8793
2021-05-17,Monday,589,119,18460,3585,0.0319068255687974,5,0,0,0,1268,22703,9875,15087,NA,8114
2021-05-18,Tuesday,519,121,10411,1331,0.04985111900874076,122,21,14,0,1232,14834,6604,8632,NA,7384
2021-05-19,Wednesday,658,137,17140,2383,0.03838973162193699,64,10,15,5,1023,29277,9960,20132,NA,7000
2021-05-20,Thursday,874,174,31419,7013,0.027817562621343772,58,10,8,1,619,69607,31283,41199,NA,7239
2021-05-21,Friday,690,106,26101,3966,0.02643576874449255,57,7,21,9,541,46192,22234,25559,NA,7356
2021-05-22,Saturday,599,71,22396,2546,0.026745847472762995,51,4,9,5,1200,60247,28892,33405,NA,6743
2021-05-23,Sunday,443,33,22800,3960,0.01942982456140351,4,1,7,4,891,37484,16532,22728,NA,6284
2021-05-24,Monday,469,148,12696,1359,0.03694076874606175,9,0,0,0,1032,24501,10695,14646,NA,5720
2021-05-25,Tuesday,256,25,6952,581,0.03682393555811277,120,12,11,2,824,9944,4835,5575,NA,5128
2021-05-26,Wednesday,438,122,18658,4988,0.02347518490727838,64,16,12,6,724,18450,7690,11655,NA,4824
2021-05-27,Thursday,505,92,25926,4929,0.01947851577566921,45,14,10,2,404,30841,13955,18931,NA,4909
2021-05-28,Friday,364,55,20354,2456,0.017883462710032424,29,5,5,3,413,28612,14611,19646,NA,4850
2021-05-29,Saturday,343,50,19700,4375,0.017411167512690354,30,10,10,3,881,25984,11265,15943,NA,4297
2021-05-30,Sunday,287,49,16578,2683,0.017312100373989624,5,0,8,4,788,22019,10017,13066,NA,3780
2021-05-31,Monday,134,0,9778,0,0.013704233994681939,3,0,1,0,636,10167,4910,5634,NA,3276
2021-06-02,Wednesday,128,15,7831,921,0.016345294342995784,31,10,0,0,1001,8797,4465,4993,NA,2403
2021-06-03,Thursday,238,14,9516,1249,0.025010508617065993,58,15,10,4,276,12368,4188,8631,NA,2353
2021-06-04,Friday,257,48,26384,1565,0.00974075197089145,41,7,8,1,203,18333,7671,11633,NA,2395
2021-06-05,Saturday,302,50,18486,4235,0.01633668722276317,19,6,16,2,495,20449,8671,12791,NA,2178
2021-06-06,Sunday,271,43,19293,3931,0.01404654537915306,21,6,4,1,394,20900,7331,14680,NA,2038
2021-06-07,Monday,196,40,10379,2994,0.01888428557664515,14,1,2,0,370,18594,6185,13003,NA,1860
2021-06-08,Tuesday,125,27,6858,1458,0.018226888305628464,13,1,2,0,298,7934,2151,5997,NA,1685
2021-06-09,Wednesday,150,17,10021,710,0.014968566011376111,46,5,8,3,231,16193,5525,11591,NA,1585
2021-06-10,Thursday,175,31,17341,1970,0.010091690213943832,31,9,7,2,122,20728,5904,15728,NA,1617
2021-06-11,Friday,177,31,17461,2931,0.010136876467556268,28,5,12,8,107,25434,7048,19242,NA,1659
2021-06-12,Saturday,174,25,14575,3020,0.011938250428816466,27,2,7,0,45,21852,5442,16964,NA,1755
2021-06-13,Sunday,173,21,12725,2284,0.013595284872298625,24,3,9,1,335,20498,5692,15823,NA,1557
2021-06-14,Monday,118,31,11597,2302,0.010175045270328533,8,0,5,1,265,8477,1625,7113,NA,1403
2021-06-15,Tuesday,95,22,6972,1466,0.013625932300631095,3,0,1,0,227,4503,467,4229,NA,1265
2021-06-16,Wednesday,91,0,9691,0,0.009390155814673408,32,10,5,2,195,21174,7039,15138,NA,1151
2021-06-17,Thursday,142,29,15143,2417,0.009377270025754473,28,8,4,0,121,16498,4410,12643,NA,1158
2021-06-18,Friday,115,27,13917,3163,0.008263275131134583,17,5,4,1,84,16356,4679,12386,NA,1177
2021-06-19,Saturday,132,27,14546,5209,0.00907465970026124,8,2,5,1,190,18996,6214,13387,NA,1097
2021-06-20,Sunday,127,21,11653,2022,0.010898481077834034,17,3,9,4,164,12255,3794,8998,NA,1027
2021-06-21,Monday,100,13,10221,1481,0.009783778495254868,7,1,4,0,140,9512,3283,6547,NA,982
2021-06-22,Tuesday,80,12,5372,625,0.014892032762472078,4,1,1,0,128,3183,1253,2007,NA,932
2021-06-23,Wednesday,84,14,8769,1467,0.009579199452617175,25,5,5,1,100,6795,2923,4269,NA,898
2021-06-24,Thursday,138,16,13459,2760,0.010253362062560369,24,4,6,1,83,8939,3871,5545,NA,930
2021-06-25,Friday,111,17,13978,2711,0.007941050221777077,14,4,11,4,42,11176,4372,7300,NA,969
2021-06-26,Saturday,79,13,12997,2329,0.006078325767484804,23,5,6,3,142,13694,4814,9390,NA,890
2021-06-27,Sunday,101,7,12107,1525,0.00834228132485339,16,2,4,1,138,14255,3720,10685,NA,845
2021-06-28,Monday,82,22,8461,1401,0.009691525824370642,1,0,5,0,105,15971,3149,13450,NA,816
2021-06-29,Tuesday,79,11,5057,642,0.01562191022345264,3,0,0,-1,115,1935,816,1244,NA,780
2021-06-30,Wednesday,81,15,8518,1108,0.009509274477576896,26,0,7,4,83,6593,2973,4031,NA,758
2021-07-01,Thursday,102,16,13376,2783,0.007625598086124402,20,4,5,3,56,15831,5530,10858,NA,780
2021-07-02,Friday,112,8,14183,2516,0.007896777832616513,16,1,6,0,59,9174,3857,5784,NA,816
2021-07-03,Saturday,116,21,11552,2398,0.010041551246537396,18,3,5,1,104,8541,3575,5241,NA,818
2021-07-04,Sunday,150,30,10950,1551,0.0136986301369863,17,1,5,3,94,6971,3098,4090,NA,862
2021-07-07,Wednesday,231,37,17443,2222,0.013243134781860918,10,2,0,0,306,7613,3475,4461,NA,787
2021-07-08,Thursday,127,33,9116,1962,0.013931548924967091,48,11,2,0,43,8046,3160,5086,NA,866
2021-07-09,Friday,140,33,13900,3002,0.010071942446043165,16,5,5,1,53,7827,3368,4906,NA,947
2021-07-12,Monday,189,39,13449,2802,0.014053089449029667,14,2,2,0,120,8372,3678,4958,NA,1012
2021-07-13,Tuesday,386,62,26344,3310,0.014652292742180382,24,4,3,1,369,12256,5535,7206,NA,1026
2021-07-14,Wednesday,208,52,10166,1801,0.020460358056265986,49,8,3,1,99,5299,2643,3054,NA,1123
2021-07-15,Thursday,216,31,13663,2404,0.015809119519871184,14,1,2,1,74,10913,5219,5966,NA,1256
2021-07-16,Friday,249,64,14812,3567,0.016810694031866056,21,3,3,0,37,8175,3843,4836,NA,1462
2021-07-19,Monday,263,44,13247,1973,0.019853551747565486,21,1,3,2,118,7117,3440,4093,NA,1601
2021-07-20,Tuesday,625,105,24937,3405,0.025063159161085938,37,2,1,1,492,11739,5962,6228,NA,1729
2021-07-21,Wednesday,278,52,12466,1982,0.02230065778918659,38,9,5,3,182,5647,2899,2978,NA,1815
2021-07-22,Thursday,340,77,13871,2988,0.024511570903323482,25,5,4,3,133,5858,3376,3387,NA,2016
2021-07-23,Friday,375,63,13512,2968,0.02775310834813499,21,5,2,0,114,8111,4591,3892,NA,2271
2021-07-26,Monday,424,68,15905,2172,0.026658283558629363,29,4,3,0,243,8233,4860,3871,NA,2448
2021-07-27,Tuesday,1032,137,29567,3413,0.03490377786045253,44,5,3,2,763,13597,8547,5702,NA,2711
2021-07-28,Wednesday,625,150,12691,2578,0.04924749822709006,75,16,4,2,243,5320,3228,1859,NA,3083
2021-07-29,Thursday,551,95,17937,3258,0.030718626303172215,40,13,3,0,159,10768,6860,4733,NA,3464
2021-07-30,Friday,702,106,19602,3200,0.03581267217630854,46,6,5,3,223,9472,6043,3929,NA,3936
2021-08-02,Monday,632,80,17944,2520,0.03522068658047258,42,8,6,6,402,9218,5882,3748,NA,4152
2021-08-03,Tuesday,1667,165,36626,4470,0.045514115655545244,39,8,4,1,1309,18553,12296,6992,NA,4504
2021-08-04,Wednesday,936,189,18354,4405,0.05099705786204642,93,31,5,3,456,8261,5314,2927,NA,4976
2021-08-05,Thursday,878,136,22382,5001,0.03922795103207935,53,15,5,2,295,10119,7049,3537,NA,5537
2021-08-06,Friday,1012,168,23991,3632,0.04218248509857864,40,12,6,5,356,11063,7895,3655,NA,6179
2021-08-09,Monday,1120,160,25039,5009,0.04473022085546548,45,4,4,3,682,11435,8158,3939,NA,6611
2021-08-10,Tuesday,1690,160,51386,6731,0.03288833534425719,55,21,7,3,2141,21287,15252,6996,NA,6148
2021-08-11,Wednesday,1632,205,22474,5955,0.07261724659606657,121,21,10,1,742,7859,5029,3227,NA,7021
2021-08-12,Thursday,1318,270,27157,6126,0.0485326066944066,62,18,8,4,468,6910,4836,2535,NA,7856
2021-08-13,Friday,1336,177,27683,5544,0.04826066539031174,69,16,6,0,524,9928,6613,3926,NA,8650
2021-08-16,Monday,1470,121,34072,6269,0.043143930500117396,50,14,5,0,1060,11114,7500,4378,NA,9044
2021-08-17,Tuesday,3054,357,57654,8037,0.052971172858778226,71,18,3,0,3149,22899,15431,6826,NA,8936
2021-08-18,Wednesday,1163,162,23642,6463,0.049192115726249895,165,29,5,1,1006,9271,5473,4597,NA,9083
2021-08-19,Thursday,1355,203,27672,5748,0.04896646429603932,77,16,8,0,615,11377,5445,5049,NA,9806
2021-08-20,Friday,1708,173,30523,6540,0.05595780231300986,79,19,10,2,648,11081,3635,3173,NA,10846
2021-08-23,Monday,1673,154,35988,6284,0.04648771812826498,94,22,7,4,1394,12573,6275,5741,NA,11111
2021-08-24,Tuesday,3838,346,64238,9110,0.059746567452286806,95,19,8,0,4081,22871,12023,1239,NA,10859
2021-08-25,Wednesday,1404,132,89724,9234,0.01564798716062592,194,37,7,0,1420,8412,3837,14335,NA,10832
2021-08-26,Thursday,1839,348,30687,7356,0.05992765666243034,108,29,11,2,741,12127,4482,5998,NA,11909
2021-08-27,Friday,1912,222,37251,7950,0.05132748114144587,86,25,6,1,852,12628,4801,6024,NA,12953
2021-08-30,Monday,1914,148,34882,5037,0.05487070695487644,89,14,6,-1,1836,13389,5175,6468,NA,13015
2021-08-31,Tuesday,3882,267,65063,9517,0.05966524752931774,83,9,6,2,4969,23162,8919,12370,NA,11910
2021-09-01,Wednesday,1436,228,29346,7407,0.04893341511619982,208,44,6,1,1553,9191,3625,4729,NA,11775
2021-09-02,Thursday,1904,217,39722,9245,0.04793313529026736,107,23,22,5,1012,12891,4933,6225,NA,12641
2021-09-03,Friday,2138,266,35137,7093,0.06084753963058884,85,17,5,2,937,12916,5127,6045,NA,13829
2021-09-06,Monday,2088,284,42489,8243,0.049142130904469394,79,24,12,2,2039,13072,5091,6084,NA,13852
2021-09-07,Tuesday,5777,670,81130,13801,0.07120670528780969,197,47,9,1,6650,26635,9817,14945,NA,12949
2021-09-09,Thursday,1215,192,31386,10747,0.03871152743261327,170,29,9,2,991,6287,1738,3292,NA,13160
2021-09-10,Friday,2050,598,40953,12563,0.050057382853515006,118,10,18,5,930,11413,4226,5746,NA,14249
2021-09-13,Monday,2693,431,46255,7889,0.05822073289374122,113,15,11,2,2225,10356,3716,5150,NA,14693
2021-09-14,Tuesday,4603,674,84040,13534,0.0547715373631604,88,23,12,3,6095,20540,7633,11532,NA,13184
2021-09-15,Wednesday,2736,597,34221,10339,0.07995090733759971,253,46,41,30,2389,7179,2579,3796,965,13485
2021-09-16,Thursday,2484,529,37906,9662,0.06553052287236849,106,29,14,2,1085,7917,0,0,1523,14859
2021-09-17,Friday,2645,363,46501,10006,0.05688049719360874,110,25,13,2,996,9324,6166,8581,-567,16485
2021-09-20,Monday,2474,334,45852,8371,0.05395620692663352,105,21,10,1,808,10872,4005,5620,3465,18124
2021-09-21,Tuesday,6352,849,95999,15432,0.0661673559099574,113,20,18,5,7392,17029,6388,9398,1809,17035
2021-09-22,Wednesday,1642,259,33518,8576,0.048988603138612086,247,48,14,3,2143,6353,2374,3151,942,16516
2021-09-23,Thursday,2434,615,48106,14612,0.05059659917681786,124,24,24,2,1086,8577,3064,4130,1431,17697
2021-09-24,Friday,2997,493,50068,9898,0.05985859231445235,107,22,27,8,1198,6667,2419,3215,1130,19334
2021-09-27,Monday,2803,484,48494,8999,0.05780096506784344,104,24,22,4,2862,8175,2813,3853,1568,19234
2021-09-28,Tuesday,6203,816,99849,18249,0.062123806948492226,115,14,11,4,7705,25986,6411,8284,10342,17710
2021-09-29,Wednesday,2077,390,35195,10073,0.05901406449779798,239,33,31,6,2343,14709,2697,2537,8512,17398
2021-09-30,Thursday,2874,652,47370,13031,0.060671310956301454,122,32,13,3,1176,14337,2013,1930,9500,19083
2021-10-01,Friday,3714,637,52470,10851,0.07078330474556889,97,16,17,2,1215,193871,2719,2653,9628,21547
2021-10-04,Monday,3546,436,52342,9578,0.06774674257766229,96,17,21,6,3154,-162993,2468,2574,8742,21909
2021-10-05,Tuesday,7133,869,104778,17727,0.06807726812880567,123,28,12,3,8536,31508,4847,5536,18991,20485
2021-10-06,Wednesday,3886,872,38556,12192,0.10078846353356158,226,41,40,9,2512,14758,1963,2310,9121,21816
2021-10-07,Thursday,2674,553,42120,9277,0.06348528015194682,218,24,32,11,1323,14520,1322,1653,10384,23128
2021-10-08,Friday,3661,518,54648,11802,0.06699238764456156,115,33,20,3,1377,36018,5778,5973,21814,25376
2021-10-11,Monday,3223,307,46021,9571,0.070033245692184,139,39,25,7,3961,29640,4046,4360,20239,24587
2021-10-12,Tuesday,7942,1103,94109,18205,0.08439150346938125,136,20,10,4,10171,31315,5004,5448,19275,22331
2021-10-13,Wednesday,2388,553,28835,11210,0.08281602219524883,266,57,24,5,3078,13216,1855,2104,7933,21605
2021-10-14,Thursday,2919,614,49927,12032,0.05846535942476015,148,38,25,4,1566,16574,2291,2508,10708,22930
2021-10-15,Friday,3352,435,47701,9711,0.07027106349971698,127,21,28,8,1513,17539,2767,2904,9875,24730
2021-10-18,Monday,2868,384,44878,9009,0.06390659120281653,127,33,29,5,4066,16836,2463,2707,10466,23486
2021-10-19,Tuesday,5686,635,78940,17186,0.072029389409678235,151,24,21,5,9904,33262,5332,5781,20943,19224
2021-10-20,Wednesday,1858,449,41853,11381,0.04439347239146537,227,47,32,3,2885,13641,2178,2291,8439,18153
2021-10-21,Thursday,2361,463,27850,9222,0.08477558348294434,135,40,26,6,1586,13065,1449,1830,8918,18892
2021-10-22,Friday,2150,420,37183,10824,0.05782212301320496,80,32,22,7,1358,15881,2257,2376,8999,19646
2021-10-25,Monday,3010,417,59424,8390,0.050652934841141625,113,17,22,6,3682,17378,3046,2985,10891,18923
2021-10-26,Tuesday,6583,810,87868,16388,0.07491919697728411,118,22,22,5,8216,39714,4973,4767,24593,17207
2021-10-27,Wednesday,1810,455,27275,9907,0.06636113657195233,195,33,31,7,2185,23536,2442,4182,15420,16790
2021-10-28,Thursday,2690,531,40766,9518,0.06598636118333906,158,30,41,7,1214,29992,3528,1071,18137,18220
2021-10-29,Friday,3348,643,41203,11784,0.08125621920733928,103,14,16,3,1136,24611,2450,4572,28353,20385
2021-11-01,Monday,2270,1113,40338,9034,0.0562744806386038,263,32,25,5,10425,33349,2282,5637,27334,20369
2021-11-02,Tuesday,7043,1260,88538,20995,0.07954776480155414,89,20,24,5,7555,63042,5949,12631,47860,19821
2021-11-03,Wednesday,2956,651,34037,14332,0.08684666686253195,258,49,43,10,2308,19833,2076,3371,13972,20411
2021-11-04,Thursday,3718,1003,46627,12772,0.07973920689729126,192,22,32,9,1246,25966,2510,4818,18957,22831
2021-11-05,Friday,3378,462,50227,11802,0.06725466382622892,141,28,35,13,1348,29348,2666,4782,22086,24802
2021-11-08,Monday,4253,1120,44817,12753,0.0948970256822188,82,31,34,8,3612,17918,6299,-7273,19606,25387
2021-11-09,Tuesday,7173,1408,100044,23436,0.07169845268082044,174,31,20,6,9279,74025,11520,15586,52099,23253
2021-11-10,Wednesday,5277,1011,40162,14402,0.13139285892136846,298,54,43,16,2852,25908,6512,-32613,15259,25623
2021-11-11,Thursday,5123,1450,46084,13139,0.11116656540230883,205,24,43,4,1482,37380,7033,2126,25358,29216
2021-11-12,Friday,4849,641,56970,13347,0.0851149727926979,164,30,28,6,1638,38736,9545,2490,25564,32388
2021-11-15,Monday,5266,1042,50897,12548,0.10346385838065111,198,24,0,0,4342,35064,7757,2460,23033,33308
2021-11-16,Tuesday,10913,1519,101035,21357,0.10801207502350671,225,34,51,8,12153,87320,18666,15716,50069,32008
2021-11-17,Wednesday,3457,863,39909,12756,0.08662206519832619,409,61,46,7,4051,36243,13657,1851,19122,31355
2021-11-18,Thursday,4827,1464,53261,18330,0.09062916580612455,206,39,32,10,2095,38583,9262,1539,25863,34048
2021-11-19,Friday,5162,744,55621,11360,0.09280667373833625,191,32,30,13,2135,43853,12058,2435,26454,37031
2021-11-22,Monday,4718,1100,51670,12962,0.09131023804915812,156,19,37,11,5911,44459,10053,2266,29437,35797
2021-11-23,Tuesday,11455,1919,111248,26099,0.10296814324751906,197,33,37,10,14200,96109,22224,5033,65206,33011
2021-11-24,Wednesday,3759,1057,44435,17075,0.0845954765387645,437,87,53,7,4291,37947,8835,2199,23317,32398
2021-11-25,Thursday,4131,1114,54817,14179,0.075359833628254,200,40,56,12,2188,37664,6471,1533,27429,34284
2021-11-29,Monday,4511,831,104056,26402,0.04335165680018452,217,37,44,13,8040,NA,NA,NA,NA,30710
2021-11-30,Tuesday,12632,2088,73067,14733,0.172882422981647,249,19,0,0,14946,NA,NA,NA,NA,28395
2021-12-01,Wednesday,3580,1121,50261,23874,0.07122818885418117,497,101,100,19,4432,32136,4455,6657,21006,27435
2021-12-02,Thursday,5313,1499,56878,18418,0.09341045747037519,239,42,72,18,2375,37417,4083,7740,25624,30295
2021-12-03,Friday,5685,1326,59567,15787,0.09543874964325885,207,39,62,21,2197,44044,5309,8374,30538,33718
2021-12-06,Monday,6122,1153,56723,13377,0.10792800098725384,240,33,38,9,5580,57980,6374,11048,40874,34194
2021-12-07,Tuesday,12445,2374,104335,22043,0.11927924474049935,190,20,45,8,10309,84175,9136,18665,56165,36260
2021-12-08,Wednesday,3140,740,31924,6818,0.09835860167898759,498,70,75,16,3417,32336,3430,6695,18469,35813
2021-12-09,Thursday,3754,847,58053,23245,0.06466504745663446,195,35,40,11,2969,34000,3887,6905,26809,36546
2021-12-10,Friday,4554,739,54953,13539,0.08287081687987917,210,36,58,8,2654,47100,5369,10122,31610,38381
2021-12-13,Monday,3655,602,32423,4813,0.11272861857323505,213,35,46,11,6948,26873,3248,6323,17230,35033
2021-12-14,Tuesday,9042,1448,100644,20818,0.08984142124716823,193,26,46,9,16360,82542,8612,17632,56450,27652
2021-12-15,Wednesday,2231,628,38647,14530,0.05772763733278133,392,65,54,18,4390,33893,3855,7342,22269,25425
2021-12-16,Thursday,3805,920,45593,11237,0.08345579365253437,209,37,39,4,2242,31978,3038,5197,23411,26924
2021-12-17,Friday,3854,659,49106,12001,0.07848328106545024,191,42,54,16,2162,37587,4339,6401,26788,28544
2021-12-20,Monday,3397,642,50902,12554,0.06673608109700994,180,31,45,6,4795,32790,4183,4336,24208,27085
2021-12-21,Tuesday,7396,1481,86975,18331,0.08503592986490371,168,35,41,7,11659,65809,8603,8302,48997,22768
2021-12-22,Wednesday,2807,677,39830,13236,0.07047451669595782,310,57,57,6,2694,27445,3834,3863,19638,22821
2021-12-23,Thursday,3378,942,68535,16542,0.04928868461370103,172,30,52,12,1530,31591,3080,3723,24450,24612
2021-12-24,Friday,4155,665,42778,13436,0.09712936556173735,143,22,53,8,2590,132588,4938,3900,23826,26106
2021-12-28,Tuesday,9873,2660,111913,36025,0.08822031399390598,218,36,40,5,14048,-57556,5868,5970,30752,21882
2021-12-29,Wednesday,5215,429,80461,15069,0.06481400927157256,361,60,69,7,2878,22971,3411,3674,15863,24145
2021-12-30,Thursday,6780,1791,51462,14899,0.13174769733006877,202,37,48,8,1867,22939,3012,3244,16662,29007
2021-12-31,Friday,6780,2311,54773,18256,0.12378361601518996,116,31,48,5,2586,26199,5314,4280,17618,33147
2022-01-04,Tuesday,16204,5398,86723,36133,0.1868477797124177,121,16,36,10,18136,53254,7427,7671,37361,31159
2022-01-05,Wednesday,4149,2124,32736,19021,0.12674120234604105,178,36,71,15,1802,18288,2792,3780,1675,33426
2022-01-06,Thursday,6936,1403,114979,3816,0.060324059176023445,234,46,62,10,636,18637,2928,2998,22462,39654
2022-01-07,Friday,7833,530,124469,36828,0.06293133229960873,338,31,33,4,3388,23001,3440,3074,16260,44062
2022-01-10,Monday,10964,2258,88590,19079,0.12376114685630432,267,33,44,4,8172,24878,4200,4646,16252,46809
2022-01-11,Tuesday,29487,3886,140891,27799,0.20928945071012342,400,23,28,2,30624,59148,9592,9573,39890,45623
2022-01-12,Wednesday,10719,2075,70089,19525,0.15293412661045241,391,30,49,8,4343,17222,3182,2900,11572,51935
2022-01-13,Thursday,11510,1823,72298,23766,0.159202190931976,266,44,52,8,2280,18739,3008,2542,12868,61102
2022-01-14,Friday,11560,1890,35173,22243,0.32866118898018365,259,40,32,9,5214,22148,4149,3419,15017,67405
2022-01-17,Monday,10651,1752,123235,19281,0.08642836856412545,358,35,29,6,13675,22062,4064,3247,14561,64343
2022-01-19,Wednesday,44626,10659,217918,55865,0.20478345065575124,678,65,37,11,61508,59153,11122,7695,40359,47414
2022-01-20,Thursday,11440,2553,69852,22279,0.1637748382293993,296,32,78,20,7291,17634,3361,2668,11445,51470
2022-01-21,Friday,11828,2341,85653,21511,0.13809206916278471,281,43,36,8,6172,15637,2513,2426,10521,57067
2022-01-24,Monday,12722,2400,77063,18617,0.1650857090951559,241,43,42,9,16925,20999,4273,3552,0,52810
2022-01-25,Tuesday,35504,5685,134691,28637,0.26359593439799245,310,30,37,10,46058,27294,5279,3948,30837,42206
2022-01-26,Wednesday,15572,2463,53457,19476,0.2912995491703612,335,37,52,14,10894,12639,2519,2374,7649,46825
2022-01-27,Thursday,14633,2735,55902,18312,0.2617616543236378,347,38,57,14,6319,12323,1992,1737,8398,55066
2022-01-28,Friday,14565,2411,53137,12963,0.2741027908989969,297,30,43,16,6228,16270,4111,2794,9189,63343
2022-01-31,Monday,12098,2373,52717,14916,0.22948953847904852,283,24,29,10,13972,20027,4240,3888,11732,61430
2022-02-01,Tuesday,21360,3086,101180,23627,0.21110891480529748,309,40,46,16,36343,22047,4520,4588,12683,46378
2022-02-02,Wednesday,3916,832,33320,14315,0.11752701080432174,249,35,59,20,9029,11508,2590,2676,6059,41200
2022-02-03,Thursday,5480,1194,45789,12799,0.11967939898228833,252,33,45,13,4730,10600,1673,2092,6633,41873
2022-02-04,Friday,6617,1494,42476,11886,0.15578208870891797,261,32,38,10,4947,14611,2943,3412,7948,43498
2022-02-07,Monday,5829,1075,43496,10933,0.13401232297222734,175,38,35,10,10092,12328,2509,3214,6374,39197
2022-02-08,Tuesday,10409,1699,77105,17941,0.13499773036768042,198,37,48,10,21935,24974,5098,6779,12775,27609
2022-02-09,Wednesday,3833,836,30450,11195,0.12587848932676518,357,47,40,17,6423,8713,1878,2528,4094,24969
2022-02-10,Thursday,4462,980,43358,11601,0.10291065086027953,182,25,39,15,3851,7506,1036,1922,4190,25532
2022-02-11,Friday,4857,912,36749,10077,0.1321668616833111,153,15,36,11,3658,10946,1994,3151,5528,26684
2022-02-14,Monday,4338,881,43676,9692,0.09932228226028024,179,15,33,9,6652,9643,1617,3179,4523,24329
2022-02-15,Tuesday,6469,1069,67288,14023,0.09613898466294139,187,20,32,7,12480,17650,3041,5455,8710,18250
2022-02-16,Wednesday,1501,498,19600,9659,0.07658163265306123,215,40,41,12,3123,5756,1032,1810,2689,16546
2022-02-17,Thursday,1853,426,35374,10696,0.05238310623621869,122,21,27,3,1664,7079,1017,2227,3449,16670
2022-02-18,Friday,2264,381,32768,6775,0.069091796875,110,17,31,13,1669,6937,679,2044,3841,17193
2022-02-21,Monday,2012,276,34921,6842,0.057615761289768336,75,13,32,16,3898,7727,1207,2663,3422,15255
2022-02-22,Tuesday,4050,693,71761,17614,0.056437340616769555,205,37,26,11,9389,20487,3280,7053,9345,9769
2022-02-24,Thursday,1075,182,28041,8714,0.03833672122962804,79,9,47,13,846,6356,1028,2190,2724,9886
2022-02-25,Friday,961,168,23311,5994,0.041225172665265326,54,11,15,4,899,4027,0,0,2365,9876
2022-02-28,Monday,1122,211,27037,5842,0.041498686984502715,61,10,28,8,2061,6348,1103,3457,2647,8866
2022-03-01,Tuesday,2142,277,47833,9778,0.044780799866201156,80,18,22,6,4418,12522,1949,4546,5393,6502
2022-03-02,Wednesday,591,105,18519,5684,0.0319131702575733,167,38,21,6,1029,6624,1115,2234,2978,5991
2022-03-03,Thursday,847,104,27932,NA,0.030323643133323787,40,10,20,10,611,4132,288,1136,2197,6184
2022-03-04,Friday,833,131,25707,NA,0.03240362547166142,65,10,11,1,601,4867,892,1370,2352,6368
2022-03-07,Monday,908,221,24392,6622,0.03722531977697606,51,8,18,5,1196,4681,827,1296,2219,6037
2022-03-08,Tuesday,1457,204,43489,9663,0.03350272482696774,58,3,20,9,2780,9879,1699,2861,4724,4692
2022-03-09,Wednesday,575,124,18168,5456,0.031649053280493174,92,16,17,8,835,4017,779,1133,1876,4411
2022-03-10,Thursday,604,109,24845,6567,0.024310726504326825,53,3,17,8,425,2439,58,353,1628,4561
2022-03-11,Friday,583,84,22630,5091,0.025762262483429076,38,10,9,3,377,7969,1396,2227,3786,4732
2022-03-14,Monday,530,72,19275,5094,0.02749675745784695,36,4,16,7,858,-3927,-695,-1097,-1860,4333
2022-03-15,Tuesday,483,106,38358,8338,0.012591897387767871,28,1,9,2,1956,10815,1857,2970,5286,2839
2022-03-16,Wednesday,889,148,16466,5476,0.053990040082594434,88,18,13,7,504,3244,628,791,1569,3190
2022-03-17,Thursday,470,76,23220,6554,0.020241171403962102,41,10,10,5,233,1690,-142,144,1270,3371
2022-03-18,Friday,538,79,22244,5019,0.024186297428520052,29,4,9,1,276,3710,613,943,1832,3592
2022-03-21,Monday,458,50,19994,4818,0.022906872061618486,37,6,7,2,564,4060,723,969,1975,3440
2022-03-22,Tuesday,1061,171,35179,7525,0.0301600386594275,45,9,12,6,1362,5878,948,1459,2879,3090
2022-03-23,Wednesday,288,34,3408,4621,0.08450704225352113,69,17,2,0,378,3271,533,774,1636,2980
2022-03-24,Thursday,479,69,32988,5187,0.014520431672123196,44,10,20,9,227,1804,-115,136,1292,3194
2022-03-28,Monday,960,159,37027,9832,0.025927026224106732,50,5,20,8,700,7268,1304,1565,NA,3421
2022-03-29,Tuesday,984,106,38501,7249,0.02555777772005922,25,5,8,2,1286,5758,1001,1363,NA,3097
2022-03-30,Wednesday,356,96,14800,5125,0.024054054054054055,62,6,11,3,389,3263,571,705,1668,3044
2022-03-31,Thursday,509,96,17375,4706,0.029294964028776977,28,7,7,4,253,1336,-278,-36,0,3283
2022-04-01,Friday,546,110,20147,4215,0.02710080905345709,33,4,2,0,215,4744,657,763,1101,3605
2022-04-04,Monday,473,57,12728,2017,0.037162162162162164,21,2,5,2,517,14068,3311,2803,4831,3550
2022-04-05,Tuesday,1092,141,35727,8086,0.0305651188177009,41,6,4,3,1394,23151,997,1591,3116,3239
2022-04-06,Wednesday,366,58,12072,2721,0.030318091451292245,50,10,10,4,411,8239,471,643,1420,3177
2022-04-07,Thursday,627,139,16554,3358,0.03787604204421892,34,4,5,2,268,9447,-177,47,0,3519
2022-04-08,Friday,612,86,15961,3396,0.038343462189085895,31,4,6,1,224,10422,549,717,2668,3897
2022-04-11,Monday,678,123,14177,2740,0.047823940184806374,29,5,7,4,519,11580,495,715,4322,4044
2022-04-12,Tuesday,1339,225,28308,5065,0.047301116292214215,25,5,2,1,1420,25186,1056,1466,3065,3956
2022-04-13,Wednesday,686,180,NA,NA,0,64,8,5,1,491,10892,504,642,0,4142
2022-04-14,Thursday,858,150,NA,NA,0,31,10,4,2,310,14818,559,828,2075,4680
2022-04-15,Friday,877,146,NA,NA,0,25,4,6,2,265,15294,738,861,1624,5281
2022-04-18,Monday,936,178,NA,NA,0,40,7,4,3,575,12908,565,707,1898,5630
2022-04-19,Tuesday,1742,259,NA,NA,0,25,0,4,0,1774,18632,-104,180,1253,5589
2022-04-20,Wednesday,978,143,NA,NA,0,83,10,7,3,606,8706,451,589,1670,5952
2022-04-21,Thursday,1122,255,NA,NA,0,17,0,3,1,385,14359,634,712,1610,6681
2022-04-22,Friday,1464,223,NA,NA,0,42,4,10,4,395,13881,591,828,0,7739
2022-04-25,Monday,1158,155,NA,NA,0,51,3,1,1,1002,13516,592,724,3466,7894
2022-04-26,Tuesday,2563,380,NA,NA,0,33,4,1,0,2711,17964,143,465,0,7740
2022-04-27,Wednesday,1369,258,NA,NA,0,113,9,5,1,854,8612,447,520,2701,8245
2022-04-28,Thursday,1642,283,NA,NA,0,45,8,4,3,575,11200,586,679,0,9302
2022-04-29,Friday,1979,337,NA,NA,0,68,5,5,1,289,12247,571,752,2994,10980
2022-05-02,Monday,1736,231,NA,NA,0,43,4,3,1,1408,10361,511,613,1820,11300
2022-05-03,Tuesday,2505,440,NA,NA,0,60,5,1,0,3905,17071,274,522,1241,9894
2022-05-04,Wednesday,2570,393,NA,NA,0,121,10,3,0,1171,8728,401,502,1432,11287
2022-05-06,Friday,4622,713,NA,NA,0,139,15,10,2,1313,21952,1076,1303,3065,14574
2022-05-09,Monday,2661,517,NA,NA,0,67,2,4,0,1947,11603,600,682,1603,15283
2022-05-10,Tuesday,5117,718,NA,NA,0,54,6,5,3,5247,14908,139,379,0,15147
2022-05-11,Wednesday,1794,521,NA,NA,0,172,21,2,2,1681,8258,484,530,2722,15254
2022-05-12,Thursday,2614,495,NA,NA,0,100,9,11,7,948,11220,568,674,1514,16907
2022-05-13,Friday,2919,472,NA,NA,0,85,12,12,3,871,11099,624,735,1441,18938
2022-05-16,Monday,2590,427,NA,NA,0,73,5,4,3,2450,11017,508,598,0,19064
2022-05-17,Tuesday,4581,667,NA,NA,0,68,8,6,2,7197,13326,130,262,1665,16442
2022-05-18,Wednesday,2120,410,NA,NA,0,191,21,6,4,2134,7795,465,544,1226,16419
2022-05-19,Thursday,2131,421,NA,NA,0,85,10,9,3,1184,9711,498,605,2783,17346
2022-05-20,Friday,2424,385,NA,NA,0,72,6,3,1,1154,10649,645,686,1718,18607
2022-05-23,Monday,2152,360,NA,NA,0,85,6,9,3,2970,11915,598,697,0,17774
2022-05-24,Tuesday,4033,642,NA,NA,0,73,11,5,1,7527,16643,256,299,2332,14271
2022-05-25,Wednesday,1522,335,NA,NA,0,151,16,9,6,1992,9736,564,576,3800,13788
2022-05-26,Thursday,2170,505,NA,NA,0,71,7,9,4,1115,12459,575,690,0,14826
2022-05-27,Friday,2269,353,NA,NA,0,51,5,9,6,988,12742,630,749,4266,16093
2022-05-31,Tuesday,2188,371,NA,NA,0,101,11,5,4,2531,10316,528,616,1906,15743
2022-06-01,Wednesday,1783,284,NA,NA,0,92,18,5,3,8111,15786,293,423,0,9407
2022-06-02,Thursday,4813,864,NA,NA,0,221,10,11,4,847,6560,420,511,3374,13361
2022-06-03,Friday,1968,493,NA,NA,0,100,14,15,9,929,9422,610,647,3054,14381
2022-06-06,Monday,2155,387,NA,NA,0,82,12,10,4,2284,9094,490,520,0,14239
2022-06-07,Tuesday,4058,640,NA,NA,0,57,8,8,3,6120,0,0,0,4510,12168
2022-06-08,Wednesday,1375,280,NA,NA,0,162,17,10,5,1727,18319,507,733,1708,11805
2022-06-09,Thursday,1816,320,NA,NA,0,86,11,9,4,912,0,0,0,1442,12695
2022-06-10,Friday,2028,313,NA,NA,0,64,7,12,6,881,16725,1076,1169,2080,13829
