year,week,mmwr_startdate,mmwr_enddate,report_date,age_group,pop_size,new_deaths,new_deaths_7day
2020,10,2020-03-01,2020-03-07,2022-09-22,0-4,351664,0,0
2020,10,2020-03-01,2020-03-07,2022-09-22,12-17,433734,0,0
2020,10,2020-03-01,2020-03-07,2022-09-22,18-49,2294817,0,0
2020,10,2020-03-01,2020-03-07,2022-09-22,5-11,509735,0,0
2020,10,2020-03-01,2020-03-07,2022-09-22,50-64,1114015,0,0
2020,10,2020-03-01,2020-03-07,2022-09-22,65+,858698,0,0
2020,10,2020-03-01,2020-03-07,2022-09-22,Total,5562663,0,0
2020,11,2020-03-08,2020-03-14,2022-09-22,0-4,351664,0,0
2020,11,2020-03-08,2020-03-14,2022-09-22,12-17,433734,0,0
2020,11,2020-03-08,2020-03-14,2022-09-22,18-49,2294817,0,0
2020,11,2020-03-08,2020-03-14,2022-09-22,5-11,509735,0,0
2020,11,2020-03-08,2020-03-14,2022-09-22,50-64,1114015,0,0
2020,11,2020-03-08,2020-03-14,2022-09-22,65+,858698,0,0
2020,11,2020-03-08,2020-03-14,2022-09-22,Total,5562663,0,0
2020,12,2020-03-15,2020-03-21,2022-09-22,0-4,351664,0,0
2020,12,2020-03-15,2020-03-21,2022-09-22,12-17,433734,0,0
2020,12,2020-03-15,2020-03-21,2022-09-22,18-49,2294817,0,0
2020,12,2020-03-15,2020-03-21,2022-09-22,5-11,509735,0,0
2020,12,2020-03-15,2020-03-21,2022-09-22,50-64,1114015,0,0
2020,12,2020-03-15,2020-03-21,2022-09-22,65+,858698,1,0.1
2020,12,2020-03-15,2020-03-21,2022-09-22,Total,5562663,1,0
2020,13,2020-03-22,2020-03-28,2022-09-22,0-4,351664,0,0
2020,13,2020-03-22,2020-03-28,2022-09-22,12-17,433734,0,0
2020,13,2020-03-22,2020-03-28,2022-09-22,18-49,2294817,0,0
2020,13,2020-03-22,2020-03-28,2022-09-22,5-11,509735,0,0
2020,13,2020-03-22,2020-03-28,2022-09-22,50-64,1114015,1,0.1
2020,13,2020-03-22,2020-03-28,2022-09-22,65+,858698,10,1.2
2020,13,2020-03-22,2020-03-28,2022-09-22,Total,5562663,11,0.2
2020,14,2020-03-29,2020-04-04,2022-09-22,0-4,351664,0,0
2020,14,2020-03-29,2020-04-04,2022-09-22,12-17,433734,0,0
2020,14,2020-03-29,2020-04-04,2022-09-22,18-49,2294817,0,0
2020,14,2020-03-29,2020-04-04,2022-09-22,5-11,509735,0,0
2020,14,2020-03-29,2020-04-04,2022-09-22,50-64,1114015,1,0.1
2020,14,2020-03-29,2020-04-04,2022-09-22,65+,858698,20,2.3
2020,14,2020-03-29,2020-04-04,2022-09-22,Total,5562663,21,0.4
2020,15,2020-04-05,2020-04-11,2022-09-22,0-4,351664,0,0
2020,15,2020-04-05,2020-04-11,2022-09-22,12-17,433734,0,0
2020,15,2020-04-05,2020-04-11,2022-09-22,18-49,2294817,0,0
2020,15,2020-04-05,2020-04-11,2022-09-22,5-11,509735,0,0
2020,15,2020-04-05,2020-04-11,2022-09-22,50-64,1114015,3,0.3
2020,15,2020-04-05,2020-04-11,2022-09-22,65+,858698,43,5
2020,15,2020-04-05,2020-04-11,2022-09-22,Total,5562663,46,0.8
2020,16,2020-04-12,2020-04-18,2022-09-22,0-4,351664,0,0
2020,16,2020-04-12,2020-04-18,2022-09-22,12-17,433734,0,0
2020,16,2020-04-12,2020-04-18,2022-09-22,18-49,2294817,0,0
2020,16,2020-04-12,2020-04-18,2022-09-22,5-11,509735,0,0
2020,16,2020-04-12,2020-04-18,2022-09-22,50-64,1114015,9,0.8
2020,16,2020-04-12,2020-04-18,2022-09-22,65+,858698,72,8.4
2020,16,2020-04-12,2020-04-18,2022-09-22,Total,5562663,81,1.5
2020,17,2020-04-19,2020-04-25,2022-09-22,0-4,351664,0,0
2020,17,2020-04-19,2020-04-25,2022-09-22,12-17,433734,0,0
2020,17,2020-04-19,2020-04-25,2022-09-22,18-49,2294817,2,0.1
2020,17,2020-04-19,2020-04-25,2022-09-22,5-11,509735,0,0
2020,17,2020-04-19,2020-04-25,2022-09-22,50-64,1114015,17,1.5
2020,17,2020-04-19,2020-04-25,2022-09-22,65+,858698,125,14.6
2020,17,2020-04-19,2020-04-25,2022-09-22,Total,5562663,144,2.6
2020,18,2020-04-26,2020-05-02,2022-09-22,0-4,351664,0,0
2020,18,2020-04-26,2020-05-02,2022-09-22,12-17,433734,0,0
2020,18,2020-04-26,2020-05-02,2022-09-22,18-49,2294817,3,0.1
2020,18,2020-04-26,2020-05-02,2022-09-22,5-11,509735,0,0
2020,18,2020-04-26,2020-05-02,2022-09-22,50-64,1114015,12,1.1
2020,18,2020-04-26,2020-05-02,2022-09-22,65+,858698,135,15.7
2020,18,2020-04-26,2020-05-02,2022-09-22,Total,5562663,150,2.7
2020,19,2020-05-03,2020-05-09,2022-09-22,0-4,351664,0,0
2020,19,2020-05-03,2020-05-09,2022-09-22,12-17,433734,0,0
2020,19,2020-05-03,2020-05-09,2022-09-22,18-49,2294817,2,0.1
2020,19,2020-05-03,2020-05-09,2022-09-22,5-11,509735,0,0
2020,19,2020-05-03,2020-05-09,2022-09-22,50-64,1114015,20,1.8
2020,19,2020-05-03,2020-05-09,2022-09-22,65+,858698,150,17.5
2020,19,2020-05-03,2020-05-09,2022-09-22,Total,5562663,172,3.1
2020,20,2020-05-10,2020-05-16,2022-09-22,0-4,351664,0,0
2020,20,2020-05-10,2020-05-16,2022-09-22,12-17,433734,0,0
2020,20,2020-05-10,2020-05-16,2022-09-22,18-49,2294817,3,0.1
2020,20,2020-05-10,2020-05-16,2022-09-22,5-11,509735,0,0
2020,20,2020-05-10,2020-05-16,2022-09-22,50-64,1114015,10,0.9
2020,20,2020-05-10,2020-05-16,2022-09-22,65+,858698,133,15.5
2020,20,2020-05-10,2020-05-16,2022-09-22,Total,5562663,146,2.6
2020,21,2020-05-17,2020-05-23,2022-09-22,0-4,351664,0,0
2020,21,2020-05-17,2020-05-23,2022-09-22,12-17,433734,0,0
2020,21,2020-05-17,2020-05-23,2022-09-22,18-49,2294817,2,0.1
2020,21,2020-05-17,2020-05-23,2022-09-22,5-11,509735,0,0
2020,21,2020-05-17,2020-05-23,2022-09-22,50-64,1114015,19,1.7
2020,21,2020-05-17,2020-05-23,2022-09-22,65+,858698,142,16.5
2020,21,2020-05-17,2020-05-23,2022-09-22,Total,5562663,163,2.9
2020,22,2020-05-24,2020-05-30,2022-09-22,0-4,351664,0,0
2020,22,2020-05-24,2020-05-30,2022-09-22,12-17,433734,0,0
2020,22,2020-05-24,2020-05-30,2022-09-22,18-49,2294817,7,0.3
2020,22,2020-05-24,2020-05-30,2022-09-22,5-11,509735,0,0
2020,22,2020-05-24,2020-05-30,2022-09-22,50-64,1114015,12,1.1
2020,22,2020-05-24,2020-05-30,2022-09-22,65+,858698,139,16.2
2020,22,2020-05-24,2020-05-30,2022-09-22,Total,5562663,158,2.8
2020,23,2020-05-31,2020-06-06,2022-09-22,0-4,351664,0,0
2020,23,2020-05-31,2020-06-06,2022-09-22,12-17,433734,0,0
2020,23,2020-05-31,2020-06-06,2022-09-22,18-49,2294817,5,0.2
2020,23,2020-05-31,2020-06-06,2022-09-22,5-11,509735,0,0
2020,23,2020-05-31,2020-06-06,2022-09-22,50-64,1114015,8,0.7
2020,23,2020-05-31,2020-06-06,2022-09-22,65+,858698,132,15.4
2020,23,2020-05-31,2020-06-06,2022-09-22,Total,5562663,145,2.6
2020,24,2020-06-07,2020-06-13,2022-09-22,0-4,351664,0,0
2020,24,2020-06-07,2020-06-13,2022-09-22,12-17,433734,0,0
2020,24,2020-06-07,2020-06-13,2022-09-22,18-49,2294817,1,0
2020,24,2020-06-07,2020-06-13,2022-09-22,5-11,509735,0,0
2020,24,2020-06-07,2020-06-13,2022-09-22,50-64,1114015,13,1.2
2020,24,2020-06-07,2020-06-13,2022-09-22,65+,858698,79,9.2
2020,24,2020-06-07,2020-06-13,2022-09-22,Total,5562663,93,1.7
2020,25,2020-06-14,2020-06-20,2022-09-22,0-4,351664,0,0
2020,25,2020-06-14,2020-06-20,2022-09-22,12-17,433734,0,0
2020,25,2020-06-14,2020-06-20,2022-09-22,18-49,2294817,3,0.1
2020,25,2020-06-14,2020-06-20,2022-09-22,5-11,509735,0,0
2020,25,2020-06-14,2020-06-20,2022-09-22,50-64,1114015,12,1.1
2020,25,2020-06-14,2020-06-20,2022-09-22,65+,858698,59,6.9
2020,25,2020-06-14,2020-06-20,2022-09-22,Total,5562663,74,1.3
2020,26,2020-06-21,2020-06-27,2022-09-22,0-4,351664,1,0.3
2020,26,2020-06-21,2020-06-27,2022-09-22,12-17,433734,0,0
2020,26,2020-06-21,2020-06-27,2022-09-22,18-49,2294817,2,0.1
2020,26,2020-06-21,2020-06-27,2022-09-22,5-11,509735,0,0
2020,26,2020-06-21,2020-06-27,2022-09-22,50-64,1114015,7,0.6
2020,26,2020-06-21,2020-06-27,2022-09-22,65+,858698,38,4.4
2020,26,2020-06-21,2020-06-27,2022-09-22,Total,5562663,48,0.9
2020,27,2020-06-28,2020-07-04,2022-09-22,0-4,351664,0,0
2020,27,2020-06-28,2020-07-04,2022-09-22,12-17,433734,0,0
2020,27,2020-06-28,2020-07-04,2022-09-22,18-49,2294817,2,0.1
2020,27,2020-06-28,2020-07-04,2022-09-22,5-11,509735,0,0
2020,27,2020-06-28,2020-07-04,2022-09-22,50-64,1114015,6,0.5
2020,27,2020-06-28,2020-07-04,2022-09-22,65+,858698,33,3.8
2020,27,2020-06-28,2020-07-04,2022-09-22,Total,5562663,41,0.7
2020,28,2020-07-05,2020-07-11,2022-09-22,0-4,351664,0,0
2020,28,2020-07-05,2020-07-11,2022-09-22,12-17,433734,0,0
2020,28,2020-07-05,2020-07-11,2022-09-22,18-49,2294817,2,0.1
2020,28,2020-07-05,2020-07-11,2022-09-22,5-11,509735,0,0
2020,28,2020-07-05,2020-07-11,2022-09-22,50-64,1114015,6,0.5
2020,28,2020-07-05,2020-07-11,2022-09-22,65+,858698,24,2.8
2020,28,2020-07-05,2020-07-11,2022-09-22,Total,5562663,32,0.6
2020,29,2020-07-12,2020-07-18,2022-09-22,0-4,351664,0,0
2020,29,2020-07-12,2020-07-18,2022-09-22,12-17,433734,0,0
2020,29,2020-07-12,2020-07-18,2022-09-22,18-49,2294817,2,0.1
2020,29,2020-07-12,2020-07-18,2022-09-22,5-11,509735,0,0
2020,29,2020-07-12,2020-07-18,2022-09-22,50-64,1114015,6,0.5
2020,29,2020-07-12,2020-07-18,2022-09-22,65+,858698,29,3.4
2020,29,2020-07-12,2020-07-18,2022-09-22,Total,5562663,37,0.7
2020,30,2020-07-19,2020-07-25,2022-09-22,0-4,351664,0,0
2020,30,2020-07-19,2020-07-25,2022-09-22,12-17,433734,0,0
2020,30,2020-07-19,2020-07-25,2022-09-22,18-49,2294817,2,0.1
2020,30,2020-07-19,2020-07-25,2022-09-22,5-11,509735,0,0
2020,30,2020-07-19,2020-07-25,2022-09-22,50-64,1114015,1,0.1
2020,30,2020-07-19,2020-07-25,2022-09-22,65+,858698,32,3.7
2020,30,2020-07-19,2020-07-25,2022-09-22,Total,5562663,35,0.6
2020,31,2020-07-26,2020-08-01,2022-09-22,0-4,351664,0,0
2020,31,2020-07-26,2020-08-01,2022-09-22,12-17,433734,0,0
2020,31,2020-07-26,2020-08-01,2022-09-22,18-49,2294817,5,0.2
2020,31,2020-07-26,2020-08-01,2022-09-22,5-11,509735,0,0
2020,31,2020-07-26,2020-08-01,2022-09-22,50-64,1114015,2,0.2
2020,31,2020-07-26,2020-08-01,2022-09-22,65+,858698,32,3.7
2020,31,2020-07-26,2020-08-01,2022-09-22,Total,5562663,39,0.7
2020,32,2020-08-02,2020-08-08,2022-09-22,0-4,351664,0,0
2020,32,2020-08-02,2020-08-08,2022-09-22,12-17,433734,0,0
2020,32,2020-08-02,2020-08-08,2022-09-22,18-49,2294817,2,0.1
2020,32,2020-08-02,2020-08-08,2022-09-22,5-11,509735,0,0
2020,32,2020-08-02,2020-08-08,2022-09-22,50-64,1114015,9,0.8
2020,32,2020-08-02,2020-08-08,2022-09-22,65+,858698,37,4.3
2020,32,2020-08-02,2020-08-08,2022-09-22,Total,5562663,48,0.9
2020,33,2020-08-09,2020-08-15,2022-09-22,0-4,351664,0,0
2020,33,2020-08-09,2020-08-15,2022-09-22,12-17,433734,0,0
2020,33,2020-08-09,2020-08-15,2022-09-22,18-49,2294817,5,0.2
2020,33,2020-08-09,2020-08-15,2022-09-22,5-11,509735,0,0
2020,33,2020-08-09,2020-08-15,2022-09-22,50-64,1114015,6,0.5
2020,33,2020-08-09,2020-08-15,2022-09-22,65+,858698,45,5.2
2020,33,2020-08-09,2020-08-15,2022-09-22,Total,5562663,56,1
2020,34,2020-08-16,2020-08-22,2022-09-22,0-4,351664,0,0
2020,34,2020-08-16,2020-08-22,2022-09-22,12-17,433734,0,0
2020,34,2020-08-16,2020-08-22,2022-09-22,18-49,2294817,1,0
2020,34,2020-08-16,2020-08-22,2022-09-22,5-11,509735,0,0
2020,34,2020-08-16,2020-08-22,2022-09-22,50-64,1114015,7,0.6
2020,34,2020-08-16,2020-08-22,2022-09-22,65+,858698,56,6.5
2020,34,2020-08-16,2020-08-22,2022-09-22,Total,5562663,64,1.2
2020,35,2020-08-23,2020-08-29,2022-09-22,0-4,351664,0,0
2020,35,2020-08-23,2020-08-29,2022-09-22,12-17,433734,0,0
2020,35,2020-08-23,2020-08-29,2022-09-22,18-49,2294817,0,0
2020,35,2020-08-23,2020-08-29,2022-09-22,5-11,509735,0,0
2020,35,2020-08-23,2020-08-29,2022-09-22,50-64,1114015,8,0.7
2020,35,2020-08-23,2020-08-29,2022-09-22,65+,858698,31,3.6
2020,35,2020-08-23,2020-08-29,2022-09-22,Total,5562663,39,0.7
2020,36,2020-08-30,2020-09-05,2022-09-22,0-4,351664,0,0
2020,36,2020-08-30,2020-09-05,2022-09-22,12-17,433734,0,0
2020,36,2020-08-30,2020-09-05,2022-09-22,18-49,2294817,2,0.1
2020,36,2020-08-30,2020-09-05,2022-09-22,5-11,509735,0,0
2020,36,2020-08-30,2020-09-05,2022-09-22,50-64,1114015,6,0.5
2020,36,2020-08-30,2020-09-05,2022-09-22,65+,858698,37,4.3
2020,36,2020-08-30,2020-09-05,2022-09-22,Total,5562663,45,0.8
2020,37,2020-09-06,2020-09-12,2022-09-22,0-4,351664,0,0
2020,37,2020-09-06,2020-09-12,2022-09-22,12-17,433734,0,0
2020,37,2020-09-06,2020-09-12,2022-09-22,18-49,2294817,1,0
2020,37,2020-09-06,2020-09-12,2022-09-22,5-11,509735,0,0
2020,37,2020-09-06,2020-09-12,2022-09-22,50-64,1114015,6,0.5
2020,37,2020-09-06,2020-09-12,2022-09-22,65+,858698,52,6.1
2020,37,2020-09-06,2020-09-12,2022-09-22,Total,5562663,59,1.1
2020,38,2020-09-13,2020-09-19,2022-09-22,0-4,351664,0,0
2020,38,2020-09-13,2020-09-19,2022-09-22,12-17,433734,0,0
2020,38,2020-09-13,2020-09-19,2022-09-22,18-49,2294817,0,0
2020,38,2020-09-13,2020-09-19,2022-09-22,5-11,509735,0,0
2020,38,2020-09-13,2020-09-19,2022-09-22,50-64,1114015,6,0.5
2020,38,2020-09-13,2020-09-19,2022-09-22,65+,858698,35,4.1
2020,38,2020-09-13,2020-09-19,2022-09-22,Total,5562663,41,0.7
2020,39,2020-09-20,2020-09-26,2022-09-22,0-4,351664,0,0
2020,39,2020-09-20,2020-09-26,2022-09-22,12-17,433734,0,0
2020,39,2020-09-20,2020-09-26,2022-09-22,18-49,2294817,1,0
2020,39,2020-09-20,2020-09-26,2022-09-22,5-11,509735,0,0
2020,39,2020-09-20,2020-09-26,2022-09-22,50-64,1114015,8,0.7
2020,39,2020-09-20,2020-09-26,2022-09-22,65+,858698,53,6.2
2020,39,2020-09-20,2020-09-26,2022-09-22,Total,5562663,62,1.1
2020,40,2020-09-27,2020-10-03,2022-09-22,0-4,351664,0,0
2020,40,2020-09-27,2020-10-03,2022-09-22,12-17,433734,0,0
2020,40,2020-09-27,2020-10-03,2022-09-22,18-49,2294817,1,0
2020,40,2020-09-27,2020-10-03,2022-09-22,5-11,509735,0,0
2020,40,2020-09-27,2020-10-03,2022-09-22,50-64,1114015,10,0.9
2020,40,2020-09-27,2020-10-03,2022-09-22,65+,858698,63,7.3
2020,40,2020-09-27,2020-10-03,2022-09-22,Total,5562663,74,1.3
2020,41,2020-10-04,2020-10-10,2022-09-22,0-4,351664,0,0
2020,41,2020-10-04,2020-10-10,2022-09-22,12-17,433734,0,0
2020,41,2020-10-04,2020-10-10,2022-09-22,18-49,2294817,2,0.1
2020,41,2020-10-04,2020-10-10,2022-09-22,5-11,509735,0,0
2020,41,2020-10-04,2020-10-10,2022-09-22,50-64,1114015,10,0.9
2020,41,2020-10-04,2020-10-10,2022-09-22,65+,858698,79,9.2
2020,41,2020-10-04,2020-10-10,2022-09-22,Total,5562663,91,1.6
2020,42,2020-10-11,2020-10-17,2022-09-22,0-4,351664,0,0
2020,42,2020-10-11,2020-10-17,2022-09-22,12-17,433734,0,0
2020,42,2020-10-11,2020-10-17,2022-09-22,18-49,2294817,0,0
2020,42,2020-10-11,2020-10-17,2022-09-22,5-11,509735,0,0
2020,42,2020-10-11,2020-10-17,2022-09-22,50-64,1114015,12,1.1
2020,42,2020-10-11,2020-10-17,2022-09-22,65+,858698,87,10.1
2020,42,2020-10-11,2020-10-17,2022-09-22,Total,5562663,99,1.8
2020,43,2020-10-18,2020-10-24,2022-09-22,0-4,351664,0,0
2020,43,2020-10-18,2020-10-24,2022-09-22,12-17,433734,0,0
2020,43,2020-10-18,2020-10-24,2022-09-22,18-49,2294817,4,0.2
2020,43,2020-10-18,2020-10-24,2022-09-22,5-11,509735,0,0
2020,43,2020-10-18,2020-10-24,2022-09-22,50-64,1114015,11,1
2020,43,2020-10-18,2020-10-24,2022-09-22,65+,858698,112,13
2020,43,2020-10-18,2020-10-24,2022-09-22,Total,5562663,127,2.3
2020,44,2020-10-25,2020-10-31,2022-09-22,0-4,351664,0,0
2020,44,2020-10-25,2020-10-31,2022-09-22,12-17,433734,0,0
2020,44,2020-10-25,2020-10-31,2022-09-22,18-49,2294817,4,0.2
2020,44,2020-10-25,2020-10-31,2022-09-22,5-11,509735,0,0
2020,44,2020-10-25,2020-10-31,2022-09-22,50-64,1114015,14,1.3
2020,44,2020-10-25,2020-10-31,2022-09-22,65+,858698,146,17
2020,44,2020-10-25,2020-10-31,2022-09-22,Total,5562663,164,2.9
2020,45,2020-11-01,2020-11-07,2022-09-22,0-4,351664,0,0
2020,45,2020-11-01,2020-11-07,2022-09-22,12-17,433734,0,0
2020,45,2020-11-01,2020-11-07,2022-09-22,18-49,2294817,5,0.2
2020,45,2020-11-01,2020-11-07,2022-09-22,5-11,509735,0,0
2020,45,2020-11-01,2020-11-07,2022-09-22,50-64,1114015,9,0.8
2020,45,2020-11-01,2020-11-07,2022-09-22,65+,858698,209,24.3
2020,45,2020-11-01,2020-11-07,2022-09-22,Total,5562663,223,4
2020,46,2020-11-08,2020-11-14,2022-09-22,0-4,351664,0,0
2020,46,2020-11-08,2020-11-14,2022-09-22,12-17,433734,0,0
2020,46,2020-11-08,2020-11-14,2022-09-22,18-49,2294817,4,0.2
2020,46,2020-11-08,2020-11-14,2022-09-22,5-11,509735,0,0
2020,46,2020-11-08,2020-11-14,2022-09-22,50-64,1114015,18,1.6
2020,46,2020-11-08,2020-11-14,2022-09-22,65+,858698,272,31.7
2020,46,2020-11-08,2020-11-14,2022-09-22,Total,5562663,294,5.3
2020,47,2020-11-15,2020-11-21,2022-09-22,0-4,351664,0,0
2020,47,2020-11-15,2020-11-21,2022-09-22,12-17,433734,0,0
2020,47,2020-11-15,2020-11-21,2022-09-22,18-49,2294817,10,0.4
2020,47,2020-11-15,2020-11-21,2022-09-22,5-11,509735,0,0
2020,47,2020-11-15,2020-11-21,2022-09-22,50-64,1114015,25,2.2
2020,47,2020-11-15,2020-11-21,2022-09-22,65+,858698,371,43.2
2020,47,2020-11-15,2020-11-21,2022-09-22,Total,5562663,406,7.3
2020,48,2020-11-22,2020-11-28,2022-09-22,0-4,351664,0,0
2020,48,2020-11-22,2020-11-28,2022-09-22,12-17,433734,0,0
2020,48,2020-11-22,2020-11-28,2022-09-22,18-49,2294817,5,0.2
2020,48,2020-11-22,2020-11-28,2022-09-22,5-11,509735,0,0
2020,48,2020-11-22,2020-11-28,2022-09-22,50-64,1114015,37,3.3
2020,48,2020-11-22,2020-11-28,2022-09-22,65+,858698,410,47.7
2020,48,2020-11-22,2020-11-28,2022-09-22,Total,5562663,452,8.1
2020,49,2020-11-29,2020-12-05,2022-09-22,0-4,351664,0,0
2020,49,2020-11-29,2020-12-05,2022-09-22,12-17,433734,0,0
2020,49,2020-11-29,2020-12-05,2022-09-22,18-49,2294817,5,0.2
2020,49,2020-11-29,2020-12-05,2022-09-22,5-11,509735,0,0
2020,49,2020-11-29,2020-12-05,2022-09-22,50-64,1114015,32,2.9
2020,49,2020-11-29,2020-12-05,2022-09-22,65+,858698,457,53.2
2020,49,2020-11-29,2020-12-05,2022-09-22,Total,5562663,494,8.9
2020,50,2020-12-06,2020-12-12,2022-09-22,0-4,351664,0,0
2020,50,2020-12-06,2020-12-12,2022-09-22,12-17,433734,0,0
2020,50,2020-12-06,2020-12-12,2022-09-22,18-49,2294817,12,0.5
2020,50,2020-12-06,2020-12-12,2022-09-22,5-11,509735,0,0
2020,50,2020-12-06,2020-12-12,2022-09-22,50-64,1114015,32,2.9
2020,50,2020-12-06,2020-12-12,2022-09-22,65+,858698,458,53.3
2020,50,2020-12-06,2020-12-12,2022-09-22,Total,5562663,502,9
2020,51,2020-12-13,2020-12-19,2022-09-22,0-4,351664,0,0
2020,51,2020-12-13,2020-12-19,2022-09-22,12-17,433734,0,0
2020,51,2020-12-13,2020-12-19,2022-09-22,18-49,2294817,4,0.2
2020,51,2020-12-13,2020-12-19,2022-09-22,5-11,509735,0,0
2020,51,2020-12-13,2020-12-19,2022-09-22,50-64,1114015,30,2.7
2020,51,2020-12-13,2020-12-19,2022-09-22,65+,858698,379,44.1
2020,51,2020-12-13,2020-12-19,2022-09-22,Total,5562663,413,7.4
2020,52,2020-12-20,2020-12-26,2022-09-22,0-4,351664,0,0
2020,52,2020-12-20,2020-12-26,2022-09-22,12-17,433734,0,0
2020,52,2020-12-20,2020-12-26,2022-09-22,18-49,2294817,8,0.3
2020,52,2020-12-20,2020-12-26,2022-09-22,5-11,509735,0,0
2020,52,2020-12-20,2020-12-26,2022-09-22,50-64,1114015,23,2.1
2020,52,2020-12-20,2020-12-26,2022-09-22,65+,858698,297,34.6
2020,52,2020-12-20,2020-12-26,2022-09-22,Total,5562663,328,5.9
2020,53,2020-12-27,2021-01-02,2022-09-22,0-4,351664,0,0
2020,53,2020-12-27,2021-01-02,2022-09-22,12-17,433734,0,0
2020,53,2020-12-27,2021-01-02,2022-09-22,18-49,2294817,7,0.3
2020,53,2020-12-27,2021-01-02,2022-09-22,5-11,509735,0,0
2020,53,2020-12-27,2021-01-02,2022-09-22,50-64,1114015,21,1.9
2020,53,2020-12-27,2021-01-02,2022-09-22,65+,858698,244,28.4
2020,53,2020-12-27,2021-01-02,2022-09-22,Total,5562663,272,4.9
2021,1,2021-01-03,2021-01-09,2022-09-22,0-4,351664,0,0
2021,1,2021-01-03,2021-01-09,2022-09-22,12-17,433734,0,0
2021,1,2021-01-03,2021-01-09,2022-09-22,18-49,2294817,6,0.3
2021,1,2021-01-03,2021-01-09,2022-09-22,5-11,509735,0,0
2021,1,2021-01-03,2021-01-09,2022-09-22,50-64,1114015,15,1.3
2021,1,2021-01-03,2021-01-09,2022-09-22,65+,858698,215,25
2021,1,2021-01-03,2021-01-09,2022-09-22,Total,5562663,236,4.2
2021,2,2021-01-10,2021-01-16,2022-09-22,0-4,351664,0,0
2021,2,2021-01-10,2021-01-16,2022-09-22,12-17,433734,0,0
2021,2,2021-01-10,2021-01-16,2022-09-22,18-49,2294817,5,0.2
2021,2,2021-01-10,2021-01-16,2022-09-22,5-11,509735,0,0
2021,2,2021-01-10,2021-01-16,2022-09-22,50-64,1114015,23,2.1
2021,2,2021-01-10,2021-01-16,2022-09-22,65+,858698,182,21.2
2021,2,2021-01-10,2021-01-16,2022-09-22,Total,5562663,210,3.8
2021,3,2021-01-17,2021-01-23,2022-09-22,0-4,351664,0,0
2021,3,2021-01-17,2021-01-23,2022-09-22,12-17,433734,0,0
2021,3,2021-01-17,2021-01-23,2022-09-22,18-49,2294817,2,0.1
2021,3,2021-01-17,2021-01-23,2022-09-22,5-11,509735,0,0
2021,3,2021-01-17,2021-01-23,2022-09-22,50-64,1114015,9,0.8
2021,3,2021-01-17,2021-01-23,2022-09-22,65+,858698,115,13.4
2021,3,2021-01-17,2021-01-23,2022-09-22,Total,5562663,126,2.3
2021,4,2021-01-24,2021-01-30,2022-09-22,0-4,351664,0,0
2021,4,2021-01-24,2021-01-30,2022-09-22,12-17,433734,0,0
2021,4,2021-01-24,2021-01-30,2022-09-22,18-49,2294817,3,0.1
2021,4,2021-01-24,2021-01-30,2022-09-22,5-11,509735,0,0
2021,4,2021-01-24,2021-01-30,2022-09-22,50-64,1114015,7,0.6
2021,4,2021-01-24,2021-01-30,2022-09-22,65+,858698,105,12.2
2021,4,2021-01-24,2021-01-30,2022-09-22,Total,5562663,115,2.1
2021,5,2021-01-31,2021-02-06,2022-09-22,0-4,351664,0,0
2021,5,2021-01-31,2021-02-06,2022-09-22,12-17,433734,0,0
2021,5,2021-01-31,2021-02-06,2022-09-22,18-49,2294817,2,0.1
2021,5,2021-01-31,2021-02-06,2022-09-22,5-11,509735,1,0.2
2021,5,2021-01-31,2021-02-06,2022-09-22,50-64,1114015,7,0.6
2021,5,2021-01-31,2021-02-06,2022-09-22,65+,858698,79,9.2
2021,5,2021-01-31,2021-02-06,2022-09-22,Total,5562663,89,1.6
2021,6,2021-02-07,2021-02-13,2022-09-22,0-4,351664,0,0
2021,6,2021-02-07,2021-02-13,2022-09-22,12-17,433734,0,0
2021,6,2021-02-07,2021-02-13,2022-09-22,18-49,2294817,5,0.2
2021,6,2021-02-07,2021-02-13,2022-09-22,5-11,509735,0,0
2021,6,2021-02-07,2021-02-13,2022-09-22,50-64,1114015,7,0.6
2021,6,2021-02-07,2021-02-13,2022-09-22,65+,858698,75,8.7
2021,6,2021-02-07,2021-02-13,2022-09-22,Total,5562663,87,1.6
2021,7,2021-02-14,2021-02-20,2022-09-22,0-4,351664,0,0
2021,7,2021-02-14,2021-02-20,2022-09-22,12-17,433734,0,0
2021,7,2021-02-14,2021-02-20,2022-09-22,18-49,2294817,1,0
2021,7,2021-02-14,2021-02-20,2022-09-22,5-11,509735,0,0
2021,7,2021-02-14,2021-02-20,2022-09-22,50-64,1114015,6,0.5
2021,7,2021-02-14,2021-02-20,2022-09-22,65+,858698,54,6.3
2021,7,2021-02-14,2021-02-20,2022-09-22,Total,5562663,61,1.1
2021,8,2021-02-21,2021-02-27,2022-09-22,0-4,351664,0,0
2021,8,2021-02-21,2021-02-27,2022-09-22,12-17,433734,0,0
2021,8,2021-02-21,2021-02-27,2022-09-22,18-49,2294817,1,0
2021,8,2021-02-21,2021-02-27,2022-09-22,5-11,509735,0,0
2021,8,2021-02-21,2021-02-27,2022-09-22,50-64,1114015,4,0.4
2021,8,2021-02-21,2021-02-27,2022-09-22,65+,858698,36,4.2
2021,8,2021-02-21,2021-02-27,2022-09-22,Total,5562663,41,0.7
2021,9,2021-02-28,2021-03-06,2022-09-22,0-4,351664,0,0
2021,9,2021-02-28,2021-03-06,2022-09-22,12-17,433734,0,0
2021,9,2021-02-28,2021-03-06,2022-09-22,18-49,2294817,2,0.1
2021,9,2021-02-28,2021-03-06,2022-09-22,5-11,509735,0,0
2021,9,2021-02-28,2021-03-06,2022-09-22,50-64,1114015,5,0.4
2021,9,2021-02-28,2021-03-06,2022-09-22,65+,858698,42,4.9
2021,9,2021-02-28,2021-03-06,2022-09-22,Total,5562663,49,0.9
2021,10,2021-03-07,2021-03-13,2022-09-22,0-4,351664,0,0
2021,10,2021-03-07,2021-03-13,2022-09-22,12-17,433734,0,0
2021,10,2021-03-07,2021-03-13,2022-09-22,18-49,2294817,3,0.1
2021,10,2021-03-07,2021-03-13,2022-09-22,5-11,509735,0,0
2021,10,2021-03-07,2021-03-13,2022-09-22,50-64,1114015,9,0.8
2021,10,2021-03-07,2021-03-13,2022-09-22,65+,858698,34,4
2021,10,2021-03-07,2021-03-13,2022-09-22,Total,5562663,46,0.8
2021,11,2021-03-14,2021-03-20,2022-09-22,0-4,351664,0,0
2021,11,2021-03-14,2021-03-20,2022-09-22,12-17,433734,0,0
2021,11,2021-03-14,2021-03-20,2022-09-22,18-49,2294817,1,0
2021,11,2021-03-14,2021-03-20,2022-09-22,5-11,509735,0,0
2021,11,2021-03-14,2021-03-20,2022-09-22,50-64,1114015,5,0.4
2021,11,2021-03-14,2021-03-20,2022-09-22,65+,858698,30,3.5
2021,11,2021-03-14,2021-03-20,2022-09-22,Total,5562663,36,0.6
2021,12,2021-03-21,2021-03-27,2022-09-22,0-4,351664,0,0
2021,12,2021-03-21,2021-03-27,2022-09-22,12-17,433734,0,0
2021,12,2021-03-21,2021-03-27,2022-09-22,18-49,2294817,1,0
2021,12,2021-03-21,2021-03-27,2022-09-22,5-11,509735,0,0
2021,12,2021-03-21,2021-03-27,2022-09-22,50-64,1114015,6,0.5
2021,12,2021-03-21,2021-03-27,2022-09-22,65+,858698,23,2.7
2021,12,2021-03-21,2021-03-27,2022-09-22,Total,5562663,30,0.5
2021,13,2021-03-28,2021-04-03,2022-09-22,0-4,351664,0,0
2021,13,2021-03-28,2021-04-03,2022-09-22,12-17,433734,0,0
2021,13,2021-03-28,2021-04-03,2022-09-22,18-49,2294817,1,0
2021,13,2021-03-28,2021-04-03,2022-09-22,5-11,509735,0,0
2021,13,2021-03-28,2021-04-03,2022-09-22,50-64,1114015,9,0.8
2021,13,2021-03-28,2021-04-03,2022-09-22,65+,858698,38,4.4
2021,13,2021-03-28,2021-04-03,2022-09-22,Total,5562663,48,0.9
2021,14,2021-04-04,2021-04-10,2022-09-22,0-4,351664,0,0
2021,14,2021-04-04,2021-04-10,2022-09-22,12-17,433734,0,0
2021,14,2021-04-04,2021-04-10,2022-09-22,18-49,2294817,2,0.1
2021,14,2021-04-04,2021-04-10,2022-09-22,5-11,509735,0,0
2021,14,2021-04-04,2021-04-10,2022-09-22,50-64,1114015,13,1.2
2021,14,2021-04-04,2021-04-10,2022-09-22,65+,858698,36,4.2
2021,14,2021-04-04,2021-04-10,2022-09-22,Total,5562663,51,0.9
2021,15,2021-04-11,2021-04-17,2022-09-22,0-4,351664,0,0
2021,15,2021-04-11,2021-04-17,2022-09-22,12-17,433734,0,0
2021,15,2021-04-11,2021-04-17,2022-09-22,18-49,2294817,7,0.3
2021,15,2021-04-11,2021-04-17,2022-09-22,5-11,509735,0,0
2021,15,2021-04-11,2021-04-17,2022-09-22,50-64,1114015,17,1.5
2021,15,2021-04-11,2021-04-17,2022-09-22,65+,858698,39,4.5
2021,15,2021-04-11,2021-04-17,2022-09-22,Total,5562663,63,1.1
2021,16,2021-04-18,2021-04-24,2022-09-22,0-4,351664,0,0
2021,16,2021-04-18,2021-04-24,2022-09-22,12-17,433734,0,0
2021,16,2021-04-18,2021-04-24,2022-09-22,18-49,2294817,6,0.3
2021,16,2021-04-18,2021-04-24,2022-09-22,5-11,509735,0,0
2021,16,2021-04-18,2021-04-24,2022-09-22,50-64,1114015,13,1.2
2021,16,2021-04-18,2021-04-24,2022-09-22,65+,858698,41,4.8
2021,16,2021-04-18,2021-04-24,2022-09-22,Total,5562663,60,1.1
2021,17,2021-04-25,2021-05-01,2022-09-22,0-4,351664,0,0
2021,17,2021-04-25,2021-05-01,2022-09-22,12-17,433734,0,0
2021,17,2021-04-25,2021-05-01,2022-09-22,18-49,2294817,4,0.2
2021,17,2021-04-25,2021-05-01,2022-09-22,5-11,509735,1,0.2
2021,17,2021-04-25,2021-05-01,2022-09-22,50-64,1114015,22,2
2021,17,2021-04-25,2021-05-01,2022-09-22,65+,858698,50,5.8
2021,17,2021-04-25,2021-05-01,2022-09-22,Total,5562663,77,1.4
2021,18,2021-05-02,2021-05-08,2022-09-22,0-4,351664,0,0
2021,18,2021-05-02,2021-05-08,2022-09-22,12-17,433734,0,0
2021,18,2021-05-02,2021-05-08,2022-09-22,18-49,2294817,5,0.2
2021,18,2021-05-02,2021-05-08,2022-09-22,5-11,509735,0,0
2021,18,2021-05-02,2021-05-08,2022-09-22,50-64,1114015,17,1.5
2021,18,2021-05-02,2021-05-08,2022-09-22,65+,858698,33,3.8
2021,18,2021-05-02,2021-05-08,2022-09-22,Total,5562663,55,1
2021,19,2021-05-09,2021-05-15,2022-09-22,0-4,351664,0,0
2021,19,2021-05-09,2021-05-15,2022-09-22,12-17,433734,0,0
2021,19,2021-05-09,2021-05-15,2022-09-22,18-49,2294817,3,0.1
2021,19,2021-05-09,2021-05-15,2022-09-22,5-11,509735,0,0
2021,19,2021-05-09,2021-05-15,2022-09-22,50-64,1114015,9,0.8
2021,19,2021-05-09,2021-05-15,2022-09-22,65+,858698,50,5.8
2021,19,2021-05-09,2021-05-15,2022-09-22,Total,5562663,62,1.1
2021,20,2021-05-16,2021-05-22,2022-09-22,0-4,351664,0,0
2021,20,2021-05-16,2021-05-22,2022-09-22,12-17,433734,0,0
2021,20,2021-05-16,2021-05-22,2022-09-22,18-49,2294817,2,0.1
2021,20,2021-05-16,2021-05-22,2022-09-22,5-11,509735,0,0
2021,20,2021-05-16,2021-05-22,2022-09-22,50-64,1114015,11,1
2021,20,2021-05-16,2021-05-22,2022-09-22,65+,858698,32,3.7
2021,20,2021-05-16,2021-05-22,2022-09-22,Total,5562663,45,0.8
2021,21,2021-05-23,2021-05-29,2022-09-22,0-4,351664,0,0
2021,21,2021-05-23,2021-05-29,2022-09-22,12-17,433734,0,0
2021,21,2021-05-23,2021-05-29,2022-09-22,18-49,2294817,3,0.1
2021,21,2021-05-23,2021-05-29,2022-09-22,5-11,509735,0,0
2021,21,2021-05-23,2021-05-29,2022-09-22,50-64,1114015,10,0.9
2021,21,2021-05-23,2021-05-29,2022-09-22,65+,858698,21,2.4
2021,21,2021-05-23,2021-05-29,2022-09-22,Total,5562663,34,0.6
2021,22,2021-05-30,2021-06-05,2022-09-22,0-4,351664,0,0
2021,22,2021-05-30,2021-06-05,2022-09-22,12-17,433734,0,0
2021,22,2021-05-30,2021-06-05,2022-09-22,18-49,2294817,4,0.2
2021,22,2021-05-30,2021-06-05,2022-09-22,5-11,509735,0,0
2021,22,2021-05-30,2021-06-05,2022-09-22,50-64,1114015,6,0.5
2021,22,2021-05-30,2021-06-05,2022-09-22,65+,858698,20,2.3
2021,22,2021-05-30,2021-06-05,2022-09-22,Total,5562663,30,0.5
2021,23,2021-06-06,2021-06-12,2022-09-22,0-4,351664,0,0
2021,23,2021-06-06,2021-06-12,2022-09-22,12-17,433734,0,0
2021,23,2021-06-06,2021-06-12,2022-09-22,18-49,2294817,4,0.2
2021,23,2021-06-06,2021-06-12,2022-09-22,5-11,509735,0,0
2021,23,2021-06-06,2021-06-12,2022-09-22,50-64,1114015,9,0.8
2021,23,2021-06-06,2021-06-12,2022-09-22,65+,858698,22,2.6
2021,23,2021-06-06,2021-06-12,2022-09-22,Total,5562663,35,0.6
2021,24,2021-06-13,2021-06-19,2022-09-22,0-4,351664,0,0
2021,24,2021-06-13,2021-06-19,2022-09-22,12-17,433734,0,0
2021,24,2021-06-13,2021-06-19,2022-09-22,18-49,2294817,2,0.1
2021,24,2021-06-13,2021-06-19,2022-09-22,5-11,509735,0,0
2021,24,2021-06-13,2021-06-19,2022-09-22,50-64,1114015,9,0.8
2021,24,2021-06-13,2021-06-19,2022-09-22,65+,858698,11,1.3
2021,24,2021-06-13,2021-06-19,2022-09-22,Total,5562663,22,0.4
2021,25,2021-06-20,2021-06-26,2022-09-22,0-4,351664,0,0
2021,25,2021-06-20,2021-06-26,2022-09-22,12-17,433734,0,0
2021,25,2021-06-20,2021-06-26,2022-09-22,18-49,2294817,1,0
2021,25,2021-06-20,2021-06-26,2022-09-22,5-11,509735,0,0
2021,25,2021-06-20,2021-06-26,2022-09-22,50-64,1114015,5,0.4
2021,25,2021-06-20,2021-06-26,2022-09-22,65+,858698,17,2
2021,25,2021-06-20,2021-06-26,2022-09-22,Total,5562663,23,0.4
2021,26,2021-06-27,2021-07-03,2022-09-22,0-4,351664,0,0
2021,26,2021-06-27,2021-07-03,2022-09-22,12-17,433734,0,0
2021,26,2021-06-27,2021-07-03,2022-09-22,18-49,2294817,0,0
2021,26,2021-06-27,2021-07-03,2022-09-22,5-11,509735,0,0
2021,26,2021-06-27,2021-07-03,2022-09-22,50-64,1114015,4,0.4
2021,26,2021-06-27,2021-07-03,2022-09-22,65+,858698,8,0.9
2021,26,2021-06-27,2021-07-03,2022-09-22,Total,5562663,12,0.2
2021,27,2021-07-04,2021-07-10,2022-09-22,0-4,351664,0,0
2021,27,2021-07-04,2021-07-10,2022-09-22,12-17,433734,0,0
2021,27,2021-07-04,2021-07-10,2022-09-22,18-49,2294817,2,0.1
2021,27,2021-07-04,2021-07-10,2022-09-22,5-11,509735,0,0
2021,27,2021-07-04,2021-07-10,2022-09-22,50-64,1114015,3,0.3
2021,27,2021-07-04,2021-07-10,2022-09-22,65+,858698,8,0.9
2021,27,2021-07-04,2021-07-10,2022-09-22,Total,5562663,13,0.2
2021,28,2021-07-11,2021-07-17,2022-09-22,0-4,351664,0,0
2021,28,2021-07-11,2021-07-17,2022-09-22,12-17,433734,0,0
2021,28,2021-07-11,2021-07-17,2022-09-22,18-49,2294817,2,0.1
2021,28,2021-07-11,2021-07-17,2022-09-22,5-11,509735,0,0
2021,28,2021-07-11,2021-07-17,2022-09-22,50-64,1114015,0,0
2021,28,2021-07-11,2021-07-17,2022-09-22,65+,858698,10,1.2
2021,28,2021-07-11,2021-07-17,2022-09-22,Total,5562663,12,0.2
2021,29,2021-07-18,2021-07-24,2022-09-22,0-4,351664,0,0
2021,29,2021-07-18,2021-07-24,2022-09-22,12-17,433734,0,0
2021,29,2021-07-18,2021-07-24,2022-09-22,18-49,2294817,1,0
2021,29,2021-07-18,2021-07-24,2022-09-22,5-11,509735,0,0
2021,29,2021-07-18,2021-07-24,2022-09-22,50-64,1114015,0,0
2021,29,2021-07-18,2021-07-24,2022-09-22,65+,858698,9,1
2021,29,2021-07-18,2021-07-24,2022-09-22,Total,5562663,10,0.2
2021,30,2021-07-25,2021-07-31,2022-09-22,0-4,351664,0,0
2021,30,2021-07-25,2021-07-31,2022-09-22,12-17,433734,0,0
2021,30,2021-07-25,2021-07-31,2022-09-22,18-49,2294817,1,0
2021,30,2021-07-25,2021-07-31,2022-09-22,5-11,509735,0,0
2021,30,2021-07-25,2021-07-31,2022-09-22,50-64,1114015,0,0
2021,30,2021-07-25,2021-07-31,2022-09-22,65+,858698,18,2.1
2021,30,2021-07-25,2021-07-31,2022-09-22,Total,5562663,19,0.3
2021,31,2021-08-01,2021-08-07,2022-09-22,0-4,351664,0,0
2021,31,2021-08-01,2021-08-07,2022-09-22,12-17,433734,0,0
2021,31,2021-08-01,2021-08-07,2022-09-22,18-49,2294817,2,0.1
2021,31,2021-08-01,2021-08-07,2022-09-22,5-11,509735,0,0
2021,31,2021-08-01,2021-08-07,2022-09-22,50-64,1114015,2,0.2
2021,31,2021-08-01,2021-08-07,2022-09-22,65+,858698,18,2.1
2021,31,2021-08-01,2021-08-07,2022-09-22,Total,5562663,22,0.4
2021,32,2021-08-08,2021-08-14,2022-09-22,0-4,351664,0,0
2021,32,2021-08-08,2021-08-14,2022-09-22,12-17,433734,0,0
2021,32,2021-08-08,2021-08-14,2022-09-22,18-49,2294817,1,0
2021,32,2021-08-08,2021-08-14,2022-09-22,5-11,509735,0,0
2021,32,2021-08-08,2021-08-14,2022-09-22,50-64,1114015,4,0.4
2021,32,2021-08-08,2021-08-14,2022-09-22,65+,858698,23,2.7
2021,32,2021-08-08,2021-08-14,2022-09-22,Total,5562663,28,0.5
2021,33,2021-08-15,2021-08-21,2022-09-22,0-4,351664,0,0
2021,33,2021-08-15,2021-08-21,2022-09-22,12-17,433734,0,0
2021,33,2021-08-15,2021-08-21,2022-09-22,18-49,2294817,1,0
2021,33,2021-08-15,2021-08-21,2022-09-22,5-11,509735,0,0
2021,33,2021-08-15,2021-08-21,2022-09-22,50-64,1114015,9,0.8
2021,33,2021-08-15,2021-08-21,2022-09-22,65+,858698,23,2.7
2021,33,2021-08-15,2021-08-21,2022-09-22,Total,5562663,33,0.6
2021,34,2021-08-22,2021-08-28,2022-09-22,0-4,351664,0,0
2021,34,2021-08-22,2021-08-28,2022-09-22,12-17,433734,0,0
2021,34,2021-08-22,2021-08-28,2022-09-22,18-49,2294817,1,0
2021,34,2021-08-22,2021-08-28,2022-09-22,5-11,509735,0,0
2021,34,2021-08-22,2021-08-28,2022-09-22,50-64,1114015,11,1
2021,34,2021-08-22,2021-08-28,2022-09-22,65+,858698,38,4.4
2021,34,2021-08-22,2021-08-28,2022-09-22,Total,5562663,50,0.9
2021,35,2021-08-29,2021-09-04,2022-09-22,0-4,351664,0,0
2021,35,2021-08-29,2021-09-04,2022-09-22,12-17,433734,0,0
2021,35,2021-08-29,2021-09-04,2022-09-22,18-49,2294817,8,0.3
2021,35,2021-08-29,2021-09-04,2022-09-22,5-11,509735,0,0
2021,35,2021-08-29,2021-09-04,2022-09-22,50-64,1114015,15,1.3
2021,35,2021-08-29,2021-09-04,2022-09-22,65+,858698,34,4
2021,35,2021-08-29,2021-09-04,2022-09-22,Total,5562663,57,1
2021,36,2021-09-05,2021-09-11,2022-09-22,0-4,351664,0,0
2021,36,2021-09-05,2021-09-11,2022-09-22,12-17,433734,0,0
2021,36,2021-09-05,2021-09-11,2022-09-22,18-49,2294817,7,0.3
2021,36,2021-09-05,2021-09-11,2022-09-22,5-11,509735,0,0
2021,36,2021-09-05,2021-09-11,2022-09-22,50-64,1114015,14,1.3
2021,36,2021-09-05,2021-09-11,2022-09-22,65+,858698,46,5.4
2021,36,2021-09-05,2021-09-11,2022-09-22,Total,5562663,67,1.2
2021,37,2021-09-12,2021-09-18,2022-09-22,0-4,351664,0,0
2021,37,2021-09-12,2021-09-18,2022-09-22,12-17,433734,0,0
2021,37,2021-09-12,2021-09-18,2022-09-22,18-49,2294817,5,0.2
2021,37,2021-09-12,2021-09-18,2022-09-22,5-11,509735,0,0
2021,37,2021-09-12,2021-09-18,2022-09-22,50-64,1114015,12,1.1
2021,37,2021-09-12,2021-09-18,2022-09-22,65+,858698,65,7.6
2021,37,2021-09-12,2021-09-18,2022-09-22,Total,5562663,82,1.5
2021,38,2021-09-19,2021-09-25,2022-09-22,0-4,351664,0,0
2021,38,2021-09-19,2021-09-25,2022-09-22,12-17,433734,0,0
2021,38,2021-09-19,2021-09-25,2022-09-22,18-49,2294817,6,0.3
2021,38,2021-09-19,2021-09-25,2022-09-22,5-11,509735,0,0
2021,38,2021-09-19,2021-09-25,2022-09-22,50-64,1114015,18,1.6
2021,38,2021-09-19,2021-09-25,2022-09-22,65+,858698,78,9.1
2021,38,2021-09-19,2021-09-25,2022-09-22,Total,5562663,102,1.8
2021,39,2021-09-26,2021-10-02,2022-09-22,0-4,351664,0,0
2021,39,2021-09-26,2021-10-02,2022-09-22,12-17,433734,0,0
2021,39,2021-09-26,2021-10-02,2022-09-22,18-49,2294817,10,0.4
2021,39,2021-09-26,2021-10-02,2022-09-22,5-11,509735,0,0
2021,39,2021-09-26,2021-10-02,2022-09-22,50-64,1114015,28,2.5
2021,39,2021-09-26,2021-10-02,2022-09-22,65+,858698,69,8
2021,39,2021-09-26,2021-10-02,2022-09-22,Total,5562663,107,1.9
2021,40,2021-10-03,2021-10-09,2022-09-22,0-4,351664,0,0
2021,40,2021-10-03,2021-10-09,2022-09-22,12-17,433734,0,0
2021,40,2021-10-03,2021-10-09,2022-09-22,18-49,2294817,8,0.3
2021,40,2021-10-03,2021-10-09,2022-09-22,5-11,509735,0,0
2021,40,2021-10-03,2021-10-09,2022-09-22,50-64,1114015,34,3.1
2021,40,2021-10-03,2021-10-09,2022-09-22,65+,858698,96,11.2
2021,40,2021-10-03,2021-10-09,2022-09-22,Total,5562663,138,2.5
2021,41,2021-10-10,2021-10-16,2022-09-22,0-4,351664,0,0
2021,41,2021-10-10,2021-10-16,2022-09-22,12-17,433734,0,0
2021,41,2021-10-10,2021-10-16,2022-09-22,18-49,2294817,7,0.3
2021,41,2021-10-10,2021-10-16,2022-09-22,5-11,509735,0,0
2021,41,2021-10-10,2021-10-16,2022-09-22,50-64,1114015,23,2.1
2021,41,2021-10-10,2021-10-16,2022-09-22,65+,858698,97,11.3
2021,41,2021-10-10,2021-10-16,2022-09-22,Total,5562663,127,2.3
2021,42,2021-10-17,2021-10-23,2022-09-22,0-4,351664,0,0
2021,42,2021-10-17,2021-10-23,2022-09-22,12-17,433734,1,0.2
2021,42,2021-10-17,2021-10-23,2022-09-22,18-49,2294817,12,0.5
2021,42,2021-10-17,2021-10-23,2022-09-22,5-11,509735,0,0
2021,42,2021-10-17,2021-10-23,2022-09-22,50-64,1114015,21,1.9
2021,42,2021-10-17,2021-10-23,2022-09-22,65+,858698,102,11.9
2021,42,2021-10-17,2021-10-23,2022-09-22,Total,5562663,136,2.4
2021,43,2021-10-24,2021-10-30,2022-09-22,0-4,351664,0,0
2021,43,2021-10-24,2021-10-30,2022-09-22,12-17,433734,1,0.2
2021,43,2021-10-24,2021-10-30,2022-09-22,18-49,2294817,12,0.5
2021,43,2021-10-24,2021-10-30,2022-09-22,5-11,509735,0,0
2021,43,2021-10-24,2021-10-30,2022-09-22,50-64,1114015,23,2.1
2021,43,2021-10-24,2021-10-30,2022-09-22,65+,858698,112,13
2021,43,2021-10-24,2021-10-30,2022-09-22,Total,5562663,148,2.7
2021,44,2021-10-31,2021-11-06,2022-09-22,0-4,351664,0,0
2021,44,2021-10-31,2021-11-06,2022-09-22,12-17,433734,0,0
2021,44,2021-10-31,2021-11-06,2022-09-22,18-49,2294817,12,0.5
2021,44,2021-10-31,2021-11-06,2022-09-22,5-11,509735,0,0
2021,44,2021-10-31,2021-11-06,2022-09-22,50-64,1114015,33,3
2021,44,2021-10-31,2021-11-06,2022-09-22,65+,858698,120,14
2021,44,2021-10-31,2021-11-06,2022-09-22,Total,5562663,165,3
2021,45,2021-11-07,2021-11-13,2022-09-22,0-4,351664,0,0
2021,45,2021-11-07,2021-11-13,2022-09-22,12-17,433734,0,0
2021,45,2021-11-07,2021-11-13,2022-09-22,18-49,2294817,12,0.5
2021,45,2021-11-07,2021-11-13,2022-09-22,5-11,509735,0,0
2021,45,2021-11-07,2021-11-13,2022-09-22,50-64,1114015,40,3.6
2021,45,2021-11-07,2021-11-13,2022-09-22,65+,858698,124,14.4
2021,45,2021-11-07,2021-11-13,2022-09-22,Total,5562663,176,3.2
2021,46,2021-11-14,2021-11-20,2022-09-22,0-4,351664,0,0
2021,46,2021-11-14,2021-11-20,2022-09-22,12-17,433734,0,0
2021,46,2021-11-14,2021-11-20,2022-09-22,18-49,2294817,9,0.4
2021,46,2021-11-14,2021-11-20,2022-09-22,5-11,509735,0,0
2021,46,2021-11-14,2021-11-20,2022-09-22,50-64,1114015,46,4.1
2021,46,2021-11-14,2021-11-20,2022-09-22,65+,858698,161,18.7
2021,46,2021-11-14,2021-11-20,2022-09-22,Total,5562663,216,3.9
2021,47,2021-11-21,2021-11-27,2022-09-22,0-4,351664,0,0
2021,47,2021-11-21,2021-11-27,2022-09-22,12-17,433734,0,0
2021,47,2021-11-21,2021-11-27,2022-09-22,18-49,2294817,17,0.7
2021,47,2021-11-21,2021-11-27,2022-09-22,5-11,509735,0,0
2021,47,2021-11-21,2021-11-27,2022-09-22,50-64,1114015,54,4.8
2021,47,2021-11-21,2021-11-27,2022-09-22,65+,858698,170,19.8
2021,47,2021-11-21,2021-11-27,2022-09-22,Total,5562663,241,4.3
2021,48,2021-11-28,2021-12-04,2022-09-22,0-4,351664,0,0
2021,48,2021-11-28,2021-12-04,2022-09-22,12-17,433734,1,0.2
2021,48,2021-11-28,2021-12-04,2022-09-22,18-49,2294817,15,0.7
2021,48,2021-11-28,2021-12-04,2022-09-22,5-11,509735,0,0
2021,48,2021-11-28,2021-12-04,2022-09-22,50-64,1114015,45,4
2021,48,2021-11-28,2021-12-04,2022-09-22,65+,858698,198,23.1
2021,48,2021-11-28,2021-12-04,2022-09-22,Total,5562663,259,4.7
2021,49,2021-12-05,2021-12-11,2022-09-22,0-4,351664,0,0
2021,49,2021-12-05,2021-12-11,2022-09-22,12-17,433734,0,0
2021,49,2021-12-05,2021-12-11,2022-09-22,18-49,2294817,22,1
2021,49,2021-12-05,2021-12-11,2022-09-22,5-11,509735,0,0
2021,49,2021-12-05,2021-12-11,2022-09-22,50-64,1114015,65,5.8
2021,49,2021-12-05,2021-12-11,2022-09-22,65+,858698,170,19.8
2021,49,2021-12-05,2021-12-11,2022-09-22,Total,5562663,257,4.6
2021,50,2021-12-12,2021-12-18,2022-09-22,0-4,351664,0,0
2021,50,2021-12-12,2021-12-18,2022-09-22,12-17,433734,0,0
2021,50,2021-12-12,2021-12-18,2022-09-22,18-49,2294817,25,1.1
2021,50,2021-12-12,2021-12-18,2022-09-22,5-11,509735,0,0
2021,50,2021-12-12,2021-12-18,2022-09-22,50-64,1114015,62,5.6
2021,50,2021-12-12,2021-12-18,2022-09-22,65+,858698,168,19.6
2021,50,2021-12-12,2021-12-18,2022-09-22,Total,5562663,255,4.6
2021,51,2021-12-19,2021-12-25,2022-09-22,0-4,351664,0,0
2021,51,2021-12-19,2021-12-25,2022-09-22,12-17,433734,0,0
2021,51,2021-12-19,2021-12-25,2022-09-22,18-49,2294817,19,0.8
2021,51,2021-12-19,2021-12-25,2022-09-22,5-11,509735,0,0
2021,51,2021-12-19,2021-12-25,2022-09-22,50-64,1114015,57,5.1
2021,51,2021-12-19,2021-12-25,2022-09-22,65+,858698,132,15.4
2021,51,2021-12-19,2021-12-25,2022-09-22,Total,5562663,208,3.7
2021,52,2021-12-26,2022-01-01,2022-09-22,0-4,351664,0,0
2021,52,2021-12-26,2022-01-01,2022-09-22,12-17,433734,0,0
2021,52,2021-12-26,2022-01-01,2022-09-22,18-49,2294817,23,1
2021,52,2021-12-26,2022-01-01,2022-09-22,5-11,509735,0,0
2021,52,2021-12-26,2022-01-01,2022-09-22,50-64,1114015,52,4.7
2021,52,2021-12-26,2022-01-01,2022-09-22,65+,858698,154,17.9
2021,52,2021-12-26,2022-01-01,2022-09-22,Total,5562663,229,4.1
2022,1,2022-01-02,2022-01-08,2022-09-22,0-4,351664,0,0
2022,1,2022-01-02,2022-01-08,2022-09-22,12-17,433734,0,0
2022,1,2022-01-02,2022-01-08,2022-09-22,18-49,2294817,22,1
2022,1,2022-01-02,2022-01-08,2022-09-22,5-11,509735,0,0
2022,1,2022-01-02,2022-01-08,2022-09-22,50-64,1114015,51,4.6
2022,1,2022-01-02,2022-01-08,2022-09-22,65+,858698,139,16.2
2022,1,2022-01-02,2022-01-08,2022-09-22,Total,5562663,212,3.8
2022,2,2022-01-09,2022-01-15,2022-09-22,0-4,351664,0,0
2022,2,2022-01-09,2022-01-15,2022-09-22,12-17,433734,0,0
2022,2,2022-01-09,2022-01-15,2022-09-22,18-49,2294817,24,1
2022,2,2022-01-09,2022-01-15,2022-09-22,5-11,509735,0,0
2022,2,2022-01-09,2022-01-15,2022-09-22,50-64,1114015,32,2.9
2022,2,2022-01-09,2022-01-15,2022-09-22,65+,858698,126,14.7
2022,2,2022-01-09,2022-01-15,2022-09-22,Total,5562663,182,3.3
2022,3,2022-01-16,2022-01-22,2022-09-22,0-4,351664,0,0
2022,3,2022-01-16,2022-01-22,2022-09-22,12-17,433734,1,0.2
2022,3,2022-01-16,2022-01-22,2022-09-22,18-49,2294817,11,0.5
2022,3,2022-01-16,2022-01-22,2022-09-22,5-11,509735,0,0
2022,3,2022-01-16,2022-01-22,2022-09-22,50-64,1114015,45,4
2022,3,2022-01-16,2022-01-22,2022-09-22,65+,858698,158,18.4
2022,3,2022-01-16,2022-01-22,2022-09-22,Total,5562663,215,3.9
2022,4,2022-01-23,2022-01-29,2022-09-22,0-4,351664,0,0
2022,4,2022-01-23,2022-01-29,2022-09-22,12-17,433734,0,0
2022,4,2022-01-23,2022-01-29,2022-09-22,18-49,2294817,10,0.4
2022,4,2022-01-23,2022-01-29,2022-09-22,5-11,509735,0,0
2022,4,2022-01-23,2022-01-29,2022-09-22,50-64,1114015,48,4.3
2022,4,2022-01-23,2022-01-29,2022-09-22,65+,858698,172,20
2022,4,2022-01-23,2022-01-29,2022-09-22,Total,5562663,230,4.1
2022,5,2022-01-30,2022-02-05,2022-09-22,0-4,351664,0,0
2022,5,2022-01-30,2022-02-05,2022-09-22,12-17,433734,0,0
2022,5,2022-01-30,2022-02-05,2022-09-22,18-49,2294817,6,0.3
2022,5,2022-01-30,2022-02-05,2022-09-22,5-11,509735,0,0
2022,5,2022-01-30,2022-02-05,2022-09-22,50-64,1114015,29,2.6
2022,5,2022-01-30,2022-02-05,2022-09-22,65+,858698,140,16.3
2022,5,2022-01-30,2022-02-05,2022-09-22,Total,5562663,175,3.1
2022,6,2022-02-06,2022-02-12,2022-09-22,0-4,351664,0,0
2022,6,2022-02-06,2022-02-12,2022-09-22,12-17,433734,0,0
2022,6,2022-02-06,2022-02-12,2022-09-22,18-49,2294817,2,0.1
2022,6,2022-02-06,2022-02-12,2022-09-22,5-11,509735,0,0
2022,6,2022-02-06,2022-02-12,2022-09-22,50-64,1114015,31,2.8
2022,6,2022-02-06,2022-02-12,2022-09-22,65+,858698,126,14.7
2022,6,2022-02-06,2022-02-12,2022-09-22,Total,5562663,159,2.9
2022,7,2022-02-13,2022-02-19,2022-09-22,0-4,351664,0,0
2022,7,2022-02-13,2022-02-19,2022-09-22,12-17,433734,0,0
2022,7,2022-02-13,2022-02-19,2022-09-22,18-49,2294817,8,0.3
2022,7,2022-02-13,2022-02-19,2022-09-22,5-11,509735,0,0
2022,7,2022-02-13,2022-02-19,2022-09-22,50-64,1114015,25,2.2
2022,7,2022-02-13,2022-02-19,2022-09-22,65+,858698,93,10.8
2022,7,2022-02-13,2022-02-19,2022-09-22,Total,5562663,126,2.3
2022,8,2022-02-20,2022-02-26,2022-09-22,0-4,351664,0,0
2022,8,2022-02-20,2022-02-26,2022-09-22,12-17,433734,0,0
2022,8,2022-02-20,2022-02-26,2022-09-22,18-49,2294817,4,0.2
2022,8,2022-02-20,2022-02-26,2022-09-22,5-11,509735,0,0
2022,8,2022-02-20,2022-02-26,2022-09-22,50-64,1114015,16,1.4
2022,8,2022-02-20,2022-02-26,2022-09-22,65+,858698,74,8.6
2022,8,2022-02-20,2022-02-26,2022-09-22,Total,5562663,94,1.7
2022,9,2022-02-27,2022-03-05,2022-09-22,0-4,351664,0,0
2022,9,2022-02-27,2022-03-05,2022-09-22,12-17,433734,0,0
2022,9,2022-02-27,2022-03-05,2022-09-22,18-49,2294817,1,0
2022,9,2022-02-27,2022-03-05,2022-09-22,5-11,509735,0,0
2022,9,2022-02-27,2022-03-05,2022-09-22,50-64,1114015,10,0.9
2022,9,2022-02-27,2022-03-05,2022-09-22,65+,858698,47,5.5
2022,9,2022-02-27,2022-03-05,2022-09-22,Total,5562663,58,1
2022,10,2022-03-06,2022-03-12,2022-09-22,0-4,351664,0,0
2022,10,2022-03-06,2022-03-12,2022-09-22,12-17,433734,0,0
2022,10,2022-03-06,2022-03-12,2022-09-22,18-49,2294817,3,0.1
2022,10,2022-03-06,2022-03-12,2022-09-22,5-11,509735,0,0
2022,10,2022-03-06,2022-03-12,2022-09-22,50-64,1114015,9,0.8
2022,10,2022-03-06,2022-03-12,2022-09-22,65+,858698,39,4.5
2022,10,2022-03-06,2022-03-12,2022-09-22,Total,5562663,51,0.9
2022,11,2022-03-13,2022-03-19,2022-09-22,0-4,351664,0,0
2022,11,2022-03-13,2022-03-19,2022-09-22,12-17,433734,0,0
2022,11,2022-03-13,2022-03-19,2022-09-22,18-49,2294817,1,0
2022,11,2022-03-13,2022-03-19,2022-09-22,5-11,509735,0,0
2022,11,2022-03-13,2022-03-19,2022-09-22,50-64,1114015,4,0.4
2022,11,2022-03-13,2022-03-19,2022-09-22,65+,858698,20,2.3
2022,11,2022-03-13,2022-03-19,2022-09-22,Total,5562663,25,0.4
2022,12,2022-03-20,2022-03-26,2022-09-22,0-4,351664,0,0
2022,12,2022-03-20,2022-03-26,2022-09-22,12-17,433734,0,0
2022,12,2022-03-20,2022-03-26,2022-09-22,18-49,2294817,0,0
2022,12,2022-03-20,2022-03-26,2022-09-22,5-11,509735,0,0
2022,12,2022-03-20,2022-03-26,2022-09-22,50-64,1114015,8,0.7
2022,12,2022-03-20,2022-03-26,2022-09-22,65+,858698,26,3
2022,12,2022-03-20,2022-03-26,2022-09-22,Total,5562663,34,0.6
2022,13,2022-03-27,2022-04-02,2022-09-22,0-4,351664,0,0
2022,13,2022-03-27,2022-04-02,2022-09-22,12-17,433734,0,0
2022,13,2022-03-27,2022-04-02,2022-09-22,18-49,2294817,0,0
2022,13,2022-03-27,2022-04-02,2022-09-22,5-11,509735,0,0
2022,13,2022-03-27,2022-04-02,2022-09-22,50-64,1114015,2,0.2
2022,13,2022-03-27,2022-04-02,2022-09-22,65+,858698,20,2.3
2022,13,2022-03-27,2022-04-02,2022-09-22,Total,5562663,22,0.4
2022,14,2022-04-03,2022-04-09,2022-09-22,0-4,351664,0,0
2022,14,2022-04-03,2022-04-09,2022-09-22,12-17,433734,0,0
2022,14,2022-04-03,2022-04-09,2022-09-22,18-49,2294817,1,0
2022,14,2022-04-03,2022-04-09,2022-09-22,5-11,509735,0,0
2022,14,2022-04-03,2022-04-09,2022-09-22,50-64,1114015,3,0.3
2022,14,2022-04-03,2022-04-09,2022-09-22,65+,858698,21,2.4
2022,14,2022-04-03,2022-04-09,2022-09-22,Total,5562663,25,0.4
2022,15,2022-04-10,2022-04-16,2022-09-22,0-4,351664,0,0
2022,15,2022-04-10,2022-04-16,2022-09-22,12-17,433734,0,0
2022,15,2022-04-10,2022-04-16,2022-09-22,18-49,2294817,2,0.1
2022,15,2022-04-10,2022-04-16,2022-09-22,5-11,509735,0,0
2022,15,2022-04-10,2022-04-16,2022-09-22,50-64,1114015,3,0.3
2022,15,2022-04-10,2022-04-16,2022-09-22,65+,858698,11,1.3
2022,15,2022-04-10,2022-04-16,2022-09-22,Total,5562663,16,0.3
2022,16,2022-04-17,2022-04-23,2022-09-22,0-4,351664,1,0.3
2022,16,2022-04-17,2022-04-23,2022-09-22,12-17,433734,0,0
2022,16,2022-04-17,2022-04-23,2022-09-22,18-49,2294817,0,0
2022,16,2022-04-17,2022-04-23,2022-09-22,5-11,509735,0,0
2022,16,2022-04-17,2022-04-23,2022-09-22,50-64,1114015,5,0.4
2022,16,2022-04-17,2022-04-23,2022-09-22,65+,858698,14,1.6
2022,16,2022-04-17,2022-04-23,2022-09-22,Total,5562663,20,0.4
2022,17,2022-04-24,2022-04-30,2022-09-22,0-4,351664,0,0
2022,17,2022-04-24,2022-04-30,2022-09-22,12-17,433734,0,0
2022,17,2022-04-24,2022-04-30,2022-09-22,18-49,2294817,1,0
2022,17,2022-04-24,2022-04-30,2022-09-22,5-11,509735,0,0
2022,17,2022-04-24,2022-04-30,2022-09-22,50-64,1114015,1,0.1
2022,17,2022-04-24,2022-04-30,2022-09-22,65+,858698,10,1.2
2022,17,2022-04-24,2022-04-30,2022-09-22,Total,5562663,12,0.2
2022,18,2022-05-01,2022-05-07,2022-09-22,0-4,351664,0,0
2022,18,2022-05-01,2022-05-07,2022-09-22,12-17,433734,0,0
2022,18,2022-05-01,2022-05-07,2022-09-22,18-49,2294817,0,0
2022,18,2022-05-01,2022-05-07,2022-09-22,5-11,509735,0,0
2022,18,2022-05-01,2022-05-07,2022-09-22,50-64,1114015,3,0.3
2022,18,2022-05-01,2022-05-07,2022-09-22,65+,858698,28,3.3
2022,18,2022-05-01,2022-05-07,2022-09-22,Total,5562663,31,0.6
2022,19,2022-05-08,2022-05-14,2022-09-22,0-4,351664,0,0
2022,19,2022-05-08,2022-05-14,2022-09-22,12-17,433734,0,0
2022,19,2022-05-08,2022-05-14,2022-09-22,18-49,2294817,1,0
2022,19,2022-05-08,2022-05-14,2022-09-22,5-11,509735,0,0
2022,19,2022-05-08,2022-05-14,2022-09-22,50-64,1114015,1,0.1
2022,19,2022-05-08,2022-05-14,2022-09-22,65+,858698,33,3.8
2022,19,2022-05-08,2022-05-14,2022-09-22,Total,5562663,35,0.6
2022,20,2022-05-15,2022-05-21,2022-09-22,0-4,351664,0,0
2022,20,2022-05-15,2022-05-21,2022-09-22,12-17,433734,0,0
2022,20,2022-05-15,2022-05-21,2022-09-22,18-49,2294817,1,0
2022,20,2022-05-15,2022-05-21,2022-09-22,5-11,509735,0,0
2022,20,2022-05-15,2022-05-21,2022-09-22,50-64,1114015,4,0.4
2022,20,2022-05-15,2022-05-21,2022-09-22,65+,858698,26,3
2022,20,2022-05-15,2022-05-21,2022-09-22,Total,5562663,31,0.6
2022,21,2022-05-22,2022-05-28,2022-09-22,0-4,351664,0,0
2022,21,2022-05-22,2022-05-28,2022-09-22,12-17,433734,0,0
2022,21,2022-05-22,2022-05-28,2022-09-22,18-49,2294817,2,0.1
2022,21,2022-05-22,2022-05-28,2022-09-22,5-11,509735,0,0
2022,21,2022-05-22,2022-05-28,2022-09-22,50-64,1114015,4,0.4
2022,21,2022-05-22,2022-05-28,2022-09-22,65+,858698,45,5.2
2022,21,2022-05-22,2022-05-28,2022-09-22,Total,5562663,51,0.9
2022,22,2022-05-29,2022-06-04,2022-09-22,0-4,351664,0,0
2022,22,2022-05-29,2022-06-04,2022-09-22,12-17,433734,0,0
2022,22,2022-05-29,2022-06-04,2022-09-22,18-49,2294817,0,0
2022,22,2022-05-29,2022-06-04,2022-09-22,5-11,509735,0,0
2022,22,2022-05-29,2022-06-04,2022-09-22,50-64,1114015,7,0.6
2022,22,2022-05-29,2022-06-04,2022-09-22,65+,858698,34,4
2022,22,2022-05-29,2022-06-04,2022-09-22,Total,5562663,41,0.7
2022,23,2022-06-05,2022-06-11,2022-09-22,0-4,351664,0,0
2022,23,2022-06-05,2022-06-11,2022-09-22,12-17,433734,0,0
2022,23,2022-06-05,2022-06-11,2022-09-22,18-49,2294817,0,0
2022,23,2022-06-05,2022-06-11,2022-09-22,5-11,509735,0,0
2022,23,2022-06-05,2022-06-11,2022-09-22,50-64,1114015,1,0.1
2022,23,2022-06-05,2022-06-11,2022-09-22,65+,858698,29,3.4
2022,23,2022-06-05,2022-06-11,2022-09-22,Total,5562663,30,0.5
2022,24,2022-06-12,2022-06-18,2022-09-22,0-4,351664,0,0
2022,24,2022-06-12,2022-06-18,2022-09-22,12-17,433734,1,0.2
2022,24,2022-06-12,2022-06-18,2022-09-22,18-49,2294817,2,0.1
2022,24,2022-06-12,2022-06-18,2022-09-22,5-11,509735,0,0
2022,24,2022-06-12,2022-06-18,2022-09-22,50-64,1114015,2,0.2
2022,24,2022-06-12,2022-06-18,2022-09-22,65+,858698,32,3.7
2022,24,2022-06-12,2022-06-18,2022-09-22,Total,5562663,37,0.7
2022,25,2022-06-19,2022-06-25,2022-09-22,0-4,351664,0,0
2022,25,2022-06-19,2022-06-25,2022-09-22,12-17,433734,1,0.2
2022,25,2022-06-19,2022-06-25,2022-09-22,18-49,2294817,2,0.1
2022,25,2022-06-19,2022-06-25,2022-09-22,5-11,509735,0,0
2022,25,2022-06-19,2022-06-25,2022-09-22,50-64,1114015,3,0.3
2022,25,2022-06-19,2022-06-25,2022-09-22,65+,858698,31,3.6
2022,25,2022-06-19,2022-06-25,2022-09-22,Total,5562663,37,0.7
2022,26,2022-06-26,2022-07-02,2022-09-22,0-4,351664,0,0
2022,26,2022-06-26,2022-07-02,2022-09-22,12-17,433734,0,0
2022,26,2022-06-26,2022-07-02,2022-09-22,18-49,2294817,0,0
2022,26,2022-06-26,2022-07-02,2022-09-22,5-11,509735,0,0
2022,26,2022-06-26,2022-07-02,2022-09-22,50-64,1114015,5,0.4
2022,26,2022-06-26,2022-07-02,2022-09-22,65+,858698,26,3
2022,26,2022-06-26,2022-07-02,2022-09-22,Total,5562663,31,0.6
2022,27,2022-07-03,2022-07-09,2022-09-22,0-4,351664,0,0
2022,27,2022-07-03,2022-07-09,2022-09-22,12-17,433734,0,0
2022,27,2022-07-03,2022-07-09,2022-09-22,18-49,2294817,0,0
2022,27,2022-07-03,2022-07-09,2022-09-22,5-11,509735,0,0
2022,27,2022-07-03,2022-07-09,2022-09-22,50-64,1114015,3,0.3
2022,27,2022-07-03,2022-07-09,2022-09-22,65+,858698,31,3.6
2022,27,2022-07-03,2022-07-09,2022-09-22,Total,5562663,34,0.6
2022,28,2022-07-10,2022-07-16,2022-09-22,0-4,351664,0,0
2022,28,2022-07-10,2022-07-16,2022-09-22,12-17,433734,0,0
2022,28,2022-07-10,2022-07-16,2022-09-22,18-49,2294817,1,0
2022,28,2022-07-10,2022-07-16,2022-09-22,5-11,509735,0,0
2022,28,2022-07-10,2022-07-16,2022-09-22,50-64,1114015,2,0.2
2022,28,2022-07-10,2022-07-16,2022-09-22,65+,858698,34,4
2022,28,2022-07-10,2022-07-16,2022-09-22,Total,5562663,37,0.7
2022,29,2022-07-17,2022-07-23,2022-09-22,0-4,351664,0,0
2022,29,2022-07-17,2022-07-23,2022-09-22,12-17,433734,0,0
2022,29,2022-07-17,2022-07-23,2022-09-22,18-49,2294817,2,0.1
2022,29,2022-07-17,2022-07-23,2022-09-22,5-11,509735,0,0
2022,29,2022-07-17,2022-07-23,2022-09-22,50-64,1114015,2,0.2
2022,29,2022-07-17,2022-07-23,2022-09-22,65+,858698,40,4.7
2022,29,2022-07-17,2022-07-23,2022-09-22,Total,5562663,44,0.8
2022,30,2022-07-24,2022-07-30,2022-09-22,0-4,351664,0,0
2022,30,2022-07-24,2022-07-30,2022-09-22,12-17,433734,0,0
2022,30,2022-07-24,2022-07-30,2022-09-22,18-49,2294817,2,0.1
2022,30,2022-07-24,2022-07-30,2022-09-22,5-11,509735,0,0
2022,30,2022-07-24,2022-07-30,2022-09-22,50-64,1114015,0,0
2022,30,2022-07-24,2022-07-30,2022-09-22,65+,858698,24,2.8
2022,30,2022-07-24,2022-07-30,2022-09-22,Total,5562663,26,0.5
2022,31,2022-07-31,2022-08-06,2022-09-22,0-4,351664,0,0
2022,31,2022-07-31,2022-08-06,2022-09-22,12-17,433734,0,0
2022,31,2022-07-31,2022-08-06,2022-09-22,18-49,2294817,1,0
2022,31,2022-07-31,2022-08-06,2022-09-22,5-11,509735,0,0
2022,31,2022-07-31,2022-08-06,2022-09-22,50-64,1114015,3,0.3
2022,31,2022-07-31,2022-08-06,2022-09-22,65+,858698,23,2.7
2022,31,2022-07-31,2022-08-06,2022-09-22,Total,5562663,27,0.5
2022,32,2022-08-07,2022-08-13,2022-09-22,0-4,351664,0,0
2022,32,2022-08-07,2022-08-13,2022-09-22,12-17,433734,0,0
2022,32,2022-08-07,2022-08-13,2022-09-22,18-49,2294817,0,0
2022,32,2022-08-07,2022-08-13,2022-09-22,5-11,509735,0,0
2022,32,2022-08-07,2022-08-13,2022-09-22,50-64,1114015,4,0.4
2022,32,2022-08-07,2022-08-13,2022-09-22,65+,858698,32,3.7
2022,32,2022-08-07,2022-08-13,2022-09-22,Total,5562663,36,0.6
2022,33,2022-08-14,2022-08-20,2022-09-22,0-4,351664,0,0
2022,33,2022-08-14,2022-08-20,2022-09-22,12-17,433734,0,0
2022,33,2022-08-14,2022-08-20,2022-09-22,18-49,2294817,1,0
2022,33,2022-08-14,2022-08-20,2022-09-22,5-11,509735,0,0
2022,33,2022-08-14,2022-08-20,2022-09-22,50-64,1114015,0,0
2022,33,2022-08-14,2022-08-20,2022-09-22,65+,858698,28,3.3
2022,33,2022-08-14,2022-08-20,2022-09-22,Total,5562663,29,0.5
2022,34,2022-08-21,2022-08-27,2022-09-22,0-4,351664,0,0
2022,34,2022-08-21,2022-08-27,2022-09-22,12-17,433734,0,0
2022,34,2022-08-21,2022-08-27,2022-09-22,18-49,2294817,2,0.1
2022,34,2022-08-21,2022-08-27,2022-09-22,5-11,509735,0,0
2022,34,2022-08-21,2022-08-27,2022-09-22,50-64,1114015,1,0.1
2022,34,2022-08-21,2022-08-27,2022-09-22,65+,858698,45,5.2
2022,34,2022-08-21,2022-08-27,2022-09-22,Total,5562663,48,0.9
2022,35,2022-08-28,2022-09-03,2022-09-22,0-4,351664,0,0
2022,35,2022-08-28,2022-09-03,2022-09-22,12-17,433734,0,0
2022,35,2022-08-28,2022-09-03,2022-09-22,18-49,2294817,1,0
2022,35,2022-08-28,2022-09-03,2022-09-22,5-11,509735,0,0
2022,35,2022-08-28,2022-09-03,2022-09-22,50-64,1114015,6,0.5
2022,35,2022-08-28,2022-09-03,2022-09-22,65+,858698,30,3.5
2022,35,2022-08-28,2022-09-03,2022-09-22,Total,5562663,37,0.7
2022,36,2022-09-04,2022-09-10,2022-09-22,0-4,351664,0,0
2022,36,2022-09-04,2022-09-10,2022-09-22,12-17,433734,0,0
2022,36,2022-09-04,2022-09-10,2022-09-22,18-49,2294817,0,0
2022,36,2022-09-04,2022-09-10,2022-09-22,5-11,509735,0,0
2022,36,2022-09-04,2022-09-10,2022-09-22,50-64,1114015,3,0.3
2022,36,2022-09-04,2022-09-10,2022-09-22,65+,858698,35,4.1
2022,36,2022-09-04,2022-09-10,2022-09-22,Total,5562663,38,0.7
2022,37,2022-09-11,2022-09-17,2022-09-22,0-4,351664,0,0
2022,37,2022-09-11,2022-09-17,2022-09-22,12-17,433734,0,0
2022,37,2022-09-11,2022-09-17,2022-09-22,18-49,2294817,0,0
2022,37,2022-09-11,2022-09-17,2022-09-22,5-11,509735,0,0
2022,37,2022-09-11,2022-09-17,2022-09-22,50-64,1114015,5,0.4
2022,37,2022-09-11,2022-09-17,2022-09-22,65+,858698,20,2.3
2022,37,2022-09-11,2022-09-17,2022-09-22,Total,5562663,25,0.4
2022,38,2022-09-18,2022-09-24,2022-09-22,0-4,351664,0,0
2022,38,2022-09-18,2022-09-24,2022-09-22,12-17,433734,0,0
2022,38,2022-09-18,2022-09-24,2022-09-22,18-49,2294817,0,0
2022,38,2022-09-18,2022-09-24,2022-09-22,5-11,509735,0,0
2022,38,2022-09-18,2022-09-24,2022-09-22,50-64,1114015,0,0
2022,38,2022-09-18,2022-09-24,2022-09-22,65+,858698,0,0
2022,38,2022-09-18,2022-09-24,2022-09-22,Total,5562663,0,0
