date,icu_used_pct,nonicu_used_pct,covid_pct_icu,covid_pct_nonicu,inuse_icu_non_covid,inuse_icu_covid,inuse_non_icu_covid,inuse_non_icu_non_covid,inuse_beds_surge,inuse_non_icu_na,inuse_icu_na,inuse_vents,avail_beds,avail_non_icu,avail_icu,avail_vents,surge_beds,surge_ventilators
2020-03-01,NA,NA,NA,NA,NA,NA,NA,NA,0,2754,403,0,0,3258,517,0,0,0
2020-03-02,NA,NA,NA,NA,NA,NA,NA,NA,0,3437,525,0,0,4011,646,0,0,0
2020-03-03,NA,NA,NA,NA,NA,NA,NA,NA,0,5176,899,0,0,5855,1059,0,0,0
2020-03-04,NA,NA,NA,NA,NA,NA,NA,NA,0,5228,890,0,0,5859,1030,0,0,0
2020-03-05,NA,NA,NA,NA,NA,NA,NA,NA,0,5241,899,0,0,5916,1042,0,0,0
2020-03-06,NA,NA,NA,NA,NA,NA,NA,NA,0,5153,918,0,0,5878,1060,0,0,0
2020-03-07,NA,NA,NA,NA,NA,NA,NA,NA,0,4953,908,0,0,5795,1075,0,0,0
2020-03-08,NA,NA,NA,NA,NA,NA,NA,NA,0,4874,894,0,0,5631,1058,0,0,0
2020-03-09,NA,NA,NA,NA,NA,NA,NA,NA,0,4490,782,0,0,5320,939,0,0,0
2020-03-10,NA,NA,NA,NA,NA,NA,NA,NA,0,5299,943,0,0,6029,1100,0,0,0
2020-03-11,NA,NA,NA,NA,NA,NA,NA,NA,0,5088,909,0,0,5821,1050,0,0,0
2020-03-12,NA,NA,NA,NA,NA,NA,NA,NA,0,4787,847,0,0,5451,1005,0,0,0
2020-03-13,NA,NA,NA,NA,NA,NA,NA,NA,0,4977,837,0,0,5671,995,0,0,0
2020-03-14,NA,NA,NA,NA,NA,NA,NA,NA,0,5015,872,0,0,5849,1068,0,0,0
2020-03-15,NA,NA,NA,NA,NA,NA,NA,NA,0,5207,893,38,0,6194,1121,1169,0,0
2020-03-16,NA,NA,NA,NA,NA,NA,NA,NA,0,4884,815,251,0,5819,1027,960,0,0
2020-03-17,NA,NA,NA,NA,NA,NA,NA,NA,0,5135,897,785,0,6096,1108,919,0,0
2020-03-18,NA,NA,NA,NA,NA,NA,NA,NA,0,5076,876,939,0,6079,1100,788,0,0
2020-03-19,NA,NA,NA,NA,NA,NA,NA,NA,0,4704,842,935,0,5696,1062,989,0,0
2020-03-20,NA,NA,NA,NA,NA,NA,NA,NA,0,4786,846,985,0,5901,1082,1078,0,0
2020-03-21,NA,NA,NA,NA,NA,NA,NA,NA,0,4501,762,961,0,5647,999,1126,0,0
2020-03-22,NA,NA,NA,NA,NA,NA,NA,NA,0,4198,741,950,0,5399,993,1120,0,0
2020-03-23,NA,NA,NA,NA,NA,NA,NA,NA,0,4606,779,972,0,5872,1057,1194,0,0
2020-03-24,NA,NA,NA,NA,NA,NA,NA,NA,0,4427,787,993,0,5680,1041,996,0,0
2020-03-25,NA,NA,NA,NA,NA,NA,NA,NA,0,4232,743,1071,0,5468,994,1210,0,0
2020-03-26,NA,NA,NA,NA,NA,NA,NA,NA,0,4105,730,990,0,5385,982,1295,0,0
2020-03-27,NA,NA,NA,NA,NA,NA,NA,NA,0,4616,825,997,0,5920,1083,1270,0,0
2020-03-28,NA,NA,NA,NA,NA,NA,NA,NA,0,4209,757,968,0,5419,999,1233,0,0
2020-03-29,NA,NA,NA,NA,NA,NA,NA,NA,0,4051,727,969,0,5322,989,1245,0,0
2020-03-30,NA,NA,NA,NA,NA,NA,NA,NA,0,4393,782,999,0,5797,1057,1271,0,0
2020-03-31,NA,NA,NA,NA,NA,NA,NA,NA,0,4122,736,978,0,5459,982,936,0,0
2020-04-01,NA,NA,NA,NA,NA,NA,NA,NA,0,4631,816,1103,0,5981,1084,1341,0,0
2020-04-02,NA,NA,NA,NA,NA,NA,NA,NA,0,4484,816,1025,0,5794,1068,1369,0,0
2020-04-03,NA,NA,NA,NA,NA,NA,NA,NA,0,6731,867,456,0,8819,1150,943,0,0
2020-04-04,NA,NA,NA,NA,NA,NA,NA,NA,0,6616,833,1014,0,8820,1149,1428,0,0
2020-04-05,NA,NA,NA,NA,NA,NA,NA,NA,0,6550,837,1015,0,8820,1147,1425,0,0
2020-04-06,NA,NA,NA,NA,NA,NA,NA,NA,0,6588,844,1048,0,8828,1147,1410,0,0
2020-04-07,NA,NA,NA,NA,NA,NA,NA,NA,0,6723,855,983,0,8682,1138,1457,0,0
2020-04-08,NA,NA,NA,NA,NA,NA,NA,NA,0,6305,886,829,144,7890,1185,912,144,910
2020-04-09,NA,NA,NA,NA,NA,NA,NA,NA,0,6270,886,867,0,7887,1195,888,0,0
2020-04-10,NA,NA,NA,NA,NA,NA,NA,NA,431,6170,921,530,865,7847,1222,873,865,1376
2020-04-11,NA,NA,NA,NA,NA,NA,NA,NA,0,6038,921,528,1462,7768,1220,873,1462,1387
2020-04-12,NA,NA,NA,NA,NA,NA,NA,NA,0,6011,933,538,1454,7768,1220,863,1454,1411
2020-04-13,NA,NA,NA,NA,NA,NA,NA,NA,0,6035,941,528,1416,7766,1222,873,1416,1409
2020-04-14,NA,NA,NA,NA,NA,NA,NA,NA,0,5967,932,546,1403,7726,1222,855,1403,1408
2020-04-15,NA,NA,NA,NA,NA,NA,NA,NA,0,5958,931,527,1411,7726,1222,874,1411,1412
2020-04-16,NA,NA,NA,NA,NA,NA,NA,NA,0,6086,932,554,1416,7726,1222,847,1416,1417
2020-04-17,NA,NA,NA,NA,NA,NA,NA,NA,0,6026,933,535,1388,7726,1222,866,1388,1435
2020-04-18,NA,NA,NA,NA,NA,NA,NA,NA,0,6014,927,546,1389,7726,1222,855,1389,1423
2020-04-19,NA,NA,NA,NA,NA,NA,NA,NA,0,5994,941,554,1387,7726,1222,847,1387,1422
2020-04-20,NA,NA,NA,NA,NA,NA,NA,NA,0,6023,950,519,1385,7721,1244,882,1385,1421
2020-04-21,NA,NA,NA,NA,NA,NA,NA,NA,0,6090,967,522,1380,7721,1244,883,1380,1418
2020-04-22,NA,NA,NA,NA,NA,NA,NA,NA,0,6113,950,508,1364,7722,1244,897,1364,1420
2020-04-23,NA,NA,NA,NA,NA,NA,NA,NA,0,6078,954,522,1347,7722,1244,916,1347,1422
2020-04-24,NA,NA,NA,NA,NA,NA,NA,NA,0,6042,962,502,1351,7722,1244,936,1351,1421
2020-04-25,NA,NA,NA,NA,NA,NA,NA,NA,0,6039,957,485,1348,7722,1244,953,1348,1421
2020-04-26,NA,NA,NA,NA,NA,NA,NA,NA,0,6029,952,489,1334,7722,1244,949,1334,1418
2020-04-27,NA,NA,NA,NA,NA,NA,NA,NA,0,6056,936,463,1337,7722,1244,975,1337,1435
2020-04-28,NA,NA,NA,NA,NA,NA,NA,NA,0,6112,961,484,1346,7724,1244,954,1346,1418
2020-04-29,NA,NA,NA,NA,NA,NA,NA,NA,0,6118,972,500,1343,7724,1244,938,1343,1418
2020-04-30,NA,NA,NA,NA,NA,NA,NA,NA,0,6139,986,496,1344,7724,1244,942,1344,1406
2020-05-01,NA,NA,NA,NA,NA,NA,NA,NA,0,6170,981,523,1339,7724,1244,915,1339,1406
2020-05-02,NA,NA,NA,NA,NA,NA,NA,NA,0,6173,991,524,1339,7724,1244,913,1339,1406
2020-05-03,NA,NA,NA,NA,NA,NA,NA,NA,0,6105,972,504,1338,7724,1244,933,1338,1405
2020-05-04,NA,NA,NA,NA,NA,NA,NA,NA,0,6083,981,507,1342,7724,1244,930,1342,1403
2020-05-05,NA,NA,NA,NA,NA,NA,NA,NA,0,6174,993,511,1343,7724,1244,926,1343,1403
2020-05-06,NA,NA,NA,NA,NA,NA,NA,NA,0,6154,1024,530,1351,7724,1244,909,1351,1404
2020-05-07,NA,NA,NA,NA,NA,NA,NA,NA,0,6143,1025,507,1354,7727,1241,932,1354,1406
2020-05-08,NA,NA,NA,NA,NA,NA,NA,NA,0,6171,1008,526,1353,7727,1241,913,1353,1406
2020-05-09,NA,NA,NA,NA,NA,NA,NA,NA,0,6161,1018,523,1354,7727,1241,916,1354,1405
2020-05-10,NA,NA,NA,NA,NA,NA,NA,NA,0,6143,996,549,1353,7727,1241,890,1353,1405
2020-05-11,NA,NA,NA,NA,NA,NA,NA,NA,0,6045,961,562,1355,7727,1241,881,1355,1401
2020-05-12,NA,NA,NA,NA,NA,NA,NA,NA,0,6223,1007,527,1354,7727,1241,916,1354,1401
2020-05-13,NA,NA,NA,NA,NA,NA,NA,NA,0,6154,991,529,1347,7727,1241,914,1347,1401
2020-05-14,NA,NA,NA,NA,NA,NA,NA,NA,0,6110,984,566,1354,7727,1241,877,1354,1403
2020-05-15,NA,NA,NA,NA,NA,NA,NA,NA,0,6302,1009,581,1354,7727,1241,862,1354,1401
2020-05-16,NA,NA,NA,NA,NA,NA,NA,NA,0,6221,1005,584,1310,7727,1241,859,1310,1398
2020-05-17,NA,NA,NA,NA,NA,NA,NA,NA,0,6064,993,592,1300,7727,1241,851,1300,1395
2020-05-18,NA,NA,NA,NA,NA,NA,NA,NA,0,6087,1011,580,1292,7727,1241,863,1292,1395
2020-05-19,NA,NA,NA,NA,NA,NA,NA,NA,0,6146,1034,598,1124,7687,1261,845,1124,1397
2020-05-20,NA,NA,NA,NA,NA,NA,NA,NA,0,6308,1047,602,1093,7687,1261,839,1093,1399
2020-05-21,NA,NA,NA,NA,NA,NA,NA,NA,0,6396,1045,580,1120,7688,1257,857,1120,1335
2020-05-22,NA,NA,NA,NA,NA,NA,NA,NA,533,6440,1071,594,1041,7688,1257,843,1041,1449
2020-05-23,NA,NA,NA,NA,NA,NA,NA,NA,331,6391,1041,608,1041,7688,1257,829,1041,1449
2020-05-24,NA,NA,NA,NA,NA,NA,NA,NA,354,6281,1027,587,1041,7688,1257,850,1041,1449
2020-05-25,NA,NA,NA,NA,NA,NA,NA,NA,354,6291,1010,583,1126,7688,1257,854,1126,1449
2020-05-26,NA,NA,NA,NA,NA,NA,NA,NA,191,6376,1015,576,957,7688,1257,861,957,1449
2020-05-27,NA,NA,NA,NA,NA,NA,NA,NA,292,6473,1031,576,953,7688,1257,859,953,1449
2020-05-28,NA,NA,NA,NA,NA,NA,NA,NA,292,6525,1035,584,953,7688,1257,851,953,1449
2020-05-29,NA,NA,NA,NA,NA,NA,NA,NA,448,6446,1039,577,938,7687,1257,856,938,1449
2020-05-30,NA,NA,NA,NA,NA,NA,NA,NA,385,6392,1040,596,938,7687,1257,837,938,1449
2020-05-31,NA,NA,NA,NA,NA,NA,NA,NA,373,6252,1028,597,938,7687,1257,836,938,1449
2020-06-01,NA,NA,NA,NA,NA,NA,NA,NA,31,6314,1030,567,938,7687,1257,866,938,1449
2020-06-02,NA,NA,NA,NA,NA,NA,NA,NA,34,6418,1037,574,947,7677,1255,858,947,1545
2020-06-03,NA,NA,NA,NA,NA,NA,NA,NA,17,6462,1030,586,944,7681,1255,847,944,1538
2020-06-04,NA,NA,NA,NA,NA,NA,NA,NA,17,6396,1031,583,944,7681,1255,850,944,1539
2020-06-05,NA,NA,NA,NA,NA,NA,NA,NA,15,6447,1025,577,944,7681,1255,859,944,1539
2020-06-06,NA,NA,NA,NA,NA,NA,NA,NA,10,6311,1049,574,944,7681,1255,860,944,1539
2020-06-07,NA,NA,NA,NA,NA,NA,NA,NA,9,6330,1043,551,944,7681,1255,883,944,1539
2020-06-08,NA,NA,NA,NA,NA,NA,NA,NA,9,6384,1036,528,944,7681,1255,906,944,1539
2020-06-09,0.846215139442231,0.8017185262335633,0.1440677966101695,0.03134134459240013,909,153,193,5965,10,6566,1075,541,944,7681,1255,893,944,1539
2020-06-10,0.8621513944223107,0.8324436922275745,0.14417744916820702,0.029402564904598062,926,156,188,6206,10,6569,1075,538,944,7681,1255,896,944,1539
2020-06-11,0.8438247011952191,0.8301002473636245,0.14636449480642116,0.028387703889585947,904,155,181,6195,11,6610,1084,524,944,7681,1255,910,944,1539
2020-06-12,0.848605577689243,0.8245020179664106,0.14553990610328638,0.02936996684036002,910,155,186,6147,7,6568,1075,545,944,7681,1255,889,944,1539
2020-06-13,0.8350597609561753,0.760187475589116,0.14122137404580154,0.02877205000856311,900,148,168,5671,3,6484,1072,540,944,7681,1255,894,944,1539
2020-06-14,0.7713147410358566,0.7144903007420909,0.1559917355371901,0.02879008746355685,817,151,158,5330,1,6422,1053,542,944,7681,1255,892,944,1539
2020-06-15,0.798406374501992,0.7463871891680771,0.1467065868263473,0.026687598116169546,855,147,153,5580,1,6411,1049,525,944,7681,1255,909,944,1628
2020-06-16,0.8350597609561753,0.8069513147617808,0.1364503816793893,0.023874818519115985,905,143,148,6051,1,6489,1073,537,944,7682,1255,897,944,1628
2020-06-17,0.8756972111553785,0.8383233532934131,0.12192902638762511,0.021894409937888198,965,134,141,6299,7,6593,1082,547,944,7682,1255,887,944,1628
2020-06-18,0.8653386454183267,0.8293413173652695,0.11970534069981584,0.022288494741798774,956,130,142,6229,6,6589,1067,552,943,7682,1255,882,943,1620
2020-06-19,0.847011952191235,0.8117677688102056,0.11947318908748825,0.02196921103271328,936,127,137,6099,0,6499,1062,561,943,7682,1255,873,943,1620
2020-06-20,0.8199203187250996,0.7593074720124967,0.11564625850340136,0.027430138865078006,910,119,160,5673,0,6415,1067,533,943,7682,1255,901,943,1620
2020-06-21,0.7960159362549801,0.7171309554803437,0.11411411411411411,0.028680341259756763,885,114,158,5351,0,6355,1041,510,943,7682,1255,924,943,1620
2020-06-22,0.7649402390438247,0.7323613642280656,0.084375,0.033771773906861,879,81,190,5436,0,6402,1069,510,943,7682,1255,924,943,1620
2020-06-23,0.7936254980079681,0.810726373340276,0.11244979919678715,0.025529865125240848,884,112,159,6069,0,6597,1059,553,943,7682,1255,881,943,1620
2020-06-24,0.7872509960159363,0.8415777141369435,0.11437246963562753,0.024129930394431554,875,113,156,6309,0,6532,1075,549,943,7682,1255,880,943,1620
2020-06-25,0.8215139442231075,0.8456131215829211,0.11639185257032007,0.025092364532019705,911,120,163,6333,0,6610,1062,585,943,7682,1255,844,943,1620
2020-06-26,0.8677290836653386,0.8350689924498829,0.10284664830119375,0.020420888542478567,977,112,131,6284,0,6528,1071,566,943,7682,1255,844,943,1520
2020-06-27,0.8007968127490039,0.7604790419161677,0.09950248756218906,0.02533378979801438,905,100,148,5694,0,6404,1052,554,943,7682,1255,856,943,1520
2020-06-28,0.7617529880478088,0.7314501431918771,0.09309623430962342,0.02616123865456487,867,89,147,5472,0,6367,1041,542,943,7682,1255,868,943,1520
2020-06-29,0.7537848605577689,0.7678989846394169,0.08985200845665962,0.02627563993897271,861,85,155,5744,0,6367,1043,542,943,7682,1255,868,943,1520
2020-06-30,0.8047808764940239,0.8065607914605571,0.08118811881188119,0.023886378308586184,928,82,148,6048,0,6463,1056,538,943,7682,1255,872,943,1520
2020-07-01,0.846215139442231,0.8314241083051289,0.0800376647834275,0.02379834037889463,977,85,152,6235,0,6516,1082,520,943,7682,1255,890,943,1520
2020-07-02,0.8310756972111554,0.8285602707628221,0.07190795781399809,0.025451688923802042,968,75,162,6203,0,6489,1064,495,943,7682,1255,911,943,1520
2020-07-03,0.8430278884462151,0.7910700338453528,0.07844990548204159,0.025506006253085405,975,83,155,5922,0,6416,1049,500,943,7682,1255,906,943,1520
2020-07-04,0.7928286852589641,0.7189533975527207,0.0814070351758794,0.026797030599311968,914,81,148,5375,0,6287,1033,531,943,7682,1255,875,943,1520
2020-07-05,0.7617529880478088,0.7022910700338454,0.07845188284518828,0.030213160333642262,881,75,163,5232,0,6356,1025,537,943,7682,1255,869,943,1520
2020-07-06,0.7633466135458168,0.7479822962770112,0.0709812108559499,0.03010790114862513,890,68,173,5573,0,6402,1046,537,943,7682,1255,869,943,1520
2020-07-07,0.7952191235059761,0.8217912002082791,0.07915831663326653,0.026136543640107715,919,79,165,6148,0,6475,1036,526,943,7682,1255,880,943,1520
2020-07-08,0.80159362549800794,0.8489976568601927,0.07554671968190854,0.024072370438515792,930,76,157,6365,0,6574,1055,518,943,7682,1255,888,943,1520
2020-07-09,0.8079681274900399,0.8624056235355376,0.07297830374753451,0.021283018867924528,940,74,141,6484,6,6521,1065,527,943,7682,1255,879,943,1520
2020-07-10,0.7593625498007968,0.8237438167143973,0.07345225603357818,0.022439949431099875,883,70,142,6186,0,6512,1079,494,953,7682,1255,901,953,1520
2020-07-11,0.7442231075697211,0.7632127050247332,0.06745182012847965,0.024219682756268124,871,63,142,5721,0,6426,1077,491,953,7682,1255,904,953,1520
2020-07-12,0.6709163346613546,0.7386097370476439,0.07125890736342043,0.027141346492774058,782,60,154,5520,0,6421,1069,502,953,7682,1255,893,953,1520
2020-07-13,0.7927125506072874,0.7853063343717549,0.06435137895812053,0.026776859504132233,916,63,162,5888,0,6523,1055,479,953,7704,1235,916,953,1520
2020-07-14,0.8356275303643724,0.8291796469366562,0.05910852713178295,0.027395115842204134,971,61,175,6213,0,6611,1051,528,953,7704,1235,867,953,1520
2020-07-15,0.8234817813765182,0.8460545008394679,0.05703048180924287,0.026713478858189588,959,58,175,6376,0,6677,1037,498,943,7743,1235,897,943,1520
2020-07-16,0.8607287449392712,0.8509260458489832,0.05738476011288805,0.024809741248097414,1002,61,163,6407,0,6694,1039,498,943,7721,1235,897,943,1520
2020-07-17,0.8251012145748988,0.8269654189871778,0.06673209028459273,0.026468285043069695,951,68,169,6216,0,6655,1056,473,943,7721,1235,922,943,1520
2020-07-18,0.8186234817813766,0.7834477399300609,0.06923837784371908,0.025789386675483552,941,70,156,5893,0,6538,1026,468,943,7721,1235,927,943,1520
2020-07-19,0.7060728744939271,0.7211501100893667,0.11926605504587157,0.024066091954022987,768,104,134,5434,21,6456,1020,487,943,7721,1235,908,943,1520
2020-07-20,0.7821862348178138,0.7897940681258905,0.07763975155279502,0.029189898327320433,891,75,178,5920,0,6472,1044,484,943,7721,1235,911,943,1520
2020-07-21,0.8388663967611336,0.8456158528687994,0.07335907335907337,0.02695665492418441,960,76,176,6353,0,6601,1062,476,943,7721,1235,919,943,1520
2020-07-22,0.8283400809716599,0.8669861416914907,0.07526881720430108,0.027636689572751717,946,77,185,6509,0,6712,1076,458,943,7721,1235,937,943,1520
2020-07-23,0.8186274509803921,0.8457357318493594,0.006986027944111776,0.0045906656465187455,995,7,30,6505,0,6663,1050,434,943,7727,1224,961,943,1520
2020-07-24,0.8545751633986928,0.822440792027954,0.07170172084130019,0.03147128245476003,971,75,200,6155,1,6610,1051,450,943,7727,1224,949,943,1520
2020-07-25,0.8022875816993464,0.7596738708425004,0.07535641547861507,0.03100511073253833,908,74,182,5688,0,6509,1041,442,943,7727,1224,957,943,1520
2020-07-26,0.8129084967320261,0.7397437556619645,0.06030150753768844,0.03813855843247026,935,60,218,5498,0,6481,1022,426,943,7727,1224,973,943,1520
2020-07-27,0.7589869281045751,0.7528148052284198,0.08180839612486544,0.03335052432525357,853,76,194,5623,0,6489,1043,419,943,7727,1224,980,943,1520
2020-07-28,0.8055555555555556,0.807816746473405,0.08316430020283976,0.031079782121115028,904,82,194,6048,0,6639,1064,414,943,7727,1224,985,943,1520
2020-07-29,0.8276143790849673,0.8186877183900608,0.08884501480750247,0.027189377173569396,923,90,172,6154,0,6686,1040,431,943,7727,1224,968,943,1520
2020-07-30,0.9142156862745098,0.8531694695989651,0.0840035746201966,0.030477634571645186,1025,94,201,6394,0,6642,1034,426,956,7730,1224,973,956,1520
2020-07-31,0.8995098039215687,0.8580853816300129,0.08810172570390554,0.0337705412332278,1004,97,224,6409,0,6626,1043,439,956,7730,1224,960,956,1520
2020-08-01,0.8766339869281046,0.7653298835705046,0.05964585274930102,0.021467207572684246,1009,64,127,5789,0,6519,1026,458,956,7730,1224,941,956,1520
2020-08-02,0.8774509803921569,0.7910737386804657,0.05772811918063315,0.023385118560915782,1012,62,143,5972,0,6489,1012,420,956,7730,1224,979,956,1520
2020-08-03,0.8202614379084967,0.7825355756791721,0.07868525896414343,0.03174078360059514,925,79,192,5857,0,6547,1020,401,956,7730,1224,998,956,1520
2020-08-04,0.8676470588235294,0.8429495472186287,0.08662900188323917,0.029772866789441375,970,92,194,6322,0,6616,1031,395,956,7730,1224,1004,956,1520
2020-08-05,0.8715220949263502,0.8523932729624838,0.08450704225352113,0.029139474882379723,975,90,192,6397,0,6653,1034,402,960,7730,1222,999,960,1520
2020-08-06,0.8797054009819967,0.8677878395860285,0.08651162790697674,0.029367918902802624,982,93,197,6511,0,6668,1033,393,960,7730,1222,1008,960,1520
2020-08-07,0.8486088379705401,0.8650711513583441,0.08293153326904533,0.029310602661881263,951,86,196,6491,0,6652,1027,368,960,7730,1222,1033,960,1520
2020-08-08,0.8592471358428805,0.8072445019404916,0.08095238095238096,0.032692307692307694,965,85,204,6036,0,6537,1027,372,960,7730,1222,1029,960,1520
2020-08-09,0.8297697368421053,0.78105126541207,0.08919722497522299,0.03173811897640412,919,90,191,5827,0,6498,1012,377,960,7705,1216,1017,960,1500
2020-08-10,0.7557565789473685,0.7831278390655418,0.08378672470076169,0.029499502817368246,842,77,178,5856,0,6515,1017,402,960,7705,1216,992,960,1500
2020-08-11,0.8379705400981997,0.8690815006468305,0.08984375,0.029324203632033342,932,92,197,6521,0,6640,1025,365,960,7730,1222,1036,960,1520
2020-08-12,0.8592471358428805,0.8972833117723157,0.08761904761904762,0.02494232987312572,958,92,173,6763,0,6700,1045,354,960,7730,1222,1047,960,1520
2020-08-13,0.8461538461538461,0.8932729624838293,0.08413926499032882,0.024764663287472847,947,87,171,6734,0,6740,1045,411,960,7730,1222,990,960,1520
2020-08-14,0.8248772504091653,0.8793014230271669,0.08630952380952381,0.022804178313962042,921,87,155,6642,0,6703,1037,428,960,7730,1222,973,960,1520
2020-08-15,0.8420621931260229,0.8366106080206985,0.08843537414965986,0.02195763104994588,938,91,142,6325,0,6574,1025,425,960,7730,1222,976,960,1520
2020-08-16,0.7332242225859247,0.7451487710219923,0.08705357142857142,0.025694444444444443,818,78,148,5612,0,6514,1038,385,960,7730,1222,1016,960,1520
2020-08-17,0.8052373158756138,0.8152652005174644,0.08536585365853659,0.026658203744842908,900,84,168,6134,0,6564,1038,400,960,7730,1222,1001,960,1520
2020-08-18,0.8567921440261865,0.8800776196636482,0.07640878701050621,0.026017933264736146,967,80,177,6626,0,6707,1044,401,960,7730,1222,1000,960,1520
2020-08-19,0.8739770867430442,0.8886157826649418,0.07584269662921349,0.024894453341097685,987,81,171,6698,0,6730,1026,412,960,7730,1222,989,960,1520
2020-08-20,0.8788870703764321,0.8857697283311773,0.06983240223463687,0.02585073754929166,999,75,177,6670,0,6725,1049,434,960,7730,1222,967,960,1520
2020-08-21,0.8854337152209493,0.8796895213454075,0.07301293900184842,0.027647058823529413,1003,79,188,6612,0,6692,1046,432,960,7730,1222,969,960,1520
2020-08-22,0.8633387888707038,0.8247089262613195,0.07488151658767772,0.03215686274509804,976,79,205,6170,0,6619,1033,442,960,7730,1222,959,960,1520
2020-08-23,0.7545008183306056,0.7579560155239328,0.07809110629067245,0.03464755077658303,850,72,203,5656,0,6525,1019,448,960,7730,1222,953,960,1520
2020-08-24,0.8404255319148937,0.8190168175937904,0.08179162609542356,0.0358553151160954,943,84,227,6104,0,6572,1036,458,960,7730,1222,943,960,1520
2020-08-25,0.8576104746317512,0.8589909443725744,0.08206106870229007,0.03283132530120482,962,86,218,6422,0,6711,1048,464,960,7730,1222,937,960,1520
2020-08-26,0.869885433715221,0.9103492884864166,0.08560677328316087,0.030837004405286344,972,91,217,6820,0,6763,1051,454,960,7730,1222,949,960,1520
2020-08-27,0.8870703764320785,0.9032341526520051,0.07472324723247233,0.03208249785161845,1003,81,224,6758,0,6722,1055,444,960,7730,1222,959,960,1520
2020-08-28,0.8625204582651391,0.8639068564036223,0.08633776091081594,0.03339323150643905,963,91,223,6455,0,6700,1061,423,960,7730,1222,980,960,1520
2020-08-29,0.8404255319148937,0.8371280724450194,0.0827653359298929,0.03461597898315562,942,85,224,6247,0,6609,1053,418,960,7730,1222,985,960,1520
2020-08-30,0.8224222585924713,0.7855109961190169,0.07562189054726368,0.03573781291172595,929,76,217,5855,0,6524,1040,369,960,7730,1222,1034,960,1520
2020-08-31,0.8126022913256956,0.7661060802069858,0.08761329305135952,0.037149611617696726,906,87,220,5702,0,6528,1027,351,960,7730,1222,1052,960,1520
2020-09-01,0.8314238952536824,0.8304010349288486,0.08070866141732283,0.033494313756036766,934,82,215,6204,0,6661,1051,355,960,7730,1222,1048,960,1520
2020-09-02,0.8518821603927987,0.8667529107373868,0.08549471661863593,0.031044776119402984,952,89,208,6492,0,6700,1041,384,960,7730,1222,1019,960,1520
2020-09-03,0.8502454991816694,0.866882276843467,0.08277189605389798,0.02910013430831219,953,86,195,6506,0,6682,1032,418,960,7730,1222,985,960,1520
2020-09-04,0.8805237315875614,0.8522639068564036,0.07806691449814127,0.030358227079538554,992,84,200,6388,0,6716,1047,396,960,7730,1222,1007,960,1520
2020-09-05,0.8764320785597381,0.8064683053040104,0.08029878618113913,0.03208213025344883,985,86,200,6034,0,6629,1034,404,960,7730,1222,1003,960,1520
2020-09-06,0.8412438625204582,0.7721862871927555,0.08073929961089495,0.0326687887418328,945,83,195,5774,0,6530,1018,408,960,7730,1222,999,960,1520
2020-09-07,0.8379705400981997,0.7654592496765847,0.0830078125,0.03160385330403921,939,85,187,5730,0,6523,1032,419,960,7730,1222,988,960,1520
2020-09-08,0.837152209492635,0.7732212160413972,0.08504398826979472,0.030951982599966538,936,87,185,5792,0,6589,1039,413,960,7730,1222,994,960,1520
2020-09-09,0.8715220949263502,0.8843467011642949,0.07793427230046948,0.0232592159157402,982,83,159,6677,0,6686,1032,407,960,7730,1222,1000,960,1520
2020-09-10,0.8764320785597381,0.8800776196636482,0.08309990662931839,0.02572394531824195,982,89,175,6628,0,6714,1040,406,960,7730,1222,1001,960,1520
2020-09-11,0.8772504091653028,0.8729624838292367,0.07555970149253731,0.025637225844694723,991,81,173,6575,0,6733,1049,387,960,7730,1222,1020,960,1520
2020-09-12,0.853518821603928,0.8313268608414239,0.07861936720997123,0.02600436001245718,961,82,167,6255,0,6679,1046,356,960,7725,1222,1051,960,1520
2020-09-13,0.839607201309329,0.7937864077669903,0.08674463937621832,0.026418786692759294,937,89,162,5970,0,6633,1033,355,960,7725,1222,1062,960,1520
2020-09-14,0.8011456628477905,0.7887378640776699,0.08784473953013279,0.02888560643361234,893,86,176,5917,0,6684,1022,365,960,7725,1222,1052,960,1520
2020-09-15,0.8887070376432079,0.8561812297734628,0.0847145488029466,0.027063804052010886,994,92,179,6435,0,6772,1046,428,960,7725,1222,989,960,1520
2020-09-16,0.8829787234042553,0.8736569579288026,0.07877664504170528,0.02459623647947844,994,85,166,6583,0,6741,1026,417,960,7725,1222,1000,960,1520
2020-09-17,0.8870703764320785,0.8775404530744336,0.07564575645756458,0.0240448443723263,1002,82,163,6616,2,6795,1053,431,960,7725,1222,986,960,1520
2020-09-18,0.820785597381342,0.8473718364698248,0.07577268195413758,0.024965538367284424,927,76,163,6366,0,6772,1053,435,936,7705,1222,982,936,1520
2020-09-19,0.8633387888707038,0.8458144062297209,0.07582938388625593,0.028080405094368575,975,80,183,6334,0,6675,1050,397,936,7705,1222,1020,936,1520
2020-09-20,0.8273322422258592,0.7980532121998702,0.09000989119683482,0.030248820946495364,920,91,186,5963,0,6675,1050,397,936,7705,1222,1020,936,1520
2020-09-21,0.8346972176759411,0.7981829980532122,0.09607843137254903,0.03138211382113821,922,98,193,5957,0,6636,1029,410,936,7705,1222,1007,936,1520
2020-09-22,0.8289689034369886,0.8716417910447761,0.09970384995064166,0.032906491959499705,912,101,221,6495,7,6737,1055,409,936,7705,1222,1008,936,1520
2020-09-23,0.8788870703764321,0.9007138221933809,0.09590316573556797,0.03126801152737752,971,103,217,6723,5,6799,1061,405,936,7705,1222,1012,936,1520
2020-09-24,0.8919803600654664,0.9055158987670344,0.10091743119266056,0.035258707180736704,980,110,246,6731,6,6799,1062,399,936,7705,1222,1018,936,1520
2020-09-25,0.8788870703764321,0.8979883192731992,0.11266294227188083,0.03613238907356554,953,121,250,6669,6,6790,1057,405,936,7705,1222,1012,936,1520
2020-09-26,0.8829787234042553,0.882024659312135,0.11862835959221502,0.036786344908769864,951,128,250,6546,6,6722,1067,417,936,7705,1222,1000,936,1520
2020-09-27,0.869885433715221,0.835820895522388,0.12229539040451552,0.043788819875776396,933,130,282,6158,6,6709,1055,406,936,7705,1222,1011,936,1520
2020-09-28,0.855973813420622,0.8372485399091499,0.12332695984703633,0.046349403193303364,917,129,299,6152,8,6751,1063,432,936,7705,1222,985,936,1520
2020-09-29,0.8126022913256956,0.845425048669695,0.10171198388721048,0.04467301197420939,892,101,291,6223,8,6766,1060,437,936,7705,1222,980,936,1520
2020-09-30,0.8731587561374795,0.9075924724205061,0.10871602624179943,0.04361504361504361,951,116,305,6688,6,6797,1063,441,936,7705,1222,978,936,1520
2020-10-01,0.8690671031096563,0.9011031797534069,0.10263653483992467,0.04133659801238657,953,109,287,6656,4,6736,1056,393,936,7705,1222,1026,936,1520
2020-10-02,0.853518821603928,0.8955223880597015,0.1112176414189837,0.03797101449275362,927,116,262,6638,4,6779,1050,386,936,7705,1222,1033,936,1520
2020-10-03,0.8420621931260229,0.8617780661907852,0.11564625850340136,0.03569277108433735,910,119,237,6403,7,6658,1037,422,936,7705,1222,997,936,1520
2020-10-04,0.8036006546644845,0.8173913043478261,0.12321792260692464,0.03969514131470308,861,121,250,6048,6,6722,1039,417,936,7705,1222,1002,936,1520
2020-10-05,0.7978723404255319,0.8212848799480856,0.12717948717948718,0.04314159292035398,851,124,273,6055,6,6671,1050,456,936,7705,1222,963,936,1520
2020-10-06,0.867430441898527,0.8876054510058403,0.12735849056603774,0.04225764000584881,925,135,289,6550,6,6797,1073,480,936,7705,1222,939,936,1520
2020-10-07,0.8821603927986906,0.9035691109669046,0.12708719851576994,0.045245619074978455,941,137,315,6647,7,6845,1091,470,936,7705,1222,949,936,1520
2020-10-08,0.8919803600654664,0.9039584685269305,0.12018348623853212,0.047954055994257,959,131,334,6631,7,6815,1086,469,936,7705,1222,950,936,1520
2020-10-09,0.9108019639934534,0.9051265412070084,0.1275831087151842,0.04559793518784055,971,142,318,6656,8,6816,1096,472,936,7705,1222,947,936,1520
2020-10-10,0.8936170212765957,0.8757949383517196,0.1227106227106227,0.0457913455838767,958,134,309,6439,5,6760,1091,493,936,7705,1222,926,936,1520
2020-10-11,0.8461538461538461,0.8280337443218689,0.13829787234042554,0.05031347962382445,891,143,321,6059,10,6674,1084,487,936,7705,1222,932,936,1520
2020-10-12,0.8379705400981997,0.836340038935756,0.12890625,0.05307262569832402,892,132,342,6102,6,6667,1073,458,936,7705,1222,963,936,1520
2020-10-13,0.8551554828150573,0.90914990266061,0.12727272727272726,0.049393290506780874,912,133,346,6659,7,6757,1064,431,936,7705,1222,990,936,1520
2020-10-14,0.8126022913256956,0.8648929266709928,0.1148036253776435,0.04846938775510204,879,114,323,6341,7,6828,1048,436,936,7705,1222,985,936,1520
2020-10-15,0.8764320785597381,0.9113562621674237,0.1111111111111111,0.05084021646254629,952,119,357,6665,7,6856,1071,433,936,7705,1222,988,936,1520
2020-10-16,0.88379705400982,0.8807268007787151,0.1287037037037037,0.052313586796345415,941,139,355,6431,9,6833,1080,425,936,7705,1222,996,936,1520
2020-10-17,0.881342062193126,0.8384166125892277,0.12720519962859797,0.05557275541795666,940,137,359,6101,10,6649,1079,430,936,7705,1222,991,936,1520
2020-10-18,0.8445171849427169,0.8098637248539909,0.13178294573643412,0.06201923076923077,896,136,387,5853,10,6601,1069,431,936,7705,1222,992,936,1520
2020-10-19,0.8494271685761048,0.799610642439974,0.14739884393063585,0.06476221392631067,885,153,399,5762,11,6629,1070,481,936,7705,1222,950,936,1530
2020-10-20,0.8919803600654664,0.8608695652173913,0.14495412844036698,0.06196291270918137,932,158,411,6222,13,6747,1087,483,936,7705,1222,948,936,1530
2020-10-21,0.8715220949263502,0.8966904607397793,0.14460093896713616,0.060356057316543636,911,154,417,6492,15,6808,1070,497,936,7705,1222,934,936,1530
2020-10-22,0.8846153846153846,0.8992861778066191,0.14893617021276595,0.059315918602973014,920,161,411,6518,12,6771,1061,418,936,7705,1222,1013,936,1530
2020-10-23,0.8821603927986906,0.9013627514600908,0.14007421150278293,0.061195104391648665,927,151,425,6520,11,6752,1086,460,936,7705,1222,971,936,1530
2020-10-24,0.8812448812448812,0.8631524279407946,0.13011152416356878,0.06618531889290012,936,140,440,6208,11,6657,1074,461,936,7702,1221,972,936,1530
2020-10-25,0.8484848484848485,0.8291352895351857,0.14285714285714285,0.07156279361102412,888,148,457,5929,11,6613,1066,455,936,7702,1221,978,936,1530
2020-10-26,0.8181818181818182,0.8270579070371332,0.16616616616616617,0.07692307692307693,833,166,490,5880,11,6691,1063,448,936,7702,1221,985,936,1530
2020-10-27,0.8803278688524591,0.8905479096338613,0.15176908752327747,0.07391748068231521,911,163,507,6352,12,6817,1084,470,936,7702,1220,963,936,1530
2020-10-28,0.9180327868852459,0.9047000779018437,0.15535714285714286,0.0741963260619977,946,174,517,6451,12,6814,1098,423,936,7702,1220,1010,936,1530
2020-10-29,0.9188524590163935,0.9313165411581408,0.15700267618198038,0.0779311306287467,945,176,559,6614,14,6820,1096,431,936,7702,1220,1002,936,1530
2020-10-30,0.9426229508196722,0.9283303038171904,0.15391304347826087,0.08307692307692308,973,177,594,6556,14,6836,1099,442,936,7702,1220,991,936,1530
2020-10-31,0.9147540983606557,0.8941833290054532,0.16129032258064516,0.0881370698417308,936,180,607,6280,14,6828,1087,460,936,7702,1220,973,936,1530
