date,new_hosp,outcome,new_hosp_7day,report_date
2020-01-23,1,hospitalization,1,2022-07-28
2020-02-29,1,hospitalization,1,2022-07-28
2020-03-01,0,hospitalization,0.7,2022-07-28
2020-03-02,0,hospitalization,0.5,2022-07-28
2020-03-03,0,hospitalization,0.4,2022-07-28
2020-03-04,0,hospitalization,0.3,2022-07-28
2020-03-05,0,hospitalization,0.3,2022-07-28
2020-03-06,0,hospitalization,0.1,2022-07-28
2020-03-07,0,hospitalization,0,2022-07-28
2020-03-08,0,hospitalization,0,2022-07-28
2020-03-09,1,hospitalization,0.1,2022-07-28
2020-03-10,0,hospitalization,0.1,2022-07-28
2020-03-11,1,hospitalization,0.3,2022-07-28
2020-03-12,2,hospitalization,0.6,2022-07-28
2020-03-13,0,hospitalization,0.6,2022-07-28
2020-03-14,1,hospitalization,0.7,2022-07-28
2020-03-15,2,hospitalization,1,2022-07-28
2020-03-16,4,hospitalization,1.4,2022-07-28
2020-03-17,2,hospitalization,1.7,2022-07-28
2020-03-18,3,hospitalization,2,2022-07-28
2020-03-19,10,hospitalization,3.1,2022-07-28
2020-03-20,4,hospitalization,3.7,2022-07-28
2020-03-21,6,hospitalization,4.4,2022-07-28
2020-03-22,6,hospitalization,5,2022-07-28
2020-03-23,8,hospitalization,5.6,2022-07-28
2020-03-24,12,hospitalization,7,2022-07-28
2020-03-25,14,hospitalization,8.6,2022-07-28
2020-03-26,24,hospitalization,10.6,2022-07-28
2020-03-27,14,hospitalization,12,2022-07-28
2020-03-28,19,hospitalization,13.9,2022-07-28
2020-03-29,16,hospitalization,15.3,2022-07-28
2020-03-30,12,hospitalization,15.9,2022-07-28
2020-03-31,17,hospitalization,16.6,2022-07-28
2020-04-01,25,hospitalization,18.1,2022-07-28
2020-04-02,24,hospitalization,18.1,2022-07-28
2020-04-03,16,hospitalization,18.4,2022-07-28
2020-04-04,12,hospitalization,17.4,2022-07-28
2020-04-05,23,hospitalization,18.4,2022-07-28
2020-04-06,23,hospitalization,20,2022-07-28
2020-04-07,28,hospitalization,21.6,2022-07-28
2020-04-08,20,hospitalization,20.9,2022-07-28
2020-04-09,30,hospitalization,21.7,2022-07-28
2020-04-10,21,hospitalization,22.4,2022-07-28
2020-04-11,16,hospitalization,23,2022-07-28
2020-04-12,34,hospitalization,24.6,2022-07-28
2020-04-13,26,hospitalization,25,2022-07-28
2020-04-14,35,hospitalization,26,2022-07-28
2020-04-15,42,hospitalization,29.1,2022-07-28
2020-04-16,28,hospitalization,28.9,2022-07-28
2020-04-17,32,hospitalization,30.4,2022-07-28
2020-04-18,32,hospitalization,32.7,2022-07-28
2020-04-19,24,hospitalization,31.3,2022-07-28
2020-04-20,38,hospitalization,33,2022-07-28
2020-04-21,39,hospitalization,33.6,2022-07-28
2020-04-22,48,hospitalization,34.4,2022-07-28
2020-04-23,46,hospitalization,37,2022-07-28
2020-04-24,49,hospitalization,39.4,2022-07-28
2020-04-25,42,hospitalization,40.9,2022-07-28
2020-04-26,46,hospitalization,44,2022-07-28
2020-04-27,61,hospitalization,47.3,2022-07-28
2020-04-28,50,hospitalization,48.9,2022-07-28
2020-04-29,65,hospitalization,51.3,2022-07-28
2020-04-30,58,hospitalization,53,2022-07-28
2020-05-01,61,hospitalization,54.7,2022-07-28
2020-05-02,72,hospitalization,59,2022-07-28
2020-05-03,65,hospitalization,61.7,2022-07-28
2020-05-04,60,hospitalization,61.6,2022-07-28
2020-05-05,60,hospitalization,63,2022-07-28
2020-05-06,70,hospitalization,63.7,2022-07-28
2020-05-07,59,hospitalization,63.9,2022-07-28
2020-05-08,62,hospitalization,64,2022-07-28
2020-05-09,63,hospitalization,62.7,2022-07-28
2020-05-10,55,hospitalization,61.3,2022-07-28
2020-05-11,61,hospitalization,61.4,2022-07-28
2020-05-12,54,hospitalization,60.6,2022-07-28
2020-05-13,72,hospitalization,60.9,2022-07-28
2020-05-14,60,hospitalization,61,2022-07-28
2020-05-15,65,hospitalization,61.4,2022-07-28
2020-05-16,76,hospitalization,63.3,2022-07-28
2020-05-17,57,hospitalization,63.6,2022-07-28
2020-05-18,69,hospitalization,64.7,2022-07-28
2020-05-19,86,hospitalization,69.3,2022-07-28
2020-05-20,81,hospitalization,70.6,2022-07-28
2020-05-21,84,hospitalization,74,2022-07-28
2020-05-22,69,hospitalization,74.6,2022-07-28
2020-05-23,63,hospitalization,72.7,2022-07-28
2020-05-24,57,hospitalization,72.7,2022-07-28
2020-05-25,67,hospitalization,72.4,2022-07-28
2020-05-26,78,hospitalization,71.3,2022-07-28
2020-05-27,61,hospitalization,68.4,2022-07-28
2020-05-28,53,hospitalization,64,2022-07-28
2020-05-29,49,hospitalization,61.1,2022-07-28
2020-05-30,39,hospitalization,57.7,2022-07-28
2020-05-31,42,hospitalization,55.6,2022-07-28
2020-06-01,62,hospitalization,54.9,2022-07-28
2020-06-02,38,hospitalization,49.1,2022-07-28
2020-06-03,30,hospitalization,44.7,2022-07-28
2020-06-04,42,hospitalization,43.1,2022-07-28
2020-06-05,31,hospitalization,40.6,2022-07-28
2020-06-06,39,hospitalization,40.6,2022-07-28
2020-06-07,37,hospitalization,39.9,2022-07-28
2020-06-08,44,hospitalization,37.3,2022-07-28
2020-06-09,32,hospitalization,36.4,2022-07-28
2020-06-10,37,hospitalization,37.4,2022-07-28
2020-06-11,29,hospitalization,35.6,2022-07-28
2020-06-12,29,hospitalization,35.3,2022-07-28
2020-06-13,21,hospitalization,32.7,2022-07-28
2020-06-14,27,hospitalization,31.3,2022-07-28
2020-06-15,36,hospitalization,30.1,2022-07-28
2020-06-16,24,hospitalization,29,2022-07-28
2020-06-17,28,hospitalization,27.7,2022-07-28
2020-06-18,24,hospitalization,27,2022-07-28
2020-06-19,39,hospitalization,28.4,2022-07-28
2020-06-20,25,hospitalization,29,2022-07-28
2020-06-21,30,hospitalization,29.4,2022-07-28
2020-06-22,33,hospitalization,29,2022-07-28
2020-06-23,28,hospitalization,29.6,2022-07-28
2020-06-24,29,hospitalization,29.7,2022-07-28
2020-06-25,28,hospitalization,30.3,2022-07-28
2020-06-26,25,hospitalization,28.3,2022-07-28
2020-06-27,18,hospitalization,27.3,2022-07-28
2020-06-28,19,hospitalization,25.7,2022-07-28
2020-06-29,39,hospitalization,26.6,2022-07-28
2020-06-30,34,hospitalization,27.4,2022-07-28
2020-07-01,21,hospitalization,26.3,2022-07-28
2020-07-02,27,hospitalization,26.1,2022-07-28
2020-07-03,26,hospitalization,26.3,2022-07-28
2020-07-04,25,hospitalization,27.3,2022-07-28
2020-07-05,30,hospitalization,28.9,2022-07-28
2020-07-06,34,hospitalization,28.1,2022-07-28
2020-07-07,25,hospitalization,26.9,2022-07-28
2020-07-08,33,hospitalization,28.6,2022-07-28
2020-07-09,31,hospitalization,29.1,2022-07-28
2020-07-10,30,hospitalization,29.7,2022-07-28
2020-07-11,27,hospitalization,30,2022-07-28
2020-07-12,30,hospitalization,30,2022-07-28
2020-07-13,34,hospitalization,30,2022-07-28
2020-07-14,31,hospitalization,30.9,2022-07-28
2020-07-15,41,hospitalization,32,2022-07-28
2020-07-16,42,hospitalization,33.6,2022-07-28
2020-07-17,41,hospitalization,35.1,2022-07-28
2020-07-18,45,hospitalization,37.7,2022-07-28
2020-07-19,42,hospitalization,39.4,2022-07-28
2020-07-20,32,hospitalization,39.1,2022-07-28
2020-07-21,41,hospitalization,40.6,2022-07-28
2020-07-22,38,hospitalization,40.1,2022-07-28
2020-07-23,42,hospitalization,40.1,2022-07-28
2020-07-24,41,hospitalization,40.1,2022-07-28
2020-07-25,49,hospitalization,40.7,2022-07-28
2020-07-26,31,hospitalization,39.1,2022-07-28
2020-07-27,38,hospitalization,40,2022-07-28
2020-07-28,38,hospitalization,39.6,2022-07-28
2020-07-29,55,hospitalization,42,2022-07-28
2020-07-30,56,hospitalization,44,2022-07-28
2020-07-31,35,hospitalization,43.1,2022-07-28
2020-08-01,47,hospitalization,42.9,2022-07-28
2020-08-02,34,hospitalization,43.3,2022-07-28
2020-08-03,49,hospitalization,44.9,2022-07-28
2020-08-04,37,hospitalization,44.7,2022-07-28
2020-08-05,41,hospitalization,42.7,2022-07-28
2020-08-06,47,hospitalization,41.4,2022-07-28
2020-08-07,53,hospitalization,44,2022-07-28
2020-08-08,51,hospitalization,44.6,2022-07-28
2020-08-09,47,hospitalization,46.4,2022-07-28
2020-08-10,46,hospitalization,46,2022-07-28
2020-08-11,37,hospitalization,46,2022-07-28
2020-08-12,41,hospitalization,46,2022-07-28
2020-08-13,41,hospitalization,45.1,2022-07-28
2020-08-14,39,hospitalization,43.1,2022-07-28
2020-08-15,44,hospitalization,42.1,2022-07-28
2020-08-16,46,hospitalization,42,2022-07-28
2020-08-17,46,hospitalization,42,2022-07-28
2020-08-18,36,hospitalization,41.9,2022-07-28
2020-08-19,41,hospitalization,41.9,2022-07-28
2020-08-20,47,hospitalization,42.7,2022-07-28
2020-08-21,52,hospitalization,44.6,2022-07-28
2020-08-22,35,hospitalization,43.3,2022-07-28
2020-08-23,37,hospitalization,42,2022-07-28
2020-08-24,45,hospitalization,41.9,2022-07-28
2020-08-25,42,hospitalization,42.7,2022-07-28
2020-08-26,44,hospitalization,43.1,2022-07-28
2020-08-27,45,hospitalization,42.9,2022-07-28
2020-08-28,49,hospitalization,42.4,2022-07-28
2020-08-29,32,hospitalization,42,2022-07-28
2020-08-30,24,hospitalization,40.1,2022-07-28
2020-08-31,33,hospitalization,38.4,2022-07-28
2020-09-01,38,hospitalization,37.9,2022-07-28
2020-09-02,42,hospitalization,37.6,2022-07-28
2020-09-03,41,hospitalization,37,2022-07-28
2020-09-04,37,hospitalization,35.3,2022-07-28
2020-09-05,34,hospitalization,35.6,2022-07-28
2020-09-06,27,hospitalization,36,2022-07-28
2020-09-07,25,hospitalization,34.9,2022-07-28
2020-09-08,36,hospitalization,34.6,2022-07-28
2020-09-09,36,hospitalization,33.7,2022-07-28
2020-09-10,29,hospitalization,32,2022-07-28
2020-09-11,29,hospitalization,30.9,2022-07-28
2020-09-12,31,hospitalization,30.4,2022-07-28
2020-09-13,30,hospitalization,30.9,2022-07-28
2020-09-14,29,hospitalization,31.4,2022-07-28
2020-09-15,36,hospitalization,31.4,2022-07-28
2020-09-16,43,hospitalization,32.4,2022-07-28
2020-09-17,42,hospitalization,34.3,2022-07-28
2020-09-18,42,hospitalization,36.1,2022-07-28
2020-09-19,43,hospitalization,37.9,2022-07-28
2020-09-20,44,hospitalization,39.9,2022-07-28
2020-09-21,54,hospitalization,43.4,2022-07-28
2020-09-22,62,hospitalization,47.1,2022-07-28
2020-09-23,66,hospitalization,50.4,2022-07-28
2020-09-24,52,hospitalization,51.9,2022-07-28
2020-09-25,62,hospitalization,54.7,2022-07-28
2020-09-26,68,hospitalization,58.3,2022-07-28
2020-09-27,50,hospitalization,59.1,2022-07-28
2020-09-28,55,hospitalization,59.3,2022-07-28
2020-09-29,61,hospitalization,59.1,2022-07-28
2020-09-30,47,hospitalization,56.4,2022-07-28
2020-10-01,51,hospitalization,56.3,2022-07-28
2020-10-02,58,hospitalization,55.7,2022-07-28
2020-10-03,58,hospitalization,54.3,2022-07-28
2020-10-04,55,hospitalization,55,2022-07-28
2020-10-05,94,hospitalization,60.6,2022-07-28
2020-10-06,73,hospitalization,62.3,2022-07-28
2020-10-07,81,hospitalization,67.1,2022-07-28
2020-10-08,64,hospitalization,69,2022-07-28
2020-10-09,67,hospitalization,70.3,2022-07-28
2020-10-10,62,hospitalization,70.9,2022-07-28
2020-10-11,69,hospitalization,72.9,2022-07-28
2020-10-12,82,hospitalization,71.1,2022-07-28
2020-10-13,79,hospitalization,72,2022-07-28
2020-10-14,76,hospitalization,71.3,2022-07-28
2020-10-15,91,hospitalization,75.1,2022-07-28
2020-10-16,88,hospitalization,78.1,2022-07-28
2020-10-17,68,hospitalization,79,2022-07-28
2020-10-18,85,hospitalization,81.3,2022-07-28
2020-10-19,105,hospitalization,84.6,2022-07-28
2020-10-20,83,hospitalization,85.1,2022-07-28
2020-10-21,104,hospitalization,89.1,2022-07-28
2020-10-22,98,hospitalization,90.1,2022-07-28
2020-10-23,121,hospitalization,94.9,2022-07-28
2020-10-24,100,hospitalization,99.4,2022-07-28
2020-10-25,98,hospitalization,101.3,2022-07-28
2020-10-26,128,hospitalization,104.6,2022-07-28
2020-10-27,134,hospitalization,111.9,2022-07-28
2020-10-28,145,hospitalization,117.7,2022-07-28
2020-10-29,126,hospitalization,121.7,2022-07-28
2020-10-30,144,hospitalization,125,2022-07-28
2020-10-31,136,hospitalization,130.1,2022-07-28
2020-11-01,152,hospitalization,137.9,2022-07-28
2020-11-02,173,hospitalization,144.3,2022-07-28
2020-11-03,190,hospitalization,152.3,2022-07-28
2020-11-04,173,hospitalization,156.3,2022-07-28
2020-11-05,212,hospitalization,168.6,2022-07-28
2020-11-06,204,hospitalization,177.1,2022-07-28
2020-11-07,203,hospitalization,186.7,2022-07-28
2020-11-08,197,hospitalization,193.1,2022-07-28
2020-11-09,238,hospitalization,202.4,2022-07-28
2020-11-10,250,hospitalization,211,2022-07-28
2020-11-11,240,hospitalization,220.6,2022-07-28
2020-11-12,247,hospitalization,225.6,2022-07-28
2020-11-13,241,hospitalization,230.9,2022-07-28
2020-11-14,248,hospitalization,237.3,2022-07-28
2020-11-15,240,hospitalization,243.4,2022-07-28
2020-11-16,304,hospitalization,252.9,2022-07-28
2020-11-17,275,hospitalization,256.4,2022-07-28
2020-11-18,281,hospitalization,262.3,2022-07-28
2020-11-19,309,hospitalization,271.1,2022-07-28
2020-11-20,224,hospitalization,268.7,2022-07-28
2020-11-21,226,hospitalization,265.6,2022-07-28
2020-11-22,240,hospitalization,265.6,2022-07-28
2020-11-23,262,hospitalization,259.6,2022-07-28
2020-11-24,271,hospitalization,259,2022-07-28
2020-11-25,222,hospitalization,250.6,2022-07-28
2020-11-26,196,hospitalization,234.4,2022-07-28
2020-11-27,252,hospitalization,238.4,2022-07-28
2020-11-28,210,hospitalization,236.1,2022-07-28
2020-11-29,216,hospitalization,232.7,2022-07-28
2020-11-30,244,hospitalization,230.1,2022-07-28
2020-12-01,231,hospitalization,224.4,2022-07-28
2020-12-02,202,hospitalization,221.6,2022-07-28
2020-12-03,216,hospitalization,224.4,2022-07-28
2020-12-04,222,hospitalization,220.1,2022-07-28
2020-12-05,156,hospitalization,212.4,2022-07-28
2020-12-06,168,hospitalization,205.6,2022-07-28
2020-12-07,213,hospitalization,201.1,2022-07-28
2020-12-08,213,hospitalization,198.6,2022-07-28
2020-12-09,199,hospitalization,198.1,2022-07-28
2020-12-10,167,hospitalization,191.1,2022-07-28
2020-12-11,171,hospitalization,183.9,2022-07-28
2020-12-12,145,hospitalization,182.3,2022-07-28
2020-12-13,143,hospitalization,178.7,2022-07-28
2020-12-14,171,hospitalization,172.7,2022-07-28
2020-12-15,158,hospitalization,164.9,2022-07-28
2020-12-16,148,hospitalization,157.6,2022-07-28
2020-12-17,127,hospitalization,151.9,2022-07-28
2020-12-18,135,hospitalization,146.7,2022-07-28
2020-12-19,112,hospitalization,142,2022-07-28
2020-12-20,105,hospitalization,136.6,2022-07-28
2020-12-21,122,hospitalization,129.6,2022-07-28
2020-12-22,125,hospitalization,124.9,2022-07-28
2020-12-23,112,hospitalization,119.7,2022-07-28
2020-12-24,85,hospitalization,113.7,2022-07-28
2020-12-25,103,hospitalization,109.1,2022-07-28
2020-12-26,124,hospitalization,110.9,2022-07-28
2020-12-27,110,hospitalization,111.6,2022-07-28
2020-12-28,135,hospitalization,113.4,2022-07-28
2020-12-29,108,hospitalization,111,2022-07-28
2020-12-30,123,hospitalization,112.6,2022-07-28
2020-12-31,80,hospitalization,111.9,2022-07-28
2021-01-01,95,hospitalization,110.7,2022-07-28
2021-01-02,105,hospitalization,108,2022-07-28
2021-01-03,92,hospitalization,105.4,2022-07-28
2021-01-04,99,hospitalization,100.3,2022-07-28
2021-01-05,102,hospitalization,99.4,2022-07-28
2021-01-06,95,hospitalization,95.4,2022-07-28
2021-01-07,92,hospitalization,97.1,2022-07-28
2021-01-08,99,hospitalization,97.7,2022-07-28
2021-01-09,72,hospitalization,93,2022-07-28
2021-01-10,61,hospitalization,88.6,2022-07-28
2021-01-11,86,hospitalization,86.7,2022-07-28
2021-01-12,96,hospitalization,85.9,2022-07-28
2021-01-13,88,hospitalization,84.9,2022-07-28
2021-01-14,94,hospitalization,85.1,2022-07-28
2021-01-15,77,hospitalization,82,2022-07-28
2021-01-16,56,hospitalization,79.7,2022-07-28
2021-01-17,67,hospitalization,80.6,2022-07-28
2021-01-18,82,hospitalization,80,2022-07-28
2021-01-19,72,hospitalization,76.6,2022-07-28
2021-01-20,94,hospitalization,77.4,2022-07-28
2021-01-21,74,hospitalization,74.6,2022-07-28
2021-01-22,61,hospitalization,72.3,2022-07-28
2021-01-23,45,hospitalization,70.7,2022-07-28
2021-01-24,47,hospitalization,67.9,2022-07-28
2021-01-25,79,hospitalization,67.4,2022-07-28
2021-01-26,66,hospitalization,66.6,2022-07-28
2021-01-27,67,hospitalization,62.7,2022-07-28
2021-01-28,45,hospitalization,58.6,2022-07-28
2021-01-29,50,hospitalization,57,2022-07-28
2021-01-30,31,hospitalization,55,2022-07-28
2021-01-31,60,hospitalization,56.9,2022-07-28
2021-02-01,56,hospitalization,53.6,2022-07-28
2021-02-02,55,hospitalization,52,2022-07-28
2021-02-03,49,hospitalization,49.4,2022-07-28
2021-02-04,75,hospitalization,53.7,2022-07-28
2021-02-05,56,hospitalization,54.6,2022-07-28
2021-02-06,32,hospitalization,54.7,2022-07-28
2021-02-07,38,hospitalization,51.6,2022-07-28
2021-02-08,68,hospitalization,53.3,2022-07-28
2021-02-09,66,hospitalization,54.9,2022-07-28
2021-02-10,60,hospitalization,56.4,2022-07-28
2021-02-11,58,hospitalization,54,2022-07-28
2021-02-12,56,hospitalization,54,2022-07-28
2021-02-13,41,hospitalization,55.3,2022-07-28
2021-02-14,38,hospitalization,55.3,2022-07-28
2021-02-15,44,hospitalization,51.9,2022-07-28
2021-02-16,48,hospitalization,49.3,2022-07-28
2021-02-17,41,hospitalization,46.6,2022-07-28
2021-02-18,48,hospitalization,45.1,2022-07-28
2021-02-19,34,hospitalization,42,2022-07-28
2021-02-20,28,hospitalization,40.1,2022-07-28
2021-02-21,30,hospitalization,39,2022-07-28
2021-02-22,53,hospitalization,40.3,2022-07-28
2021-02-23,49,hospitalization,40.4,2022-07-28
2021-02-24,46,hospitalization,41.1,2022-07-28
2021-02-25,43,hospitalization,40.4,2022-07-28
2021-02-26,44,hospitalization,41.9,2022-07-28
2021-02-27,37,hospitalization,43.1,2022-07-28
2021-02-28,39,hospitalization,44.4,2022-07-28
2021-03-01,37,hospitalization,42.1,2022-07-28
2021-03-02,26,hospitalization,38.9,2022-07-28
2021-03-03,43,hospitalization,38.4,2022-07-28
2021-03-04,34,hospitalization,37.1,2022-07-28
2021-03-05,30,hospitalization,35.1,2022-07-28
2021-03-06,36,hospitalization,35,2022-07-28
2021-03-07,58,hospitalization,37.7,2022-07-28
2021-03-08,50,hospitalization,39.6,2022-07-28
2021-03-09,39,hospitalization,41.4,2022-07-28
2021-03-10,46,hospitalization,41.9,2022-07-28
2021-03-11,58,hospitalization,45.3,2022-07-28
2021-03-12,43,hospitalization,47.1,2022-07-28
2021-03-13,37,hospitalization,47.3,2022-07-28
2021-03-14,39,hospitalization,44.6,2022-07-28
2021-03-15,64,hospitalization,46.6,2022-07-28
2021-03-16,66,hospitalization,50.4,2022-07-28
2021-03-17,69,hospitalization,53.7,2022-07-28
2021-03-18,59,hospitalization,53.9,2022-07-28
2021-03-19,59,hospitalization,56.1,2022-07-28
2021-03-20,52,hospitalization,58.3,2022-07-28
2021-03-21,62,hospitalization,61.6,2022-07-28
2021-03-22,61,hospitalization,61.1,2022-07-28
2021-03-23,78,hospitalization,62.9,2022-07-28
2021-03-24,69,hospitalization,62.9,2022-07-28
2021-03-25,53,hospitalization,62,2022-07-28
2021-03-26,51,hospitalization,60.9,2022-07-28
2021-03-27,72,hospitalization,63.7,2022-07-28
2021-03-28,52,hospitalization,62.3,2022-07-28
2021-03-29,94,hospitalization,67,2022-07-28
2021-03-30,78,hospitalization,67,2022-07-28
2021-03-31,74,hospitalization,67.7,2022-07-28
2021-04-01,81,hospitalization,71.7,2022-07-28
2021-04-02,84,hospitalization,76.4,2022-07-28
2021-04-03,59,hospitalization,74.6,2022-07-28
2021-04-04,102,hospitalization,81.7,2022-07-28
2021-04-05,116,hospitalization,84.9,2022-07-28
2021-04-06,104,hospitalization,88.6,2022-07-28
2021-04-07,114,hospitalization,94.3,2022-07-28
2021-04-08,114,hospitalization,99,2022-07-28
2021-04-09,117,hospitalization,103.7,2022-07-28
2021-04-10,88,hospitalization,107.9,2022-07-28
2021-04-11,113,hospitalization,109.4,2022-07-28
2021-04-12,108,hospitalization,108.3,2022-07-28
2021-04-13,108,hospitalization,108.9,2022-07-28
2021-04-14,118,hospitalization,109.4,2022-07-28
2021-04-15,116,hospitalization,109.7,2022-07-28
2021-04-16,122,hospitalization,110.4,2022-07-28
2021-04-17,90,hospitalization,110.7,2022-07-28
2021-04-18,93,hospitalization,107.9,2022-07-28
2021-04-19,103,hospitalization,107.1,2022-07-28
2021-04-20,104,hospitalization,106.6,2022-07-28
2021-04-21,108,hospitalization,105.1,2022-07-28
2021-04-22,104,hospitalization,103.4,2022-07-28
2021-04-23,92,hospitalization,99.1,2022-07-28
2021-04-24,79,hospitalization,97.6,2022-07-28
2021-04-25,81,hospitalization,95.9,2022-07-28
2021-04-26,115,hospitalization,97.6,2022-07-28
2021-04-27,101,hospitalization,97.1,2022-07-28
2021-04-28,93,hospitalization,95,2022-07-28
2021-04-29,103,hospitalization,94.9,2022-07-28
2021-04-30,78,hospitalization,92.9,2022-07-28
2021-05-01,80,hospitalization,93,2022-07-28
2021-05-02,76,hospitalization,92.3,2022-07-28
2021-05-03,97,hospitalization,89.7,2022-07-28
2021-05-04,82,hospitalization,87,2022-07-28
2021-05-05,86,hospitalization,86,2022-07-28
2021-05-06,61,hospitalization,80,2022-07-28
2021-05-07,53,hospitalization,76.4,2022-07-28
2021-05-08,59,hospitalization,73.4,2022-07-28
2021-05-09,80,hospitalization,74,2022-07-28
2021-05-10,57,hospitalization,68.3,2022-07-28
2021-05-11,59,hospitalization,65,2022-07-28
2021-05-12,77,hospitalization,63.7,2022-07-28
2021-05-13,65,hospitalization,64.3,2022-07-28
2021-05-14,51,hospitalization,64,2022-07-28
2021-05-15,44,hospitalization,61.9,2022-07-28
2021-05-16,52,hospitalization,57.9,2022-07-28
2021-05-17,57,hospitalization,57.9,2022-07-28
2021-05-18,57,hospitalization,57.6,2022-07-28
2021-05-19,50,hospitalization,53.7,2022-07-28
2021-05-20,54,hospitalization,52.1,2022-07-28
2021-05-21,49,hospitalization,51.9,2022-07-28
2021-05-22,56,hospitalization,53.6,2022-07-28
2021-05-23,43,hospitalization,52.3,2022-07-28
2021-05-24,60,hospitalization,52.7,2022-07-28
2021-05-25,44,hospitalization,50.9,2022-07-28
2021-05-26,33,hospitalization,48.4,2022-07-28
2021-05-27,27,hospitalization,44.6,2022-07-28
2021-05-28,22,hospitalization,40.7,2022-07-28
2021-05-29,27,hospitalization,36.6,2022-07-28
2021-05-30,35,hospitalization,35.4,2022-07-28
2021-05-31,22,hospitalization,30,2022-07-28
2021-06-01,36,hospitalization,28.9,2022-07-28
2021-06-02,22,hospitalization,27.3,2022-07-28
2021-06-03,23,hospitalization,26.7,2022-07-28
2021-06-04,35,hospitalization,28.6,2022-07-28
2021-06-05,23,hospitalization,28,2022-07-28
2021-06-06,22,hospitalization,26.1,2022-07-28
2021-06-07,33,hospitalization,27.7,2022-07-28
2021-06-08,29,hospitalization,26.7,2022-07-28
2021-06-09,27,hospitalization,27.4,2022-07-28
2021-06-10,19,hospitalization,26.9,2022-07-28
2021-06-11,12,hospitalization,23.6,2022-07-28
2021-06-12,18,hospitalization,22.9,2022-07-28
2021-06-13,10,hospitalization,21.1,2022-07-28
2021-06-14,25,hospitalization,20,2022-07-28
2021-06-15,19,hospitalization,18.6,2022-07-28
2021-06-16,15,hospitalization,16.9,2022-07-28
2021-06-17,15,hospitalization,16.3,2022-07-28
2021-06-18,17,hospitalization,17,2022-07-28
2021-06-19,9,hospitalization,15.7,2022-07-28
2021-06-20,16,hospitalization,16.6,2022-07-28
2021-06-21,19,hospitalization,15.7,2022-07-28
2021-06-22,20,hospitalization,15.9,2022-07-28
2021-06-23,16,hospitalization,16,2022-07-28
2021-06-24,10,hospitalization,15.3,2022-07-28
2021-06-25,16,hospitalization,15.1,2022-07-28
2021-06-26,7,hospitalization,14.9,2022-07-28
2021-06-27,17,hospitalization,15,2022-07-28
2021-06-28,16,hospitalization,14.6,2022-07-28
2021-06-29,18,hospitalization,14.3,2022-07-28
2021-06-30,25,hospitalization,15.6,2022-07-28
2021-07-01,16,hospitalization,16.4,2022-07-28
2021-07-02,19,hospitalization,16.9,2022-07-28
2021-07-03,14,hospitalization,17.9,2022-07-28
2021-07-04,18,hospitalization,18,2022-07-28
2021-07-05,13,hospitalization,17.6,2022-07-28
2021-07-06,15,hospitalization,17.1,2022-07-28
2021-07-07,21,hospitalization,16.6,2022-07-28
2021-07-08,16,hospitalization,16.6,2022-07-28
2021-07-09,23,hospitalization,17.1,2022-07-28
2021-07-10,17,hospitalization,17.6,2022-07-28
2021-07-11,16,hospitalization,17.3,2022-07-28
2021-07-12,20,hospitalization,18.3,2022-07-28
2021-07-13,17,hospitalization,18.6,2022-07-28
2021-07-14,28,hospitalization,19.6,2022-07-28
2021-07-15,23,hospitalization,20.6,2022-07-28
2021-07-16,19,hospitalization,20,2022-07-28
2021-07-17,17,hospitalization,20,2022-07-28
2021-07-18,21,hospitalization,20.7,2022-07-28
2021-07-19,20,hospitalization,20.7,2022-07-28
2021-07-20,22,hospitalization,21.4,2022-07-28
2021-07-21,31,hospitalization,21.9,2022-07-28
2021-07-22,37,hospitalization,23.9,2022-07-28
2021-07-23,34,hospitalization,26,2022-07-28
2021-07-24,36,hospitalization,28.7,2022-07-28
2021-07-25,21,hospitalization,28.7,2022-07-28
2021-07-26,39,hospitalization,31.4,2022-07-28
2021-07-27,47,hospitalization,35,2022-07-28
2021-07-28,46,hospitalization,37.1,2022-07-28
2021-07-29,39,hospitalization,37.4,2022-07-28
2021-07-30,35,hospitalization,37.6,2022-07-28
2021-07-31,34,hospitalization,37.3,2022-07-28
2021-08-01,35,hospitalization,39.3,2022-07-28
2021-08-02,46,hospitalization,40.3,2022-07-28
2021-08-03,34,hospitalization,38.4,2022-07-28
2021-08-04,49,hospitalization,38.9,2022-07-28
2021-08-05,51,hospitalization,40.6,2022-07-28
2021-08-06,39,hospitalization,41.1,2022-07-28
2021-08-07,58,hospitalization,44.6,2022-07-28
2021-08-08,53,hospitalization,47.1,2022-07-28
2021-08-09,63,hospitalization,49.6,2022-07-28
2021-08-10,72,hospitalization,55,2022-07-28
2021-08-11,58,hospitalization,56.3,2022-07-28
2021-08-12,63,hospitalization,58,2022-07-28
2021-08-13,60,hospitalization,61,2022-07-28
2021-08-14,53,hospitalization,60.3,2022-07-28
2021-08-15,78,hospitalization,63.9,2022-07-28
2021-08-16,73,hospitalization,65.3,2022-07-28
2021-08-17,86,hospitalization,67.3,2022-07-28
2021-08-18,86,hospitalization,71.3,2022-07-28
2021-08-19,82,hospitalization,74,2022-07-28
2021-08-20,69,hospitalization,75.3,2022-07-28
2021-08-21,58,hospitalization,76,2022-07-28
2021-08-22,74,hospitalization,75.4,2022-07-28
2021-08-23,105,hospitalization,80,2022-07-28
2021-08-24,91,hospitalization,80.7,2022-07-28
2021-08-25,87,hospitalization,80.9,2022-07-28
2021-08-26,88,hospitalization,81.7,2022-07-28
2021-08-27,64,hospitalization,81,2022-07-28
2021-08-28,82,hospitalization,84.4,2022-07-28
2021-08-29,75,hospitalization,84.6,2022-07-28
2021-08-30,90,hospitalization,82.4,2022-07-28
2021-08-31,78,hospitalization,80.6,2022-07-28
2021-09-01,97,hospitalization,82,2022-07-28
2021-09-02,72,hospitalization,79.7,2022-07-28
2021-09-03,81,hospitalization,82.1,2022-07-28
2021-09-04,78,hospitalization,81.6,2022-07-28
2021-09-05,92,hospitalization,84,2022-07-28
2021-09-06,83,hospitalization,83,2022-07-28
2021-09-07,112,hospitalization,87.9,2022-07-28
2021-09-08,85,hospitalization,86.1,2022-07-28
2021-09-09,86,hospitalization,88.1,2022-07-28
2021-09-10,85,hospitalization,88.7,2022-07-28
2021-09-11,85,hospitalization,89.7,2022-07-28
2021-09-12,99,hospitalization,90.7,2022-07-28
2021-09-13,107,hospitalization,94.1,2022-07-28
2021-09-14,92,hospitalization,91.3,2022-07-28
2021-09-15,97,hospitalization,93,2022-07-28
2021-09-16,114,hospitalization,97,2022-07-28
2021-09-17,97,hospitalization,98.7,2022-07-28
2021-09-18,92,hospitalization,99.7,2022-07-28
2021-09-19,95,hospitalization,99.1,2022-07-28
2021-09-20,98,hospitalization,97.9,2022-07-28
2021-09-21,107,hospitalization,100,2022-07-28
2021-09-22,110,hospitalization,101.9,2022-07-28
2021-09-23,84,hospitalization,97.6,2022-07-28
2021-09-24,109,hospitalization,99.3,2022-07-28
2021-09-25,107,hospitalization,101.4,2022-07-28
2021-09-26,94,hospitalization,101.3,2022-07-28
2021-09-27,126,hospitalization,105.3,2022-07-28
2021-09-28,117,hospitalization,106.7,2022-07-28
2021-09-29,104,hospitalization,105.9,2022-07-28
2021-09-30,105,hospitalization,108.9,2022-07-28
2021-10-01,105,hospitalization,108.3,2022-07-28
2021-10-02,100,hospitalization,107.3,2022-07-28
2021-10-03,111,hospitalization,109.7,2022-07-28
2021-10-04,127,hospitalization,109.9,2022-07-28
2021-10-05,106,hospitalization,108.3,2022-07-28
2021-10-06,132,hospitalization,112.3,2022-07-28
2021-10-07,132,hospitalization,116.1,2022-07-28
2021-10-08,118,hospitalization,118,2022-07-28
2021-10-09,94,hospitalization,117.1,2022-07-28
2021-10-10,112,hospitalization,117.3,2022-07-28
2021-10-11,128,hospitalization,117.4,2022-07-28
2021-10-12,137,hospitalization,121.9,2022-07-28
2021-10-13,130,hospitalization,121.6,2022-07-28
2021-10-14,100,hospitalization,117,2022-07-28
2021-10-15,98,hospitalization,114.1,2022-07-28
2021-10-16,95,hospitalization,114.3,2022-07-28
2021-10-17,97,hospitalization,112.1,2022-07-28
2021-10-18,101,hospitalization,108.3,2022-07-28
2021-10-19,100,hospitalization,103,2022-07-28
2021-10-20,96,hospitalization,98.1,2022-07-28
2021-10-21,114,hospitalization,100.1,2022-07-28
2021-10-22,92,hospitalization,99.3,2022-07-28
2021-10-23,80,hospitalization,97.1,2022-07-28
2021-10-24,109,hospitalization,98.9,2022-07-28
2021-10-25,121,hospitalization,101.7,2022-07-28
2021-10-26,105,hospitalization,102.4,2022-07-28
2021-10-27,100,hospitalization,103,2022-07-28
2021-10-28,120,hospitalization,103.9,2022-07-28
2021-10-29,110,hospitalization,106.4,2022-07-28
2021-10-30,93,hospitalization,108.3,2022-07-28
2021-10-31,111,hospitalization,108.6,2022-07-28
2021-11-01,129,hospitalization,109.7,2022-07-28
2021-11-02,126,hospitalization,112.7,2022-07-28
2021-11-03,121,hospitalization,115.7,2022-07-28
2021-11-04,119,hospitalization,115.6,2022-07-28
2021-11-05,113,hospitalization,116,2022-07-28
2021-11-06,136,hospitalization,122.1,2022-07-28
2021-11-07,144,hospitalization,126.9,2022-07-28
2021-11-08,175,hospitalization,133.4,2022-07-28
2021-11-09,165,hospitalization,139,2022-07-28
2021-11-10,174,hospitalization,146.6,2022-07-28
2021-11-11,178,hospitalization,155,2022-07-28
2021-11-12,165,hospitalization,162.4,2022-07-28
2021-11-13,152,hospitalization,164.7,2022-07-28
2021-11-14,175,hospitalization,169.1,2022-07-28
2021-11-15,194,hospitalization,171.9,2022-07-28
2021-11-16,190,hospitalization,175.4,2022-07-28
2021-11-17,172,hospitalization,175.1,2022-07-28
2021-11-18,127,hospitalization,167.9,2022-07-28
2021-11-19,164,hospitalization,167.7,2022-07-28
2021-11-20,145,hospitalization,166.7,2022-07-28
2021-11-21,156,hospitalization,164,2022-07-28
2021-11-22,192,hospitalization,163.7,2022-07-28
2021-11-23,189,hospitalization,163.6,2022-07-28
2021-11-24,176,hospitalization,164.1,2022-07-28
2021-11-25,132,hospitalization,164.9,2022-07-28
2021-11-26,173,hospitalization,166.1,2022-07-28
2021-11-27,183,hospitalization,171.6,2022-07-28
2021-11-28,188,hospitalization,176.1,2022-07-28
2021-11-29,194,hospitalization,176.4,2022-07-28
2021-11-30,176,hospitalization,174.6,2022-07-28
2021-12-01,206,hospitalization,178.9,2022-07-28
2021-12-02,195,hospitalization,187.9,2022-07-28
2021-12-03,163,hospitalization,186.4,2022-07-28
2021-12-04,178,hospitalization,185.7,2022-07-28
2021-12-05,176,hospitalization,184,2022-07-28
2021-12-06,190,hospitalization,183.4,2022-07-28
2021-12-07,206,hospitalization,187.7,2022-07-28
2021-12-08,199,hospitalization,186.7,2022-07-28
2021-12-09,176,hospitalization,184,2022-07-28
2021-12-10,147,hospitalization,181.7,2022-07-28
2021-12-11,156,hospitalization,178.6,2022-07-28
2021-12-12,146,hospitalization,174.3,2022-07-28
2021-12-13,183,hospitalization,173.3,2022-07-28
2021-12-14,166,hospitalization,167.6,2022-07-28
2021-12-15,161,hospitalization,162.1,2022-07-28
2021-12-16,134,hospitalization,156.1,2022-07-28
2021-12-17,132,hospitalization,154,2022-07-28
2021-12-18,103,hospitalization,146.4,2022-07-28
2021-12-19,140,hospitalization,145.6,2022-07-28
2021-12-20,128,hospitalization,137.7,2022-07-28
2021-12-21,162,hospitalization,137.1,2022-07-28
2021-12-22,136,hospitalization,133.6,2022-07-28
2021-12-23,140,hospitalization,134.4,2022-07-28
2021-12-24,120,hospitalization,132.7,2022-07-28
2021-12-25,93,hospitalization,131.3,2022-07-28
2021-12-26,129,hospitalization,129.7,2022-07-28
2021-12-27,152,hospitalization,133.1,2022-07-28
2021-12-28,124,hospitalization,127.7,2022-07-28
2021-12-29,138,hospitalization,128,2022-07-28
2021-12-30,122,hospitalization,125.4,2022-07-28
2021-12-31,125,hospitalization,126.1,2022-07-28
2022-01-01,125,hospitalization,130.7,2022-07-28
2022-01-02,157,hospitalization,134.7,2022-07-28
2022-01-03,204,hospitalization,142.1,2022-07-28
2022-01-04,233,hospitalization,157.7,2022-07-28
2022-01-05,215,hospitalization,168.7,2022-07-28
2022-01-06,213,hospitalization,181.7,2022-07-28
2022-01-07,210,hospitalization,193.9,2022-07-28
2022-01-08,209,hospitalization,205.9,2022-07-28
2022-01-09,169,hospitalization,207.6,2022-07-28
2022-01-10,210,hospitalization,208.4,2022-07-28
2022-01-11,282,hospitalization,215.4,2022-07-28
2022-01-12,245,hospitalization,219.7,2022-07-28
2022-01-13,226,hospitalization,221.6,2022-07-28
2022-01-14,174,hospitalization,216.4,2022-07-28
2022-01-15,195,hospitalization,214.4,2022-07-28
2022-01-16,191,hospitalization,217.6,2022-07-28
2022-01-17,255,hospitalization,224,2022-07-28
2022-01-18,261,hospitalization,221,2022-07-28
2022-01-19,245,hospitalization,221,2022-07-28
2022-01-20,197,hospitalization,216.9,2022-07-28
2022-01-21,174,hospitalization,216.9,2022-07-28
2022-01-22,207,hospitalization,218.6,2022-07-28
2022-01-23,179,hospitalization,216.9,2022-07-28
2022-01-24,266,hospitalization,218.4,2022-07-28
2022-01-25,226,hospitalization,213.4,2022-07-28
2022-01-26,193,hospitalization,206,2022-07-28
2022-01-27,190,hospitalization,205,2022-07-28
2022-01-28,159,hospitalization,202.9,2022-07-28
2022-01-29,130,hospitalization,191.9,2022-07-28
2022-01-30,163,hospitalization,189.6,2022-07-28
2022-01-31,172,hospitalization,176.1,2022-07-28
2022-02-01,151,hospitalization,165.4,2022-07-28
2022-02-02,143,hospitalization,158.3,2022-07-28
2022-02-03,116,hospitalization,147.7,2022-07-28
2022-02-04,141,hospitalization,145.1,2022-07-28
2022-02-05,94,hospitalization,140,2022-07-28
2022-02-06,113,hospitalization,132.9,2022-07-28
2022-02-07,157,hospitalization,130.7,2022-07-28
2022-02-08,121,hospitalization,126.4,2022-07-28
2022-02-09,109,hospitalization,121.6,2022-07-28
2022-02-10,101,hospitalization,119.4,2022-07-28
2022-02-11,86,hospitalization,111.6,2022-07-28
2022-02-12,75,hospitalization,108.9,2022-07-28
2022-02-13,86,hospitalization,105,2022-07-28
2022-02-14,86,hospitalization,94.9,2022-07-28
2022-02-15,91,hospitalization,90.6,2022-07-28
2022-02-16,79,hospitalization,86.3,2022-07-28
2022-02-17,67,hospitalization,81.4,2022-07-28
2022-02-18,43,hospitalization,75.3,2022-07-28
2022-02-19,46,hospitalization,71.1,2022-07-28
2022-02-20,48,hospitalization,65.7,2022-07-28
2022-02-21,59,hospitalization,61.9,2022-07-28
2022-02-22,53,hospitalization,56.4,2022-07-28
2022-02-23,63,hospitalization,54.1,2022-07-28
2022-02-24,45,hospitalization,51,2022-07-28
2022-02-25,50,hospitalization,52,2022-07-28
2022-02-26,53,hospitalization,53,2022-07-28
2022-02-27,47,hospitalization,52.9,2022-07-28
2022-02-28,54,hospitalization,52.1,2022-07-28
2022-03-01,53,hospitalization,52.1,2022-07-28
2022-03-02,43,hospitalization,49.3,2022-07-28
2022-03-03,42,hospitalization,48.9,2022-07-28
2022-03-04,35,hospitalization,46.7,2022-07-28
2022-03-05,24,hospitalization,42.6,2022-07-28
2022-03-06,36,hospitalization,41,2022-07-28
2022-03-07,46,hospitalization,39.9,2022-07-28
2022-03-08,34,hospitalization,37.1,2022-07-28
2022-03-09,20,hospitalization,33.9,2022-07-28
2022-03-10,43,hospitalization,34,2022-07-28
2022-03-11,31,hospitalization,33.4,2022-07-28
2022-03-12,26,hospitalization,33.7,2022-07-28
2022-03-13,29,hospitalization,32.7,2022-07-28
2022-03-14,29,hospitalization,30.3,2022-07-28
2022-03-15,26,hospitalization,29.1,2022-07-28
2022-03-16,34,hospitalization,31.1,2022-07-28
2022-03-17,30,hospitalization,29.3,2022-07-28
2022-03-18,21,hospitalization,27.9,2022-07-28
2022-03-19,23,hospitalization,27.4,2022-07-28
2022-03-20,22,hospitalization,26.4,2022-07-28
2022-03-21,35,hospitalization,27.3,2022-07-28
2022-03-22,24,hospitalization,27,2022-07-28
2022-03-23,28,hospitalization,26.1,2022-07-28
2022-03-24,20,hospitalization,24.7,2022-07-28
2022-03-25,27,hospitalization,25.6,2022-07-28
2022-03-26,19,hospitalization,25,2022-07-28
2022-03-27,20,hospitalization,24.7,2022-07-28
2022-03-28,22,hospitalization,22.9,2022-07-28
2022-03-29,21,hospitalization,22.4,2022-07-28
2022-03-30,25,hospitalization,22,2022-07-28
2022-03-31,26,hospitalization,22.9,2022-07-28
2022-04-01,26,hospitalization,22.7,2022-07-28
2022-04-02,14,hospitalization,22,2022-07-28
2022-04-03,20,hospitalization,22,2022-07-28
2022-04-04,24,hospitalization,22.3,2022-07-28
2022-04-05,37,hospitalization,24.6,2022-07-28
2022-04-06,25,hospitalization,24.6,2022-07-28
2022-04-07,23,hospitalization,24.1,2022-07-28
2022-04-08,25,hospitalization,24,2022-07-28
2022-04-09,15,hospitalization,24.1,2022-07-28
2022-04-10,23,hospitalization,24.6,2022-07-28
2022-04-11,30,hospitalization,25.4,2022-07-28
2022-04-12,28,hospitalization,24.1,2022-07-28
2022-04-13,38,hospitalization,26,2022-07-28
2022-04-14,27,hospitalization,26.6,2022-07-28
2022-04-15,20,hospitalization,25.9,2022-07-28
2022-04-16,22,hospitalization,26.9,2022-07-28
2022-04-17,32,hospitalization,28.1,2022-07-28
2022-04-18,28,hospitalization,27.9,2022-07-28
2022-04-19,45,hospitalization,30.3,2022-07-28
2022-04-20,46,hospitalization,31.4,2022-07-28
2022-04-21,40,hospitalization,33.3,2022-07-28
2022-04-22,42,hospitalization,36.4,2022-07-28
2022-04-23,41,hospitalization,39.1,2022-07-28
2022-04-24,40,hospitalization,40.3,2022-07-28
2022-04-25,42,hospitalization,42.3,2022-07-28
2022-04-26,66,hospitalization,45.3,2022-07-28
2022-04-27,43,hospitalization,44.9,2022-07-28
2022-04-28,59,hospitalization,47.6,2022-07-28
2022-04-29,40,hospitalization,47.3,2022-07-28
2022-04-30,52,hospitalization,48.9,2022-07-28
2022-05-01,42,hospitalization,49.1,2022-07-28
2022-05-02,61,hospitalization,51.9,2022-07-28
2022-05-03,54,hospitalization,50.1,2022-07-28
2022-05-04,66,hospitalization,53.4,2022-07-28
2022-05-05,55,hospitalization,52.9,2022-07-28
2022-05-06,76,hospitalization,58,2022-07-28
2022-05-07,56,hospitalization,58.6,2022-07-28
2022-05-08,79,hospitalization,63.9,2022-07-28
2022-05-09,93,hospitalization,68.4,2022-07-28
2022-05-10,69,hospitalization,70.6,2022-07-28
2022-05-11,77,hospitalization,72.1,2022-07-28
2022-05-12,68,hospitalization,74,2022-07-28
2022-05-13,75,hospitalization,73.9,2022-07-28
2022-05-14,55,hospitalization,73.7,2022-07-28
2022-05-15,67,hospitalization,72,2022-07-28
2022-05-16,77,hospitalization,69.7,2022-07-28
2022-05-17,68,hospitalization,69.6,2022-07-28
2022-05-18,89,hospitalization,71.3,2022-07-28
2022-05-19,51,hospitalization,68.9,2022-07-28
2022-05-20,72,hospitalization,68.4,2022-07-28
2022-05-21,60,hospitalization,69.1,2022-07-28
2022-05-22,45,hospitalization,66,2022-07-28
2022-05-23,66,hospitalization,64.4,2022-07-28
2022-05-24,67,hospitalization,64.3,2022-07-28
2022-05-25,83,hospitalization,63.4,2022-07-28
2022-05-26,68,hospitalization,65.9,2022-07-28
2022-05-27,74,hospitalization,66.1,2022-07-28
2022-05-28,60,hospitalization,66.1,2022-07-28
2022-05-29,58,hospitalization,68,2022-07-28
2022-05-30,82,hospitalization,70.3,2022-07-28
2022-05-31,76,hospitalization,71.6,2022-07-28
2022-06-01,77,hospitalization,70.7,2022-07-28
2022-06-02,49,hospitalization,68,2022-07-28
2022-06-03,68,hospitalization,67.1,2022-07-28
2022-06-04,55,hospitalization,66.4,2022-07-28
2022-06-05,57,hospitalization,66.3,2022-07-28
2022-06-06,88,hospitalization,67.1,2022-07-28
2022-06-07,56,hospitalization,64.3,2022-07-28
2022-06-08,88,hospitalization,65.9,2022-07-28
2022-06-09,69,hospitalization,68.7,2022-07-28
2022-06-10,56,hospitalization,67,2022-07-28
2022-06-11,68,hospitalization,68.9,2022-07-28
2022-06-12,49,hospitalization,67.7,2022-07-28
2022-06-13,80,hospitalization,66.6,2022-07-28
2022-06-14,68,hospitalization,68.3,2022-07-28
2022-06-15,58,hospitalization,64,2022-07-28
2022-06-16,60,hospitalization,62.7,2022-07-28
2022-06-17,53,hospitalization,62.3,2022-07-28
2022-06-18,50,hospitalization,59.7,2022-07-28
2022-06-19,52,hospitalization,60.1,2022-07-28
2022-06-20,68,hospitalization,58.4,2022-07-28
2022-06-21,84,hospitalization,60.7,2022-07-28
2022-06-22,59,hospitalization,60.9,2022-07-28
2022-06-23,68,hospitalization,62,2022-07-28
2022-06-24,55,hospitalization,62.3,2022-07-28
2022-06-25,57,hospitalization,63.3,2022-07-28
2022-06-26,59,hospitalization,64.3,2022-07-28
2022-06-27,84,hospitalization,66.6,2022-07-28
2022-06-28,64,hospitalization,63.7,2022-07-28
2022-06-29,74,hospitalization,65.9,2022-07-28
2022-06-30,67,hospitalization,65.7,2022-07-28
2022-07-01,51,hospitalization,65.1,2022-07-28
2022-07-02,55,hospitalization,64.9,2022-07-28
2022-07-03,61,hospitalization,65.1,2022-07-28
2022-07-04,81,hospitalization,64.7,2022-07-28
2022-07-05,69,hospitalization,65.4,2022-07-28
2022-07-06,78,hospitalization,66,2022-07-28
2022-07-07,67,hospitalization,66,2022-07-28
2022-07-08,45,hospitalization,65.1,2022-07-28
2022-07-09,59,hospitalization,65.7,2022-07-28
2022-07-10,64,hospitalization,66.1,2022-07-28
2022-07-11,65,hospitalization,63.9,2022-07-28
2022-07-12,72,hospitalization,64.3,2022-07-28
2022-07-13,82,hospitalization,64.9,2022-07-28
2022-07-14,83,hospitalization,67.1,2022-07-28
2022-07-15,80,hospitalization,72.1,2022-07-28
2022-07-16,50,hospitalization,70.9,2022-07-28
2022-07-17,59,hospitalization,70.1,2022-07-28
2022-07-18,86,hospitalization,73.1,2022-07-28
2022-07-19,68,hospitalization,72.6,2022-07-28
2022-07-20,76,hospitalization,71.7,2022-07-28
2022-07-21,55,hospitalization,67.7,2022-07-28
2022-07-22,58,hospitalization,64.6,2022-07-28
2022-07-23,37,hospitalization,62.7,2022-07-28
2022-07-24,48,hospitalization,61.1,2022-07-28
2022-07-25,4,hospitalization,49.4,2022-07-28
2022-07-26,0,hospitalization,39.7,2022-07-28
2020-01-23,1,icu,1,2022-07-28
2020-03-01,0,icu,0.5,2022-07-28
2020-03-02,0,icu,0.3,2022-07-28
2020-03-03,0,icu,0.3,2022-07-28
2020-03-04,0,icu,0.2,2022-07-28
2020-03-05,0,icu,0.2,2022-07-28
2020-03-06,0,icu,0.1,2022-07-28
2020-03-07,0,icu,0,2022-07-28
2020-03-08,0,icu,0,2022-07-28
2020-03-09,1,icu,0.1,2022-07-28
2020-03-10,0,icu,0.1,2022-07-28
2020-03-11,0,icu,0.1,2022-07-28
2020-03-12,0,icu,0.1,2022-07-28
2020-03-13,0,icu,0.1,2022-07-28
2020-03-14,0,icu,0.1,2022-07-28
2020-03-15,0,icu,0.1,2022-07-28
2020-03-16,0,icu,0,2022-07-28
2020-03-17,0,icu,0,2022-07-28
2020-03-18,2,icu,0.3,2022-07-28
2020-03-19,1,icu,0.4,2022-07-28
2020-03-20,2,icu,0.7,2022-07-28
2020-03-21,1,icu,0.9,2022-07-28
2020-03-22,3,icu,1.3,2022-07-28
2020-03-23,0,icu,1.3,2022-07-28
2020-03-24,4,icu,1.9,2022-07-28
2020-03-25,6,icu,2.4,2022-07-28
2020-03-26,9,icu,3.6,2022-07-28
2020-03-27,6,icu,4.1,2022-07-28
2020-03-28,11,icu,5.6,2022-07-28
2020-03-29,8,icu,6.3,2022-07-28
2020-03-30,4,icu,6.9,2022-07-28
2020-03-31,5,icu,7,2022-07-28
2020-04-01,10,icu,7.6,2022-07-28
2020-04-02,12,icu,8,2022-07-28
2020-04-03,9,icu,8.4,2022-07-28
2020-04-04,4,icu,7.4,2022-07-28
2020-04-05,7,icu,7.3,2022-07-28
2020-04-06,7,icu,7.7,2022-07-28
2020-04-07,5,icu,7.7,2022-07-28
2020-04-08,7,icu,7.3,2022-07-28
2020-04-09,16,icu,7.9,2022-07-28
2020-04-10,6,icu,7.4,2022-07-28
2020-04-11,7,icu,7.9,2022-07-28
2020-04-12,11,icu,8.4,2022-07-28
2020-04-13,10,icu,8.9,2022-07-28
2020-04-14,16,icu,10.4,2022-07-28
2020-04-15,9,icu,10.7,2022-07-28
2020-04-16,11,icu,10,2022-07-28
2020-04-17,17,icu,11.6,2022-07-28
2020-04-18,11,icu,12.1,2022-07-28
2020-04-19,8,icu,11.7,2022-07-28
2020-04-20,13,icu,12.1,2022-07-28
2020-04-21,11,icu,11.4,2022-07-28
2020-04-22,11,icu,11.7,2022-07-28
2020-04-23,11,icu,11.7,2022-07-28
2020-04-24,12,icu,11,2022-07-28
2020-04-25,12,icu,11.1,2022-07-28
2020-04-26,15,icu,12.1,2022-07-28
2020-04-27,14,icu,12.3,2022-07-28
2020-04-28,16,icu,13,2022-07-28
2020-04-29,22,icu,14.6,2022-07-28
2020-04-30,19,icu,15.7,2022-07-28
2020-05-01,18,icu,16.6,2022-07-28
2020-05-02,30,icu,19.1,2022-07-28
2020-05-03,17,icu,19.4,2022-07-28
2020-05-04,23,icu,20.7,2022-07-28
2020-05-05,19,icu,21.1,2022-07-28
2020-05-06,25,icu,21.6,2022-07-28
2020-05-07,21,icu,21.9,2022-07-28
2020-05-08,20,icu,22.1,2022-07-28
2020-05-09,15,icu,20,2022-07-28
2020-05-10,15,icu,19.7,2022-07-28
2020-05-11,18,icu,19,2022-07-28
2020-05-12,17,icu,18.7,2022-07-28
2020-05-13,17,icu,17.6,2022-07-28
2020-05-14,13,icu,16.4,2022-07-28
2020-05-15,12,icu,15.3,2022-07-28
2020-05-16,23,icu,16.4,2022-07-28
2020-05-17,20,icu,17.1,2022-07-28
2020-05-18,19,icu,17.3,2022-07-28
2020-05-19,22,icu,18,2022-07-28
2020-05-20,25,icu,19.1,2022-07-28
2020-05-21,16,icu,19.6,2022-07-28
2020-05-22,22,icu,21,2022-07-28
2020-05-23,20,icu,20.6,2022-07-28
2020-05-24,17,icu,20.1,2022-07-28
2020-05-25,15,icu,19.6,2022-07-28
2020-05-26,16,icu,18.7,2022-07-28
2020-05-27,20,icu,18,2022-07-28
2020-05-28,25,icu,19.3,2022-07-28
2020-05-29,12,icu,17.9,2022-07-28
2020-05-30,12,icu,16.7,2022-07-28
2020-05-31,16,icu,16.6,2022-07-28
2020-06-01,16,icu,16.7,2022-07-28
2020-06-02,11,icu,16,2022-07-28
2020-06-03,6,icu,14,2022-07-28
2020-06-04,11,icu,12,2022-07-28
2020-06-05,5,icu,11,2022-07-28
2020-06-06,8,icu,10.4,2022-07-28
2020-06-07,18,icu,10.7,2022-07-28
2020-06-08,7,icu,9.4,2022-07-28
2020-06-09,6,icu,8.7,2022-07-28
2020-06-10,7,icu,8.9,2022-07-28
2020-06-11,6,icu,8.1,2022-07-28
2020-06-12,8,icu,8.6,2022-07-28
2020-06-13,10,icu,8.9,2022-07-28
2020-06-14,8,icu,7.4,2022-07-28
2020-06-15,8,icu,7.6,2022-07-28
2020-06-16,8,icu,7.9,2022-07-28
2020-06-17,7,icu,7.9,2022-07-28
2020-06-18,9,icu,8.3,2022-07-28
2020-06-19,8,icu,8.3,2022-07-28
2020-06-20,12,icu,8.6,2022-07-28
2020-06-21,7,icu,8.4,2022-07-28
2020-06-22,11,icu,8.9,2022-07-28
2020-06-23,13,icu,9.6,2022-07-28
2020-06-24,8,icu,9.7,2022-07-28
2020-06-25,9,icu,9.7,2022-07-28
2020-06-26,10,icu,10,2022-07-28
2020-06-27,8,icu,9.4,2022-07-28
2020-06-28,6,icu,9.3,2022-07-28
2020-06-29,6,icu,8.6,2022-07-28
2020-06-30,12,icu,8.4,2022-07-28
2020-07-01,6,icu,8.1,2022-07-28
2020-07-02,9,icu,8.1,2022-07-28
2020-07-03,1,icu,6.9,2022-07-28
2020-07-04,6,icu,6.6,2022-07-28
2020-07-05,6,icu,6.6,2022-07-28
2020-07-06,9,icu,7,2022-07-28
2020-07-07,8,icu,6.4,2022-07-28
2020-07-08,12,icu,7.3,2022-07-28
2020-07-09,5,icu,6.7,2022-07-28
2020-07-10,6,icu,7.4,2022-07-28
2020-07-11,4,icu,7.1,2022-07-28
2020-07-12,6,icu,7.1,2022-07-28
2020-07-13,4,icu,6.4,2022-07-28
2020-07-14,8,icu,6.4,2022-07-28
2020-07-15,12,icu,6.4,2022-07-28
2020-07-16,14,icu,7.7,2022-07-28
2020-07-17,9,icu,8.1,2022-07-28
2020-07-18,14,icu,9.6,2022-07-28
2020-07-19,11,icu,10.3,2022-07-28
2020-07-20,9,icu,11,2022-07-28
2020-07-21,6,icu,10.7,2022-07-28
2020-07-22,15,icu,11.1,2022-07-28
2020-07-23,15,icu,11.3,2022-07-28
2020-07-24,8,icu,11.1,2022-07-28
2020-07-25,8,icu,10.3,2022-07-28
2020-07-26,12,icu,10.4,2022-07-28
2020-07-27,8,icu,10.3,2022-07-28
2020-07-28,14,icu,11.4,2022-07-28
2020-07-29,13,icu,11.1,2022-07-28
2020-07-30,10,icu,10.4,2022-07-28
2020-07-31,8,icu,10.4,2022-07-28
2020-08-01,16,icu,11.6,2022-07-28
2020-08-02,13,icu,11.7,2022-07-28
2020-08-03,15,icu,12.7,2022-07-28
2020-08-04,5,icu,11.4,2022-07-28
2020-08-05,10,icu,11,2022-07-28
2020-08-06,8,icu,10.7,2022-07-28
2020-08-07,17,icu,12,2022-07-28
2020-08-08,14,icu,11.7,2022-07-28
2020-08-09,6,icu,10.7,2022-07-28
2020-08-10,13,icu,10.4,2022-07-28
2020-08-11,15,icu,11.9,2022-07-28
2020-08-12,12,icu,12.1,2022-07-28
2020-08-13,10,icu,12.4,2022-07-28
2020-08-14,4,icu,10.6,2022-07-28
2020-08-15,15,icu,10.7,2022-07-28
2020-08-16,12,icu,11.6,2022-07-28
2020-08-17,8,icu,10.9,2022-07-28
2020-08-18,8,icu,9.9,2022-07-28
2020-08-19,10,icu,9.6,2022-07-28
2020-08-20,9,icu,9.4,2022-07-28
2020-08-21,9,icu,10.1,2022-07-28
2020-08-22,8,icu,9.1,2022-07-28
2020-08-23,17,icu,9.9,2022-07-28
2020-08-24,9,icu,10,2022-07-28
2020-08-25,6,icu,9.7,2022-07-28
2020-08-26,6,icu,9.1,2022-07-28
2020-08-27,7,icu,8.9,2022-07-28
2020-08-28,9,icu,8.9,2022-07-28
2020-08-29,14,icu,9.7,2022-07-28
2020-08-30,6,icu,8.1,2022-07-28
2020-08-31,8,icu,8,2022-07-28
2020-09-01,7,icu,8.1,2022-07-28
2020-09-02,6,icu,8.1,2022-07-28
2020-09-03,14,icu,9.1,2022-07-28
2020-09-04,13,icu,9.7,2022-07-28
2020-09-05,7,icu,8.7,2022-07-28
2020-09-06,11,icu,9.4,2022-07-28
2020-09-07,7,icu,9.3,2022-07-28
2020-09-08,11,icu,9.9,2022-07-28
2020-09-09,11,icu,10.6,2022-07-28
2020-09-10,8,icu,9.7,2022-07-28
2020-09-11,12,icu,9.6,2022-07-28
2020-09-12,5,icu,9.3,2022-07-28
2020-09-13,9,icu,9,2022-07-28
2020-09-14,10,icu,9.4,2022-07-28
2020-09-15,9,icu,9.1,2022-07-28
2020-09-16,11,icu,9.1,2022-07-28
2020-09-17,10,icu,9.4,2022-07-28
2020-09-18,7,icu,8.7,2022-07-28
2020-09-19,11,icu,9.6,2022-07-28
2020-09-20,13,icu,10.1,2022-07-28
2020-09-21,20,icu,11.6,2022-07-28
2020-09-22,11,icu,11.9,2022-07-28
2020-09-23,14,icu,12.3,2022-07-28
2020-09-24,25,icu,14.4,2022-07-28
2020-09-25,12,icu,15.1,2022-07-28
2020-09-26,16,icu,15.9,2022-07-28
2020-09-27,8,icu,15.1,2022-07-28
2020-09-28,13,icu,14.1,2022-07-28
2020-09-29,8,icu,13.7,2022-07-28
2020-09-30,10,icu,13.1,2022-07-28
2020-10-01,14,icu,11.6,2022-07-28
2020-10-02,21,icu,12.9,2022-07-28
2020-10-03,18,icu,13.1,2022-07-28
2020-10-04,10,icu,13.4,2022-07-28
2020-10-05,14,icu,13.6,2022-07-28
2020-10-06,20,icu,15.3,2022-07-28
2020-10-07,22,icu,17,2022-07-28
2020-10-08,21,icu,18,2022-07-28
2020-10-09,12,icu,16.7,2022-07-28
2020-10-10,19,icu,16.9,2022-07-28
2020-10-11,12,icu,17.1,2022-07-28
2020-10-12,18,icu,17.7,2022-07-28
2020-10-13,15,icu,17,2022-07-28
2020-10-14,13,icu,15.7,2022-07-28
2020-10-15,21,icu,15.7,2022-07-28
2020-10-16,22,icu,17.1,2022-07-28
2020-10-17,17,icu,16.9,2022-07-28
2020-10-18,25,icu,18.7,2022-07-28
2020-10-19,20,icu,19,2022-07-28
2020-10-20,21,icu,19.9,2022-07-28
2020-10-21,20,icu,20.9,2022-07-28
2020-10-22,27,icu,21.7,2022-07-28
2020-10-23,12,icu,20.3,2022-07-28
2020-10-24,18,icu,20.4,2022-07-28
2020-10-25,31,icu,21.3,2022-07-28
2020-10-26,22,icu,21.6,2022-07-28
2020-10-27,24,icu,22,2022-07-28
2020-10-28,24,icu,22.6,2022-07-28
2020-10-29,27,icu,22.6,2022-07-28
2020-10-30,20,icu,23.7,2022-07-28
2020-10-31,26,icu,24.9,2022-07-28
2020-11-01,28,icu,24.4,2022-07-28
2020-11-02,32,icu,25.9,2022-07-28
2020-11-03,41,icu,28.3,2022-07-28
2020-11-04,24,icu,28.3,2022-07-28
2020-11-05,37,icu,29.7,2022-07-28
2020-11-06,37,icu,32.1,2022-07-28
2020-11-07,39,icu,34,2022-07-28
2020-11-08,41,icu,35.9,2022-07-28
2020-11-09,43,icu,37.4,2022-07-28
2020-11-10,40,icu,37.3,2022-07-28
2020-11-11,34,icu,38.7,2022-07-28
2020-11-12,39,icu,39,2022-07-28
2020-11-13,25,icu,37.3,2022-07-28
2020-11-14,39,icu,37.3,2022-07-28
2020-11-15,41,icu,37.3,2022-07-28
2020-11-16,51,icu,38.4,2022-07-28
2020-11-17,38,icu,38.1,2022-07-28
2020-11-18,34,icu,38.1,2022-07-28
2020-11-19,50,icu,39.7,2022-07-28
2020-11-20,47,icu,42.9,2022-07-28
2020-11-21,34,icu,42.1,2022-07-28
2020-11-22,48,icu,43.1,2022-07-28
2020-11-23,43,icu,42,2022-07-28
2020-11-24,36,icu,41.7,2022-07-28
2020-11-25,40,icu,42.6,2022-07-28
2020-11-26,47,icu,42.1,2022-07-28
2020-11-27,53,icu,43,2022-07-28
2020-11-28,47,icu,44.9,2022-07-28
2020-11-29,31,icu,42.4,2022-07-28
2020-11-30,43,icu,42.4,2022-07-28
2020-12-01,32,icu,41.9,2022-07-28
2020-12-02,35,icu,41.1,2022-07-28
2020-12-03,28,icu,38.4,2022-07-28
2020-12-04,32,icu,35.4,2022-07-28
2020-12-05,27,icu,32.6,2022-07-28
2020-12-06,35,icu,33.1,2022-07-28
2020-12-07,33,icu,31.7,2022-07-28
2020-12-08,43,icu,33.3,2022-07-28
2020-12-09,36,icu,33.4,2022-07-28
2020-12-10,27,icu,33.3,2022-07-28
2020-12-11,31,icu,33.1,2022-07-28
2020-12-12,33,icu,34,2022-07-28
2020-12-13,22,icu,32.1,2022-07-28
2020-12-14,28,icu,31.4,2022-07-28
2020-12-15,25,icu,28.9,2022-07-28
2020-12-16,31,icu,28.1,2022-07-28
2020-12-17,12,icu,26,2022-07-28
2020-12-18,20,icu,24.4,2022-07-28
2020-12-19,15,icu,21.9,2022-07-28
2020-12-20,16,icu,21,2022-07-28
2020-12-21,27,icu,20.9,2022-07-28
2020-12-22,26,icu,21,2022-07-28
2020-12-23,14,icu,18.6,2022-07-28
2020-12-24,14,icu,18.9,2022-07-28
2020-12-25,23,icu,19.3,2022-07-28
2020-12-26,15,icu,19.3,2022-07-28
2020-12-27,28,icu,21,2022-07-28
2020-12-28,15,icu,19.3,2022-07-28
2020-12-29,17,icu,18,2022-07-28
2020-12-30,19,icu,18.7,2022-07-28
2020-12-31,12,icu,18.4,2022-07-28
2021-01-01,13,icu,17,2022-07-28
2021-01-02,24,icu,18.3,2022-07-28
2021-01-03,15,icu,16.4,2022-07-28
2021-01-04,18,icu,16.9,2022-07-28
2021-01-05,11,icu,16,2022-07-28
2021-01-06,9,icu,14.6,2022-07-28
2021-01-07,10,icu,14.3,2022-07-28
2021-01-08,12,icu,14.1,2022-07-28
2021-01-09,20,icu,13.6,2022-07-28
2021-01-10,7,icu,12.4,2022-07-28
2021-01-11,13,icu,11.7,2022-07-28
2021-01-12,13,icu,12,2022-07-28
2021-01-13,17,icu,13.1,2022-07-28
2021-01-14,16,icu,14,2022-07-28
2021-01-15,16,icu,14.6,2022-07-28
2021-01-16,9,icu,13,2022-07-28
2021-01-17,12,icu,13.7,2022-07-28
2021-01-18,13,icu,13.7,2022-07-28
2021-01-19,12,icu,13.6,2022-07-28
2021-01-20,15,icu,13.3,2022-07-28
2021-01-21,19,icu,13.7,2022-07-28
2021-01-22,9,icu,12.7,2022-07-28
2021-01-23,10,icu,12.9,2022-07-28
2021-01-24,10,icu,12.6,2022-07-28
2021-01-25,6,icu,11.6,2022-07-28
2021-01-26,10,icu,11.3,2022-07-28
2021-01-27,11,icu,10.7,2022-07-28
2021-01-28,8,icu,9.1,2022-07-28
2021-01-29,8,icu,9,2022-07-28
2021-01-30,2,icu,7.9,2022-07-28
2021-01-31,8,icu,7.6,2022-07-28
2021-02-01,13,icu,8.6,2022-07-28
2021-02-02,7,icu,8.1,2022-07-28
2021-02-03,4,icu,7.1,2022-07-28
2021-02-04,10,icu,7.4,2022-07-28
2021-02-05,6,icu,7.1,2022-07-28
2021-02-06,7,icu,7.9,2022-07-28
2021-02-07,7,icu,7.7,2022-07-28
2021-02-08,19,icu,8.6,2022-07-28
2021-02-09,11,icu,9.1,2022-07-28
2021-02-10,10,icu,10,2022-07-28
2021-02-11,7,icu,9.6,2022-07-28
2021-02-12,6,icu,9.6,2022-07-28
2021-02-13,7,icu,9.6,2022-07-28
2021-02-14,9,icu,9.9,2022-07-28
2021-02-15,9,icu,8.4,2022-07-28
2021-02-16,14,icu,8.9,2022-07-28
2021-02-17,10,icu,8.9,2022-07-28
2021-02-18,6,icu,8.7,2022-07-28
2021-02-19,7,icu,8.9,2022-07-28
2021-02-20,9,icu,9.1,2022-07-28
2021-02-21,8,icu,9,2022-07-28
2021-02-22,7,icu,8.7,2022-07-28
2021-02-23,4,icu,7.3,2022-07-28
2021-02-24,7,icu,6.9,2022-07-28
2021-02-25,9,icu,7.3,2022-07-28
2021-02-26,6,icu,7.1,2022-07-28
2021-02-27,9,icu,7.1,2022-07-28
2021-02-28,11,icu,7.6,2022-07-28
2021-03-01,2,icu,6.9,2022-07-28
2021-03-02,3,icu,6.7,2022-07-28
2021-03-03,7,icu,6.7,2022-07-28
2021-03-04,9,icu,6.7,2022-07-28
2021-03-05,5,icu,6.6,2022-07-28
2021-03-06,2,icu,5.6,2022-07-28
2021-03-07,15,icu,6.1,2022-07-28
2021-03-08,17,icu,8.3,2022-07-28
2021-03-09,3,icu,8.3,2022-07-28
2021-03-10,5,icu,8,2022-07-28
2021-03-11,14,icu,8.7,2022-07-28
2021-03-12,13,icu,9.9,2022-07-28
2021-03-13,2,icu,9.9,2022-07-28
2021-03-14,7,icu,8.7,2022-07-28
2021-03-15,12,icu,8,2022-07-28
2021-03-16,8,icu,8.7,2022-07-28
2021-03-17,14,icu,10,2022-07-28
2021-03-18,12,icu,9.7,2022-07-28
2021-03-19,11,icu,9.4,2022-07-28
2021-03-20,7,icu,10.1,2022-07-28
2021-03-21,11,icu,10.7,2022-07-28
2021-03-22,8,icu,10.1,2022-07-28
2021-03-23,10,icu,10.4,2022-07-28
2021-03-24,19,icu,11.1,2022-07-28
2021-03-25,14,icu,11.4,2022-07-28
2021-03-26,8,icu,11,2022-07-28
2021-03-27,12,icu,11.7,2022-07-28
2021-03-28,12,icu,11.9,2022-07-28
2021-03-29,17,icu,13.1,2022-07-28
2021-03-30,14,icu,13.7,2022-07-28
2021-03-31,11,icu,12.6,2022-07-28
2021-04-01,8,icu,11.7,2022-07-28
2021-04-02,13,icu,12.4,2022-07-28
2021-04-03,9,icu,12,2022-07-28
2021-04-04,14,icu,12.3,2022-07-28
2021-04-05,30,icu,14.1,2022-07-28
2021-04-06,13,icu,14,2022-07-28
2021-04-07,28,icu,16.4,2022-07-28
2021-04-08,17,icu,17.7,2022-07-28
2021-04-09,19,icu,18.6,2022-07-28
2021-04-10,12,icu,19,2022-07-28
2021-04-11,34,icu,21.9,2022-07-28
2021-04-12,18,icu,20.1,2022-07-28
2021-04-13,21,icu,21.3,2022-07-28
2021-04-14,25,icu,20.9,2022-07-28
2021-04-15,19,icu,21.1,2022-07-28
2021-04-16,17,icu,20.9,2022-07-28
2021-04-17,13,icu,21,2022-07-28
2021-04-18,35,icu,21.1,2022-07-28
2021-04-19,20,icu,21.4,2022-07-28
2021-04-20,16,icu,20.7,2022-07-28
2021-04-21,20,icu,20,2022-07-28
2021-04-22,20,icu,20.1,2022-07-28
2021-04-23,14,icu,19.7,2022-07-28
2021-04-24,19,icu,20.6,2022-07-28
2021-04-25,25,icu,19.1,2022-07-28
2021-04-26,23,icu,19.6,2022-07-28
2021-04-27,23,icu,20.6,2022-07-28
2021-04-28,18,icu,20.3,2022-07-28
2021-04-29,22,icu,20.6,2022-07-28
2021-04-30,15,icu,20.7,2022-07-28
2021-05-01,12,icu,19.7,2022-07-28
2021-05-02,12,icu,17.9,2022-07-28
2021-05-03,22,icu,17.7,2022-07-28
2021-05-04,15,icu,16.6,2022-07-28
2021-05-05,21,icu,17,2022-07-28
2021-05-06,13,icu,15.7,2022-07-28
2021-05-07,8,icu,14.7,2022-07-28
2021-05-08,15,icu,15.1,2022-07-28
2021-05-09,11,icu,15,2022-07-28
2021-05-10,12,icu,13.6,2022-07-28
2021-05-11,12,icu,13.1,2022-07-28
2021-05-12,18,icu,12.7,2022-07-28
2021-05-13,10,icu,12.3,2022-07-28
2021-05-14,5,icu,11.9,2022-07-28
2021-05-15,4,icu,10.3,2022-07-28
2021-05-16,12,icu,10.4,2022-07-28
2021-05-17,13,icu,10.6,2022-07-28
2021-05-18,6,icu,9.7,2022-07-28
2021-05-19,9,icu,8.4,2022-07-28
2021-05-20,5,icu,7.7,2022-07-28
2021-05-21,12,icu,8.7,2022-07-28
2021-05-22,4,icu,8.7,2022-07-28
2021-05-23,3,icu,7.4,2022-07-28
2021-05-24,13,icu,7.4,2022-07-28
2021-05-25,14,icu,8.6,2022-07-28
2021-05-26,4,icu,7.9,2022-07-28
2021-05-27,11,icu,8.7,2022-07-28
2021-05-28,3,icu,7.4,2022-07-28
2021-05-29,9,icu,8.1,2022-07-28
2021-05-30,8,icu,8.9,2022-07-28
2021-05-31,1,icu,7.1,2022-07-28
2021-06-01,6,icu,6,2022-07-28
2021-06-02,4,icu,6,2022-07-28
2021-06-03,3,icu,4.9,2022-07-28
2021-06-04,3,icu,4.9,2022-07-28
2021-06-05,3,icu,4,2022-07-28
2021-06-06,2,icu,3.1,2022-07-28
2021-06-07,7,icu,4,2022-07-28
2021-06-08,4,icu,3.7,2022-07-28
2021-06-09,3,icu,3.6,2022-07-28
2021-06-10,4,icu,3.7,2022-07-28
2021-06-11,4,icu,3.9,2022-07-28
2021-06-12,6,icu,4.3,2022-07-28
2021-06-13,4,icu,4.6,2022-07-28
2021-06-14,3,icu,4,2022-07-28
2021-06-15,6,icu,4.3,2022-07-28
2021-06-16,1,icu,4,2022-07-28
2021-06-17,3,icu,3.9,2022-07-28
2021-06-18,2,icu,3.6,2022-07-28
2021-06-19,1,icu,2.9,2022-07-28
2021-06-20,2,icu,2.6,2022-07-28
2021-06-21,1,icu,2.3,2022-07-28
2021-06-22,2,icu,1.7,2022-07-28
2021-06-23,3,icu,2,2022-07-28
2021-06-24,4,icu,2.1,2022-07-28
2021-06-25,0,icu,1.9,2022-07-28
2021-06-26,1,icu,1.9,2022-07-28
2021-06-27,2,icu,1.9,2022-07-28
2021-06-28,1,icu,1.9,2022-07-28
2021-06-29,1,icu,1.7,2022-07-28
2021-06-30,3,icu,1.7,2022-07-28
2021-07-01,1,icu,1.3,2022-07-28
2021-07-02,5,icu,2,2022-07-28
2021-07-03,1,icu,2,2022-07-28
2021-07-04,2,icu,2,2022-07-28
2021-07-05,3,icu,2.3,2022-07-28
2021-07-06,4,icu,2.7,2022-07-28
2021-07-07,2,icu,2.6,2022-07-28
2021-07-08,3,icu,2.9,2022-07-28
2021-07-09,4,icu,2.7,2022-07-28
2021-07-10,2,icu,2.9,2022-07-28
2021-07-11,6,icu,3.4,2022-07-28
2021-07-12,3,icu,3.4,2022-07-28
2021-07-13,1,icu,3,2022-07-28
2021-07-14,2,icu,3,2022-07-28
2021-07-15,3,icu,3,2022-07-28
2021-07-16,4,icu,3,2022-07-28
2021-07-17,6,icu,3.6,2022-07-28
2021-07-18,2,icu,3,2022-07-28
2021-07-19,7,icu,3.6,2022-07-28
2021-07-20,5,icu,4.1,2022-07-28
2021-07-21,4,icu,4.4,2022-07-28
2021-07-22,9,icu,5.3,2022-07-28
2021-07-23,7,icu,5.7,2022-07-28
2021-07-24,5,icu,5.6,2022-07-28
2021-07-25,9,icu,6.6,2022-07-28
2021-07-26,6,icu,6.4,2022-07-28
2021-07-27,8,icu,6.9,2022-07-28
2021-07-28,10,icu,7.7,2022-07-28
2021-07-29,7,icu,7.4,2022-07-28
2021-07-30,5,icu,7.1,2022-07-28
2021-07-31,7,icu,7.4,2022-07-28
2021-08-01,18,icu,8.7,2022-07-28
2021-08-02,13,icu,9.7,2022-07-28
2021-08-03,12,icu,10.3,2022-07-28
2021-08-04,4,icu,9.4,2022-07-28
2021-08-05,14,icu,10.4,2022-07-28
2021-08-06,16,icu,12,2022-07-28
2021-08-07,7,icu,12,2022-07-28
2021-08-08,8,icu,10.6,2022-07-28
2021-08-09,12,icu,10.4,2022-07-28
2021-08-10,18,icu,11.3,2022-07-28
2021-08-11,12,icu,12.4,2022-07-28
2021-08-12,13,icu,12.3,2022-07-28
2021-08-13,11,icu,11.6,2022-07-28
2021-08-14,10,icu,12,2022-07-28
2021-08-15,18,icu,13.4,2022-07-28
2021-08-16,16,icu,14,2022-07-28
2021-08-17,16,icu,13.7,2022-07-28
2021-08-18,18,icu,14.6,2022-07-28
2021-08-19,13,icu,14.6,2022-07-28
2021-08-20,11,icu,14.6,2022-07-28
2021-08-21,16,icu,15.4,2022-07-28
2021-08-22,15,icu,15,2022-07-28
2021-08-23,22,icu,15.9,2022-07-28
2021-08-24,26,icu,17.3,2022-07-28
2021-08-25,11,icu,16.3,2022-07-28
2021-08-26,20,icu,17.3,2022-07-28
2021-08-27,10,icu,17.1,2022-07-28
2021-08-28,14,icu,16.9,2022-07-28
2021-08-29,21,icu,17.7,2022-07-28
2021-08-30,21,icu,17.6,2022-07-28
2021-08-31,14,icu,15.9,2022-07-28
2021-09-01,22,icu,17.4,2022-07-28
2021-09-02,14,icu,16.6,2022-07-28
2021-09-03,17,icu,17.6,2022-07-28
2021-09-04,15,icu,17.7,2022-07-28
2021-09-05,11,icu,16.3,2022-07-28
2021-09-06,19,icu,16,2022-07-28
2021-09-07,23,icu,17.3,2022-07-28
2021-09-08,17,icu,16.6,2022-07-28
2021-09-09,16,icu,16.9,2022-07-28
2021-09-10,12,icu,16.1,2022-07-28
2021-09-11,16,icu,16.3,2022-07-28
2021-09-12,27,icu,18.6,2022-07-28
2021-09-13,28,icu,19.9,2022-07-28
2021-09-14,18,icu,19.1,2022-07-28
2021-09-15,13,icu,18.6,2022-07-28
2021-09-16,26,icu,20,2022-07-28
2021-09-17,9,icu,19.6,2022-07-28
2021-09-18,21,icu,20.3,2022-07-28
2021-09-19,23,icu,19.7,2022-07-28
2021-09-20,13,icu,17.6,2022-07-28
2021-09-21,20,icu,17.9,2022-07-28
2021-09-22,20,icu,18.9,2022-07-28
2021-09-23,10,icu,16.6,2022-07-28
2021-09-24,13,icu,17.1,2022-07-28
2021-09-25,11,icu,15.7,2022-07-28
2021-09-26,16,icu,14.7,2022-07-28
2021-09-27,20,icu,15.7,2022-07-28
2021-09-28,15,icu,15,2022-07-28
2021-09-29,16,icu,14.4,2022-07-28
2021-09-30,26,icu,16.7,2022-07-28
2021-10-01,18,icu,17.4,2022-07-28
2021-10-02,8,icu,17,2022-07-28
2021-10-03,26,icu,18.4,2022-07-28
2021-10-04,24,icu,19,2022-07-28
2021-10-05,17,icu,19.3,2022-07-28
2021-10-06,30,icu,21.3,2022-07-28
2021-10-07,24,icu,21,2022-07-28
2021-10-08,23,icu,21.7,2022-07-28
2021-10-09,14,icu,22.6,2022-07-28
2021-10-10,26,icu,22.6,2022-07-28
2021-10-11,22,icu,22.3,2022-07-28
2021-10-12,28,icu,23.9,2022-07-28
2021-10-13,21,icu,22.6,2022-07-28
2021-10-14,21,icu,22.1,2022-07-28
2021-10-15,11,icu,20.4,2022-07-28
2021-10-16,18,icu,21,2022-07-28
2021-10-17,20,icu,20.1,2022-07-28
2021-10-18,17,icu,19.4,2022-07-28
2021-10-19,24,icu,18.9,2022-07-28
2021-10-20,16,icu,18.1,2022-07-28
2021-10-21,16,icu,17.4,2022-07-28
2021-10-22,15,icu,18,2022-07-28
2021-10-23,9,icu,16.7,2022-07-28
2021-10-24,19,icu,16.6,2022-07-28
2021-10-25,20,icu,17,2022-07-28
2021-10-26,11,icu,15.1,2022-07-28
2021-10-27,24,icu,16.3,2022-07-28
2021-10-28,23,icu,17.3,2022-07-28
2021-10-29,10,icu,16.6,2022-07-28
2021-10-30,18,icu,17.9,2022-07-28
2021-10-31,13,icu,17,2022-07-28
2021-11-01,21,icu,17.1,2022-07-28
2021-11-02,22,icu,18.7,2022-07-28
2021-11-03,25,icu,18.9,2022-07-28
2021-11-04,20,icu,18.4,2022-07-28
2021-11-05,18,icu,19.6,2022-07-28
2021-11-06,15,icu,19.1,2022-07-28
2021-11-07,15,icu,19.4,2022-07-28
2021-11-08,17,icu,18.9,2022-07-28
2021-11-09,27,icu,19.6,2022-07-28
2021-11-10,21,icu,19,2022-07-28
2021-11-11,40,icu,21.9,2022-07-28
2021-11-12,20,icu,22.1,2022-07-28
2021-11-13,24,icu,23.4,2022-07-28
2021-11-14,26,icu,25,2022-07-28
2021-11-15,17,icu,25,2022-07-28
2021-11-16,25,icu,24.7,2022-07-28
2021-11-17,16,icu,24,2022-07-28
2021-11-18,23,icu,21.6,2022-07-28
2021-11-19,31,icu,23.1,2022-07-28
2021-11-20,26,icu,23.4,2022-07-28
2021-11-21,18,icu,22.3,2022-07-28
2021-11-22,22,icu,23,2022-07-28
2021-11-23,23,icu,22.7,2022-07-28
2021-11-24,15,icu,22.6,2022-07-28
2021-11-25,19,icu,22,2022-07-28
2021-11-26,24,icu,21,2022-07-28
2021-11-27,21,icu,20.3,2022-07-28
2021-11-28,28,icu,21.7,2022-07-28
2021-11-29,18,icu,21.1,2022-07-28
2021-11-30,21,icu,20.9,2022-07-28
2021-12-01,33,icu,23.4,2022-07-28
2021-12-02,27,icu,24.6,2022-07-28
2021-12-03,17,icu,23.6,2022-07-28
2021-12-04,20,icu,23.4,2022-07-28
2021-12-05,28,icu,23.4,2022-07-28
2021-12-06,23,icu,24.1,2022-07-28
2021-12-07,26,icu,24.9,2022-07-28
2021-12-08,27,icu,24,2022-07-28
2021-12-09,21,icu,23.1,2022-07-28
2021-12-10,20,icu,23.6,2022-07-28
2021-12-11,18,icu,23.3,2022-07-28
2021-12-12,24,icu,22.7,2022-07-28
2021-12-13,29,icu,23.6,2022-07-28
2021-12-14,22,icu,23,2022-07-28
2021-12-15,33,icu,23.9,2022-07-28
2021-12-16,22,icu,24,2022-07-28
2021-12-17,18,icu,23.7,2022-07-28
2021-12-18,20,icu,24,2022-07-28
2021-12-19,23,icu,23.9,2022-07-28
2021-12-20,17,icu,22.1,2022-07-28
2021-12-21,29,icu,23.1,2022-07-28
2021-12-22,20,icu,21.3,2022-07-28
2021-12-23,18,icu,20.7,2022-07-28
2021-12-24,18,icu,20.7,2022-07-28
2021-12-25,20,icu,20.7,2022-07-28
2021-12-26,16,icu,19.7,2022-07-28
2021-12-27,21,icu,20.3,2022-07-28
2021-12-28,15,icu,18.3,2022-07-28
2021-12-29,14,icu,17.4,2022-07-28
2021-12-30,17,icu,17.3,2022-07-28
2021-12-31,20,icu,17.6,2022-07-28
2022-01-01,15,icu,16.9,2022-07-28
2022-01-02,18,icu,17.1,2022-07-28
2022-01-03,22,icu,17.3,2022-07-28
2022-01-04,14,icu,17.1,2022-07-28
2022-01-05,26,icu,18.9,2022-07-28
2022-01-06,14,icu,18.4,2022-07-28
2022-01-07,24,icu,19,2022-07-28
2022-01-08,19,icu,19.6,2022-07-28
2022-01-09,15,icu,19.1,2022-07-28
2022-01-10,21,icu,19,2022-07-28
2022-01-11,23,icu,20.3,2022-07-28
2022-01-12,25,icu,20.1,2022-07-28
2022-01-13,10,icu,19.6,2022-07-28
2022-01-14,22,icu,19.3,2022-07-28
2022-01-15,20,icu,19.4,2022-07-28
2022-01-16,20,icu,20.1,2022-07-28
2022-01-17,25,icu,20.7,2022-07-28
2022-01-18,33,icu,22.1,2022-07-28
2022-01-19,33,icu,23.3,2022-07-28
2022-01-20,12,icu,23.6,2022-07-28
2022-01-21,16,icu,22.7,2022-07-28
2022-01-22,16,icu,22.1,2022-07-28
2022-01-23,25,icu,22.9,2022-07-28
2022-01-24,18,icu,21.9,2022-07-28
2022-01-25,24,icu,20.6,2022-07-28
2022-01-26,22,icu,19,2022-07-28
2022-01-27,23,icu,20.6,2022-07-28
2022-01-28,14,icu,20.3,2022-07-28
2022-01-29,17,icu,20.4,2022-07-28
2022-01-30,20,icu,19.7,2022-07-28
2022-01-31,19,icu,19.9,2022-07-28
2022-02-01,17,icu,18.9,2022-07-28
2022-02-02,34,icu,20.6,2022-07-28
2022-02-03,19,icu,20,2022-07-28
2022-02-04,16,icu,20.3,2022-07-28
2022-02-05,16,icu,20.1,2022-07-28
2022-02-06,19,icu,20,2022-07-28
2022-02-07,15,icu,19.4,2022-07-28
2022-02-08,8,icu,18.1,2022-07-28
2022-02-09,9,icu,14.6,2022-07-28
2022-02-10,13,icu,13.7,2022-07-28
2022-02-11,18,icu,14,2022-07-28
2022-02-12,14,icu,13.7,2022-07-28
2022-02-13,11,icu,12.6,2022-07-28
2022-02-14,15,icu,12.6,2022-07-28
2022-02-15,13,icu,13.3,2022-07-28
2022-02-16,11,icu,13.6,2022-07-28
2022-02-17,8,icu,12.9,2022-07-28
2022-02-18,7,icu,11.3,2022-07-28
2022-02-19,10,icu,10.7,2022-07-28
2022-02-20,6,icu,10,2022-07-28
2022-02-21,5,icu,8.6,2022-07-28
2022-02-22,9,icu,8,2022-07-28
2022-02-23,6,icu,7.3,2022-07-28
2022-02-24,11,icu,7.7,2022-07-28
2022-02-25,5,icu,7.4,2022-07-28
2022-02-26,9,icu,7.3,2022-07-28
2022-02-27,7,icu,7.4,2022-07-28
2022-02-28,9,icu,8,2022-07-28
2022-03-01,11,icu,8.3,2022-07-28
2022-03-02,6,icu,8.3,2022-07-28
2022-03-03,4,icu,7.3,2022-07-28
2022-03-04,1,icu,6.7,2022-07-28
2022-03-05,3,icu,5.9,2022-07-28
2022-03-06,4,icu,5.4,2022-07-28
2022-03-07,4,icu,4.7,2022-07-28
2022-03-08,5,icu,3.9,2022-07-28
2022-03-09,4,icu,3.6,2022-07-28
2022-03-10,5,icu,3.7,2022-07-28
2022-03-11,4,icu,4.1,2022-07-28
2022-03-12,7,icu,4.7,2022-07-28
2022-03-13,7,icu,5.1,2022-07-28
2022-03-14,7,icu,5.6,2022-07-28
2022-03-15,3,icu,5.3,2022-07-28
2022-03-16,9,icu,6,2022-07-28
2022-03-17,7,icu,6.3,2022-07-28
2022-03-18,3,icu,6.1,2022-07-28
2022-03-19,3,icu,5.6,2022-07-28
2022-03-20,5,icu,5.3,2022-07-28
2022-03-21,7,icu,5.3,2022-07-28
2022-03-22,4,icu,5.4,2022-07-28
2022-03-23,1,icu,4.3,2022-07-28
2022-03-24,5,icu,4,2022-07-28
2022-03-25,6,icu,4.4,2022-07-28
2022-03-26,1,icu,4.1,2022-07-28
2022-03-27,0,icu,3.4,2022-07-28
2022-03-28,3,icu,2.9,2022-07-28
2022-03-29,1,icu,2.4,2022-07-28
2022-03-30,5,icu,3,2022-07-28
2022-03-31,7,icu,3.3,2022-07-28
2022-04-01,5,icu,3.1,2022-07-28
2022-04-02,3,icu,3.4,2022-07-28
2022-04-03,2,icu,3.7,2022-07-28
2022-04-04,7,icu,4.3,2022-07-28
2022-04-05,7,icu,5.1,2022-07-28
2022-04-06,5,icu,5.1,2022-07-28
2022-04-07,3,icu,4.6,2022-07-28
2022-04-08,2,icu,4.1,2022-07-28
2022-04-09,1,icu,3.9,2022-07-28
2022-04-10,6,icu,4.4,2022-07-28
2022-04-11,3,icu,3.9,2022-07-28
2022-04-12,4,icu,3.4,2022-07-28
2022-04-13,5,icu,3.4,2022-07-28
2022-04-14,4,icu,3.6,2022-07-28
2022-04-15,4,icu,3.9,2022-07-28
2022-04-16,1,icu,3.9,2022-07-28
2022-04-17,2,icu,3.3,2022-07-28
2022-04-18,3,icu,3.3,2022-07-28
2022-04-19,2,icu,3,2022-07-28
2022-04-20,2,icu,2.6,2022-07-28
2022-04-21,5,icu,2.7,2022-07-28
2022-04-22,1,icu,2.3,2022-07-28
2022-04-23,3,icu,2.6,2022-07-28
2022-04-24,7,icu,3.3,2022-07-28
2022-04-25,7,icu,3.9,2022-07-28
2022-04-26,7,icu,4.6,2022-07-28
2022-04-27,4,icu,4.9,2022-07-28
2022-04-28,6,icu,5,2022-07-28
2022-04-29,4,icu,5.4,2022-07-28
2022-04-30,3,icu,5.4,2022-07-28
2022-05-01,6,icu,5.3,2022-07-28
2022-05-02,4,icu,4.9,2022-07-28
2022-05-03,5,icu,4.6,2022-07-28
2022-05-04,5,icu,4.7,2022-07-28
2022-05-05,8,icu,5,2022-07-28
2022-05-06,10,icu,5.9,2022-07-28
2022-05-07,8,icu,6.6,2022-07-28
2022-05-08,6,icu,6.6,2022-07-28
2022-05-09,7,icu,7,2022-07-28
2022-05-10,6,icu,7.1,2022-07-28
2022-05-11,7,icu,7.4,2022-07-28
2022-05-12,8,icu,7.4,2022-07-28
2022-05-13,7,icu,7,2022-07-28
2022-05-14,5,icu,6.6,2022-07-28
2022-05-15,7,icu,6.7,2022-07-28
2022-05-16,11,icu,7.3,2022-07-28
2022-05-17,10,icu,7.9,2022-07-28
2022-05-18,6,icu,7.7,2022-07-28
2022-05-19,10,icu,8,2022-07-28
2022-05-20,7,icu,8,2022-07-28
2022-05-21,5,icu,8,2022-07-28
2022-05-22,7,icu,8,2022-07-28
2022-05-23,4,icu,7,2022-07-28
2022-05-24,7,icu,6.6,2022-07-28
2022-05-25,7,icu,6.7,2022-07-28
2022-05-26,11,icu,6.9,2022-07-28
2022-05-27,8,icu,7,2022-07-28
2022-05-28,8,icu,7.4,2022-07-28
2022-05-29,3,icu,6.9,2022-07-28
2022-05-30,6,icu,7.1,2022-07-28
2022-05-31,7,icu,7.1,2022-07-28
2022-06-01,14,icu,8.1,2022-07-28
2022-06-02,5,icu,7.3,2022-07-28
2022-06-03,1,icu,6.3,2022-07-28
2022-06-04,6,icu,6,2022-07-28
2022-06-05,7,icu,6.6,2022-07-28
2022-06-06,12,icu,7.4,2022-07-28
2022-06-07,5,icu,7.1,2022-07-28
2022-06-08,6,icu,6,2022-07-28
2022-06-09,8,icu,6.4,2022-07-28
2022-06-10,4,icu,6.9,2022-07-28
2022-06-11,10,icu,7.4,2022-07-28
2022-06-12,7,icu,7.4,2022-07-28
2022-06-13,8,icu,6.9,2022-07-28
2022-06-14,7,icu,7.1,2022-07-28
2022-06-15,10,icu,7.7,2022-07-28
2022-06-16,8,icu,7.7,2022-07-28
2022-06-17,2,icu,7.4,2022-07-28
2022-06-18,7,icu,7,2022-07-28
2022-06-19,8,icu,7.1,2022-07-28
2022-06-20,6,icu,6.9,2022-07-28
2022-06-21,4,icu,6.4,2022-07-28
2022-06-22,6,icu,5.9,2022-07-28
2022-06-23,9,icu,6,2022-07-28
2022-06-24,6,icu,6.6,2022-07-28
2022-06-25,4,icu,6.1,2022-07-28
2022-06-26,4,icu,5.6,2022-07-28
2022-06-27,5,icu,5.4,2022-07-28
2022-06-28,5,icu,5.6,2022-07-28
2022-06-29,10,icu,6.1,2022-07-28
2022-06-30,6,icu,5.7,2022-07-28
2022-07-01,5,icu,5.6,2022-07-28
2022-07-02,4,icu,5.6,2022-07-28
2022-07-03,7,icu,6,2022-07-28
2022-07-04,9,icu,6.6,2022-07-28
2022-07-05,11,icu,7.4,2022-07-28
2022-07-06,7,icu,7,2022-07-28
2022-07-07,8,icu,7.3,2022-07-28
2022-07-08,5,icu,7.3,2022-07-28
2022-07-09,6,icu,7.6,2022-07-28
2022-07-10,11,icu,8.1,2022-07-28
2022-07-11,7,icu,7.9,2022-07-28
2022-07-12,10,icu,7.7,2022-07-28
2022-07-13,11,icu,8.3,2022-07-28
2022-07-14,6,icu,8,2022-07-28
2022-07-15,10,icu,8.7,2022-07-28
2022-07-16,2,icu,8.1,2022-07-28
2022-07-17,8,icu,7.7,2022-07-28
2022-07-18,13,icu,8.6,2022-07-28
2022-07-19,7,icu,8.1,2022-07-28
2022-07-20,10,icu,8,2022-07-28
2022-07-21,5,icu,7.9,2022-07-28
2022-07-22,6,icu,7.3,2022-07-28
2022-07-23,3,icu,7.4,2022-07-28
2022-07-24,5,icu,7,2022-07-28
2022-07-25,1,icu,5.3,2022-07-28
2022-07-26,0,icu,4.3,2022-07-28
