date,day,cases_7day,tests_7day,positive_rate_7day,new_hosp_7day,deaths_7day,active_cases_7day,new_vaccines_1x_7day,new_vaccines_full_7day,new_boosters_7day
2022-03-23,Wednesday,402.14285714285717,14863.57142857143,0.02705560094190014,31.571428571428573,5.714285714285714,3294.6,382.14285714285717,612.7142857142857,1370.2857142857142
2022-03-22,Tuesday,488,16729,0.029170900830892462,34.285714285714285,7.285714285714286,3336.6,395.7142857142857,615.1428571428571,1360.7142857142858
2022-03-21,Monday,405.42857142857144,17183.14285714286,0.023594552800917844,31.857142857142858,6.857142857142857,3286.4,525.5714285714286,831,1704.5714285714287
2022-03-18,Friday,415.7142857142857,17080.428571428572,0.024338633189197326,31.714285714285715,8.142857142857142,3465,323,535.8571428571429,1156.7142857142858
2022-03-17,Thursday,422.14285714285717,17135.571428571428,0.02463547007478178,33,8.142857142857142,3693,434.85714285714283,719.2857142857143,1435.857142857143
2022-03-16,Wednesday,441.2857142857143,17367.714285714286,0.02540839324197608,34.714285714285715,9.142857142857142,3931,463.42857142857144,749.1428571428571,1487
2022-03-15,Tuesday,396.42857142857144,17610.85714285714,0.022510464323956002,35.285714285714285,9.714285714285714,4175.2,485,798,1530.857142857143
2022-03-14,Monday,535.5714285714286,18343.85714285714,0.029196227619989565,39.57142857142857,11.285714285714286,4545.8,462.42857142857144,782.4285714285714,1450.5714285714287
2022-03-11,Friday,589.5714285714286,19074.85714285714,0.03090830112938498,41.714285714285715,11.571428571428571,4886.6,679.8571428571429,1124.2857142857142,2033.2857142857142
2022-03-10,Thursday,625.2857142857143,19514.428571428572,0.03204222516672645,45.57142857142857,11.857142857142858,5213.8,607.8571428571429,1001.8571428571429,1828.4285714285713
2022-03-09,Wednesday,660,19955.428571428572,0.03307370711872172,43.714285714285715,12.285714285714286,5538.4,640.7142857142857,1113.7142857142858,1909.7142857142858
2022-03-08,Tuesday,662.2857142857143,20005.571428571428,0.033105063589428656,54.42857142857143,12.857142857142858,5854.4,688.7142857142857,1271,2067.1428571428573
2022-03-07,Monday,760.1428571428571,20626.14285714286,0.036853369163959745,57.57142857142857,13.142857142857142,6216.4,724.4285714285714,1511.7142857142858,2162.714285714286
2022-03-04,Friday,790.7142857142857,21004,0.03764589057866529,59,14.571428571428571,6782.2,763.8571428571429,1820.4285714285713,2223.8571428571427
2022-03-03,Thursday,809,20661.714285714286,0.03915454394601471,57.42857142857143,15.142857142857142,7483.8,636.4285714285714,1624.7142857142858,2225.714285714286
2022-03-02,Wednesday,841.5714285714286,20677.285714285714,0.040700285337257586,63,19,8224.2,742.1428571428571,1775.2857142857142,2301
2022-03-01,Tuesday,757.1428571428571,18031.714285714286,0.04198951054491293,39.142857142857146,16,8782.5,582.8571428571429,1456.142857142857,1875.5714285714287
2022-02-28,Monday,1029.7142857142858,21450,0.04800532800532801,57,16.571428571428573,9599.25,773,1814.2857142857142,2440.1428571428573
2022-02-25,Friday,1156.857142857143,22576.285714285714,0.05124213776782211,59,17.142857142857142,11196.5,787.8571428571429,1700.857142857143,2550.8571428571427
2022-02-24,Thursday,1343,23927.285714285714,0.05612838898806503,67,19.428571428571427,13025.75,884.8571428571429,1992.857142857143,2761.714285714286
2022-02-22,Tuesday,1668.5714285714287,27774.85714285714,0.06007488787392503,103.85714285714286,22.428571428571427,15086.6,1030.7142857142858,2256.714285714286,3249.4285714285716
2022-02-21,Monday,2014.142857142857,27135.85714285714,0.07422440524135172,101.28571428571429,23.285714285714285,16782.8,996.5714285714286,2028.4285714285713,3158.714285714286
2022-02-18,Friday,2346.4285714285716,28386.571428571428,0.08265980896399706,116.14285714285714,23.428571428571427,18597.6,1055.142857142857,2102.1428571428573,3316
2022-02-17,Thursday,2716.8571428571427,28955.285714285714,0.0938294019843404,122.28571428571429,24.142857142857142,20495.8,1243,2260.285714285714,3557
2022-02-16,Wednesday,3089.5714285714284,30095.85714285714,0.10265769849670814,130.85714285714286,25.857142857142858,22268.2,1245.7142857142858,2216.714285714286,3662.8571428571427
2022-02-15,Tuesday,3422.714285714286,31645.85714285714,0.10815678874689082,151.14285714285714,25.714285714285715,23952.8,1366.5714285714287,2319.285714285714,3863.5714285714284
2022-02-14,Monday,3985.5714285714284,33048.28571428572,0.12059843173192472,152.71428571428572,28,25824.6,1660.4285714285713,2508.4285714285716,4444.285714285715
2022-02-11,Friday,4198.571428571428,33022.57142857143,0.127142473978837,152.14285714285714,28.285714285714285,28798.2,1787.857142857143,2513.4285714285716,4708.714285714285
2022-02-10,Thursday,4450,33840.71428571428,0.13149840639972982,167.57142857142858,28.571428571428573,32161,1923.4285714285713,2550.714285714286,5054.428571428572
2022-02-09,Wednesday,4595.428571428572,34188,0.13441642013070584,177.57142857142858,29.428571428571427,35429.2,2014.4285714285713,2575,5403.428571428572
2022-02-08,Tuesday,4607.285714285715,34598,0.13316624412641523,162.14285714285714,32.142857142857146,38675.4,2116.1428571428573,2596.1428571428573,5684.142857142857
2022-02-07,Monday,6171.714285714285,38037.28571428572,0.16225432939859763,178,31.857142857142858,42429.2,2033.5714285714287,2283.1428571428573,5671
2022-02-04,Friday,7067.285714285715,39354.57142857143,0.17957979105712896,193.42857142857142,31,46875.8,2280.8571428571427,2379.4285714285716,6436.428571428572
2022-02-03,Thursday,8202.714285714286,40877.57142857143,0.2006654015649518,198.57142857142858,31.714285714285715,50844.8,2447.714285714286,2291.1428571428573,6613.714285714285
2022-02-02,Wednesday,9510.285714285714,42322.28571428572,0.22471106070425578,212.14285714285714,33.42857142857143,53483.4,2493.285714285714,2240.4285714285716,6865.857142857143
2022-02-01,Tuesday,11175.42857142857,45199,0.2472494650640185,224.42857142857142,32.42857142857143,54608.4,2483.1428571428573,2197.285714285714,7093
2022-01-31,Monday,13196,49986.28571428572,0.26399240934656365,224.57142857142858,31.142857142857142,53774,2591.5714285714284,2105.8571428571427,9686.42857142857
2022-01-28,Friday,13285.142857142857,53464.28571428572,0.24848630594522378,218.57142857142858,33,52050,2596.285714285714,2057.8571428571427,8010.428571428572
2022-01-27,Thursday,12894.142857142857,58109.42857142857,0.2218941602788827,216.28571428571428,32,50794.8,2368,2005.2857142857142,8200.714285714286
2022-01-26,Wednesday,12438,60102.28571428572,0.2069472042898297,209,35,50075.6,2563.5714285714284,2138.285714285714,8636
2022-01-25,Tuesday,16588.571428571428,83596.71428571429,0.19843568698017866,258,32.857142857142854,50193.4,3792.5714285714284,2898.4285714285716,13308.857142857143
2022-01-24,Monday,11516.57142857143,64355.142857142855,0.17895339699790894,213.71428571428572,27.571428571428573,52190.25,3038.4285714285716,2334.4285714285716,8903.57142857143
2022-01-21,Friday,11220.714285714286,70951.14285714286,0.1581470549150522,230.42857142857142,25.714285714285715,55073.5,3008.5714285714284,2290.8571428571427,10983.714285714286
2022-01-20,Thursday,11182.42857142857,63739.71428571428,0.17543895037406596,227.28571428571428,25.142857142857142,57658,3242.285714285714,2432.714285714286,11626
2022-01-19,Wednesday,11192.42857142857,64089.142857142855,0.17463845001604908,223,21.428571428571427,60066,3191.8571428571427,2414.714285714286,11829.285714285714
2022-01-17,Monday,10561,63098,0.1673745602079305,239.14285714285714,27.142857142857142,58081.6,3427.8571428571427,3097.285714285714,13415.42857142857
2022-01-14,Friday,10605.714285714286,58148.71428571428,0.18238948901953367,226.14285714285714,29.285714285714285,54574.8,3447.285714285714,3297.1428571428573,13657
2022-01-13,Thursday,10073.285714285714,70905.28571428571,0.14206678123935954,237.42857142857142,29.428571428571427,49906.2,3346,3247.8571428571427,13834.57142857143
2022-01-12,Wednesday,9419.857142857143,77002.57142857143,0.12233172176068331,232.85714285714286,30.857142857142858,45616.6,3334.5714285714284,3313,15205.142857142857
2022-01-11,Tuesday,8481.285714285714,71666.42857142857,0.11834391476383642,202.42857142857142,34,41914.8,3278.8571428571427,3438.714285714286,13791.285714285714
2022-01-10,Monday,6583.714285714285,63928.142857142855,0.10298616527038171,162.57142857142858,35.142857142857146,39022,2969.5714285714284,3167,13430
2022-01-07,Friday,5017.428571428572,51272.42857142857,0.0978582195387663,124.42857142857143,28.857142857142858,37075.25,2369.5714285714284,2503.285714285714,11108.285714285714
2022-01-06,Thursday,4867,41315.857142857145,0.11779980706128051,92.71428571428571,31,34346.5,2637.285714285714,2675.5714285714284,11302.285714285714
2022-01-05,Wednesday,4844.714285714285,32242,0.15026097282160802,88.14285714285714,29,31684.75,2649.285714285714,2710.714285714286,10473.714285714286
2022-01-04,Tuesday,4997,39059.857142857145,0.1279318555038238,114.28571428571429,28.714285714285715,29364.5,2737.714285714286,2695.5714285714284,12500.57142857143
2021-12-31,Friday,4092.5714285714284,42658.42857142857,0.09593816663261992,128.14285714285714,29.285714285714285,27045.25,2515,2452.5714285714284,11556.42857142857
2021-12-30,Thursday,3717.5714285714284,40944.857142857145,0.09079458784288276,132,30,25285,2461.285714285714,2398.285714285714,12443.285714285714
2021-12-29,Wednesday,3231.5714285714284,43383.857142857145,0.07448787732105754,127.71428571428571,30.571428571428573,24186.25,2471,2466.714285714286,13555.857142857143
2021-12-28,Tuesday,2887.5714285714284,37579.42857142857,0.07683915211970074,120.42857142857143,28.857142857142858,23855.25,2531.4285714285716,2493.714285714286,14095.142857142857
2021-12-24,Friday,3019,41288.57142857143,0.07311950730053283,139,35.42857142857143,24678.4,3519.714285714286,3446.285714285714,20159.85714285714
2021-12-23,Thursday,2976,42192.57142857143,0.07053374324525645,145.85714285714286,35.57142857142857,25166,3434.1428571428573,3803.5714285714284,20583
2021-12-22,Wednesday,3037,38915.142857142855,0.0780415996710792,151.14285714285714,33.714285714285715,25628.4,3428.1428571428573,4014.1428571428573,20434.571428571428
2021-12-21,Tuesday,2954.714285714286,38746.142857142855,0.07625828193036727,162.85714285714286,33.285714285714285,26149.2,3431.1428571428573,4511.142857142857,20810.428571428572
2021-12-20,Monday,3189.8571428571427,40698.857142857145,0.07837706920517248,166.42857142857142,34,27126,3432.4285714285716,5844,21875.14285714286
2021-12-17,Friday,3226.714285714286,38059,0.08478189878121563,171.14285714285714,34.142857142857146,28715.6,3298.8571428571427,6127.857142857143,20878.285714285714
2021-12-16,Thursday,3326.714285714286,38894.28571428572,0.08553221185631382,173.85714285714286,34.714285714285715,30683,3446,6659.428571428572,21567.14285714286
2021-12-15,Wednesday,3319.4285714285716,40674.28571428572,0.08161000280977802,171.85714285714286,34.857142857142854,32607.4,3567.285714285714,6903.428571428572,22052.571428571428
2021-12-14,Tuesday,3449.285714285714,39713.857142857145,0.08685345525311425,187,37.857142857142854,34685,3506.5714285714284,6811,21509.714285714286
2021-12-13,Monday,3935.4285714285716,40241.142857142855,0.09779614325068871,186.57142857142858,37.714285714285715,36406.6,3581.4285714285716,6958.571428571428,21469
2021-12-10,Friday,4287.857142857143,43712.57142857143,0.09809208204243304,190.42857142857142,36.57142857142857,36238.8,4028,7633.571428571428,24846.714285714286
2021-12-09,Thursday,4449.428571428572,44371.71428571428,0.10027623775764483,190,37.142857142857146,35306.2,4019.4285714285716,7383.857142857143,24693.571428571428
2021-12-08,Wednesday,4672.142857142857,44203.857142857145,0.10569536595061194,196.28571428571428,41.714285714285715,34056,4047.4285714285716,7503.142857142857,24524.285714285714
2021-12-07,Tuesday,4735,46823.42857142857,0.10112458964376808,196.14285714285714,45.285714285714285,32380.4,4193.857142857143,7497.714285714285,24886.714285714286
2021-12-06,Monday,4761.714285714285,42356.57142857143,0.11241972910258485,204.57142857142858,38.857142857142854,30807.4,5127.142857142857,6524.857142857143,39886.857142857145
2021-12-03,Friday,4531.571428571428,49118.42857142857,0.09225807014533387,201.28571428571428,39.714285714285715,30110.6,NA,NA,NA
2021-12-02,Thursday,3719.4285714285716,40608.857142857145,0.09159155989896645,171.71428571428572,30.857142857142858,29208.75,NA,NA,NA
2021-12-01,Wednesday,3550.5714285714284,40314.42857142857,0.08807197706599197,166.14285714285714,28.571428571428573,30206,NA,NA,NA
2021-11-30,Tuesday,3576.1428571428573,39482.142857142855,0.09057620985979195,157.57142857142858,21.857142857142858,31446.75,NA,NA,NA
2021-11-29,Monday,3408,44936.57142857143,0.075840231945981,150.14285714285714,27.142857142857142,32600.75,NA,NA,NA
2021-11-25,Thursday,4175,45398.71428571428,0.0919629567860638,168.71428571428572,30.428571428571427,34504.2,8520.142857142857,1923.7142857142858,24549
2021-11-24,Wednesday,4274.428571428572,45176.42857142857,0.09461634543930937,169.57142857142858,27,34457,8918.857142857143,1924.5714285714287,24325.285714285714
2021-11-23,Tuesday,4231.285714285715,44529.857142857145,0.0950213179600204,165.57142857142858,26,34248.4,9607.714285714286,1874.857142857143,23726
2021-11-22,Monday,4153.857142857143,43070.857142857145,0.09644240719611537,169.57142857142858,28,34047.8,9099.42857142857,3401,21563.571428571428
2021-11-19,Friday,4232.142857142857,42960.42857142857,0.09851258467094302,175.57142857142858,22.714285714285715,33550,8771.42857142857,3428.714285714286,20648.714285714286
2021-11-18,Thursday,4187.428571428572,43153.142857142855,0.0970364681268042,171.71428571428572,22.428571428571427,32621.4,8412.42857142857,3436.5714285714284,20521.571428571428
2021-11-17,Wednesday,4229.714285714285,42127.857142857145,0.10040183794231845,171.57142857142858,24,31655,8094,3520.4285714285716,20449.428571428572
2021-11-16,Tuesday,4489.714285714285,42164,0.10648217165625382,155.71428571428572,23.571428571428573,30508.6,7073.285714285715,-1403,19897.571428571428
2021-11-15,Monday,3955.4285714285716,42022.42857142857,0.09412660586013591,148.42857142857142,19.142857142857142,28757.6,6052.428571428572,-1421.5714285714287,20187.571428571428
2021-11-12,Friday,3810.714285714286,41153.857142857145,0.09259677100219733,131.85714285714286,24,27173.4,5844.142857142857,-2812,19698
2021-11-11,Thursday,3600.5714285714284,40190.57142857143,0.08958746543254636,128.57142857142858,25,25656.2,4861.428571428572,-2484.5714285714284,19201.14285714286
2021-11-10,Wednesday,3399.8571428571427,40268.142857142855,0.08443044306559244,126.71428571428571,23.428571428571427,24379.2,4215.285714285715,-2100,18286.714285714286
2021-11-09,Tuesday,3068.285714285714,39393.142857142855,0.07788882764222925,121,23.428571428571427,23336.8,3581.5714285714284,3040.5714285714284,18102.85714285714
2021-11-08,Monday,3049.714285714286,37749.42857142857,0.08078835630435276,108.85714285714286,24,22650.4,2785.714285714286,2618.4285714285716,17497.285714285714
2021-11-05,Friday,2850.285714285714,37109.57142857143,0.07680729268921764,134.71428571428572,22.714285714285715,21646.8,2211.8571428571427,4462.714285714285,18601.285714285714
2021-11-04,Thursday,2846,35820.42857142857,0.07945186904519767,129.28571428571428,20,20763.4,2181,4432.714285714285,19496.571428571428
2021-11-03,Wednesday,2699.1428571428573,34983.142857142855,0.07715552796857261,124.42857142857143,21.285714285714285,19841.2,2326.4285714285716,3897.4285714285716,19379.428571428572
2021-11-02,Tuesday,2535.4285714285716,34017.142857142855,0.07453384847975811,115.42857142857143,19.571428571428573,19117,2378.714285714286,4013.285714285714,19586.285714285714
2021-11-01,Monday,2469.714285714286,33921.42857142857,0.07280690671720362,119.57142857142857,19.285714285714285,18594.2,2239.285714285714,2889.8571428571427,16262.42857142857
2021-10-29,Friday,2391.5714285714284,33933.71428571428,0.07047773811127576,98.14285714285714,18.857142857142858,18305,2348.4285714285716,2511,13913.42857142857
2021-10-28,Thursday,2220.4285714285716,33359.42857142857,0.0665607495846109,94.85714285714286,19.714285714285715,18157.2,2320.8571428571427,2197.285714285714,11148.57142857143
2021-10-27,Wednesday,2173.4285714285716,31514.285714285714,0.06896645512239347,91.57142857142857,17.571428571428573,18291.6,2023.857142857143,2305.714285714286,9831.57142857143
2021-10-26,Tuesday,2180.285714285714,33596.857142857145,0.0648955259420524,96.14285714285714,17.714285714285715,18564.2,1986.142857142857,2035.5714285714287,8834.285714285714
2021-10-25,Monday,2052.1428571428573,32321.428571428572,0.06349171270718232,100.85714285714286,17.571428571428573,18967.6,2037.4285714285713,2180.4285714285716,8312.857142857143
2021-10-22,Friday,2131.8571428571427,32957.71428571428,0.06468461751855191,102.85714285714286,18.571428571428573,19880.2,1954.142857142857,2140.714285714286,8252.142857142857
2021-10-21,Thursday,2303.5714285714284,34460.28571428572,0.06684713666249346,109.57142857142857,19.428571428571427,20897,2027,2216.1428571428573,8377.285714285714
2021-10-20,Wednesday,2383.285714285714,37614.142857142855,0.06336142560359136,111.42857142857143,19.285714285714285,21704.6,2147.285714285714,2313,8633
2021-10-19,Tuesday,2459,35754.42857142857,0.0687746972403019,117,18.142857142857142,22395,2101.1428571428573,2286.285714285714,8560.714285714286
2021-10-18,Monday,2781.285714285714,37921.42857142857,0.0733433791674515,114.85714285714286,16.571428571428573,23016.4,2054.285714285714,2238.714285714286,8322.42857142857
2021-10-15,Friday,2832,38084.71428571428,0.07436054209975505,116.57142857142857,16,23236.6,2280.4285714285716,2474.8571428571427,9718.57142857143
2021-10-14,Thursday,2876.1428571428573,39077.142857142855,0.07360166703224391,114.85714285714286,14.857142857142858,23365.8,2710.5714285714284,2913.285714285714,11424.142857142857
2021-10-13,Wednesday,2841.1428571428573,37961.857142857145,0.0748420406949833,124.85714285714286,15.857142857142858,23405.4,2572.1428571428573,2791.1428571428573,11377.857142857143
2021-10-12,Tuesday,3055.1428571428573,39350.57142857143,0.07763909763517683,119.14285714285714,18.142857142857142,23447.6,2587.5714285714284,2820.5714285714284,11547.57142857143
2021-10-11,Monday,2939.5714285714284,40874.71428571428,0.07191662327041168,117.28571428571429,18.428571428571427,23078.4,2565.1428571428573,2833.1428571428573,11507
2021-10-08,Friday,2985.714285714286,41777.71428571428,0.07146667396151057,111.14285714285714,17.857142857142858,22542.8,2339.714285714286,2578,9864.57142857143
2021-10-07,Thursday,2993.285714285714,41466.57142857143,0.07218551259878869,108.57142857142857,17.428571428571427,21777,1902.7142857142858,2103.714285714286,8123.714285714285
2021-10-06,Wednesday,3021.8571428571427,42216.57142857143,0.07157988061560118,94.85714285714286,14.714285714285714,20968,2001.4285714285713,2143.285714285714,7997.428571428572
2021-10-05,Tuesday,2763.4285714285716,41736.42857142857,0.0662114288648149,96.71428571428571,13.428571428571429,20084.4,2106.285714285714,2175.714285714286,7910.428571428572
2021-10-04,Monday,2630.5714285714284,41032.28571428572,0.06410979507426208,95.57142857142857,13.285714285714286,19529.4,2329.714285714286,2568.285714285714,6674.857142857143
2021-10-01,Friday,2524.4285714285716,40482.57142857143,0.0623584046750277,96.71428571428571,13.428571428571429,18994.4,2379,2751,5650
2021-09-30,Thursday,2422,40139.42857142857,0.06033967313934286,98.14285714285714,14.857142857142858,18551.8,2336.1428571428573,2831.285714285714,4436
2021-09-29,Wednesday,2359.1428571428573,40244.57142857143,0.05862015107627648,98.42857142857143,16.428571428571427,18274.6,2486.285714285714,3145.5714285714284,3283.285714285714
2021-09-28,Tuesday,2297,40005,0.05741782277215348,99.57142857142857,14,18098.2,2440.1428571428573,3233.285714285714,2201.8571428571427
2021-09-27,Monday,2318.285714285714,39455,0.05875771674783207,99.28571428571429,15,17963.2,2436.8571428571427,3392.4285714285716,982.8571428571429
2021-09-24,Friday,2271.285714285714,39077.57142857143,0.05812248896882757,99.42857142857143,13.285714285714286,17741.2,2607.1428571428573,3644.8571428571427,1253.857142857143
2021-09-23,Thursday,2221,38568,0.05758660029039618,99.85714285714286,11.285714285714286,17171.4,3142.4285714285716,4411.428571428572,1011.4285714285714
2021-09-22,Wednesday,2228.1428571428573,37110.857142857145,0.06004018847006652,97.28571428571429,9.857142857142858,16603.8,2704.714285714286,3821.4285714285716,1024.5714285714287
2021-09-21,Tuesday,2292,37211.28571428572,0.061594216808264775,98.14285714285714,9.714285714285714,15997.6,2734,3913.5714285714284,1027.857142857143
2021-09-20,Monday,2042.142857142857,35502.857142857145,0.05752052148720425,94.57142857142857,8.857142857142858,15227.4,2911.8571428571427,4218.428571428572,NA
2021-09-17,Friday,2073.4285714285716,35560.42857142857,0.0583071873631605,95.71428571428571,9,14541.2,2870.5714285714284,4151.285714285715,NA
2021-09-16,Thursday,1988.4285714285713,34767.857142857145,0.057191576784797124,96.85714285714286,9.714285714285714,14094,2593.4285714285716,3746.285714285714,NA
2021-09-15,Wednesday,1807.142857142857,33836.42857142857,0.05340820333115197,106,9,13754.2,2841.714285714286,4216.571428571428,NA
2021-09-14,Tuesday,1508.7142857142858,28947.714285714286,0.052118598063503656,69.85714285714286,7.142857142857143,13821.5,2473.285714285714,3674.285714285714,NA
2021-09-13,Monday,1676.4285714285713,28532,0.058756083395085215,85.42857142857143,6.714285714285714,13762.75,2785.285714285714,4161.857142857143,NA
2021-09-10,Friday,1590,27994,0.05679788526112738,80.57142857142857,6.857142857142857,13552.5,2981.714285714286,4295.285714285715,NA
2021-09-09,Thursday,1602.5714285714287,27163.14285714286,0.058998012012075184,75.85714285714286,5,13447.5,3110.4285714285716,4338,NA
2021-09-07,Tuesday,1906.142857142857,32546.285714285714,0.058567139546316455,96.57142857142857,7.714285714285714,13009.2,4084.714285714286,5432.571428571428,NA
2021-09-06,Monday,1635.4285714285713,30251,0.05406196725491955,80.28571428571429,7.285714285714286,12801.4,3956.4285714285716,5064.714285714285,NA
2021-09-03,Friday,1610.5714285714287,29164.285714285714,0.05522409992652461,81.71428571428571,6.428571428571429,12634,3968.4285714285716,5119.571428571428,NA
2021-09-02,Thursday,1578.2857142857142,29466.285714285714,0.05356242485358569,81.85714285714286,6.571428571428571,12458.8,3921.8571428571427,5116.571428571428,NA
2021-09-01,Wednesday,1569,28175.571428571428,0.05568653696971541,82,5,12312.4,3857.4285714285716,5084.142857142857,NA
2021-08-31,Tuesday,1564.4285714285713,27950.428571428572,0.05597154145349164,80,5.142857142857143,12123.8,3887.714285714286,6456.428571428572,NA
2021-08-30,Monday,1558.142857142857,27832.571428571428,0.05598271295706982,81.71428571428571,5.428571428571429,11913.6,4331.142857142857,4866.285714285715,NA
2021-08-27,Friday,1523.7142857142858,27990.571428571428,0.05443669807179969,82.42857142857143,5.571428571428571,11532.8,4488.285714285715,4762.428571428572,NA
2021-08-26,Thursday,1494.5714285714287,27029.428571428572,0.05529422956988679,81.42857142857143,6.142857142857143,11111.4,4321.714285714285,4355.142857142857,NA
2021-08-25,Wednesday,1425.4285714285713,26598.714285714286,0.053590130564850076,77,5.714285714285714,10690.8,4459.285714285715,4219.571428571428,NA
2021-08-24,Tuesday,1391,26009,0.053481487177515476,72.85714285714286,5.428571428571429,10341,4693,2828.4285714285716,NA
2021-08-23,Monday,1279,25068.428571428572,0.05102035001339192,69.42857142857143,4.714285714285714,9956.4,5179.857142857143,3626.5714285714284,NA
2021-08-20,Friday,1250,24794.714285714286,0.050413970719565805,63.142857142857146,4.428571428571429,9543,5354.857142857143,3431.8571428571427,NA
2021-08-19,Thursday,1196.857142857143,24389,0.04907364561306912,61.714285714285715,3.857142857142857,9103.8,5780.285714285715,3539.4285714285716,NA
2021-08-18,Wednesday,1191.5714285714287,24315.428571428572,0.049004747132919725,59.57142857142857,3.857142857142857,8713.8,5693.285714285715,3180.285714285714,NA
2021-08-17,Tuesday,1258.5714285714287,24148.571428571428,0.05211784193090393,53.285714285714285,4.571428571428571,8301.4,5629.857142857143,2984.5714285714284,NA
2021-08-16,Monday,1063.7142857142858,23253.14285714286,0.045744968422087334,51,5.142857142857143,7743.8,5604.285714285715,3008.8571428571427,NA
2021-08-13,Friday,1013.7142857142857,21962.714285714286,0.04615614775691269,50.285714285714285,5,7257.2,5698.285714285715,2946.1428571428573,NA
2021-08-12,Thursday,967.4285714285714,21435.285714285714,0.04513252514212213,46.142857142857146,5,6763,5881.428571428572,2907.4285714285716,NA
2021-08-11,Wednesday,904.5714285714286,20753.14285714286,0.04358720193843273,44.857142857142854,4.571428571428571,6299.2,6197.571428571428,3050.5714285714284,NA
2021-08-10,Tuesday,805.1428571428571,20164.571428571428,0.03992858762185445,40.857142857142854,3.857142857142857,5890.2,6238.285714285715,3007.714285714286,NA
2021-08-09,Monday,801.8571428571429,18056,0.04440945629470219,38.57142857142857,3.4285714285714284,5561.4,5816,3007.1428571428573,NA
2021-08-06,Friday,732.1428571428571,17042.428571428572,0.04296000737654761,38.142857142857146,3.7142857142857144,5069.6,5490.857142857143,2979.8571428571427,NA
2021-08-05,Thursday,687.8571428571429,16415.428571428572,0.041903087687541335,39,3.5714285714285716,4621,5226.285714285715,3019,NA
2021-08-04,Wednesday,641.1428571428571,15780.42857142857,0.04062898889220825,37.142857142857146,3.2857142857142856,4206.4,5199.285714285715,3189.8571428571427,NA
2021-08-03,Tuesday,596.7142857142857,14971.42857142857,0.039856870229007635,34.57142857142857,3.142857142857143,3827.8,4901.285714285715,3037.285714285714,NA
2021-08-02,Monday,506,13963,0.03623863066676216,35.285714285714285,3,3469.2,4365.714285714285,2853,NA
2021-07-30,Friday,476.2857142857143,13671.714285714286,0.03483730747528787,33.42857142857143,2.5714285714285716,3128.4,4219.714285714285,2870.5714285714284,NA
2021-07-29,Thursday,429.57142857142856,12801.714285714286,0.03355577378029728,29.857142857142858,2.142857142857143,2795.4,4012.285714285714,2865.285714285714,NA
2021-07-28,Wednesday,399.42857142857144,12220.857142857143,0.03268416992027681,27.714285714285715,2.2857142857142856,2505.8,3514.5714285714284,2673,NA
2021-07-27,Tuesday,349.85714285714283,12188.714285714286,0.028703367283552703,22.428571428571427,2.4285714285714284,2252.2,3467.5714285714284,2832.8571428571427,NA
2021-07-26,Monday,291.7142857142857,11527.285714285714,0.025306415833240385,21.428571428571427,2.142857142857143,2055.8,3098.285714285714,2908,NA
2021-07-23,Friday,268.7142857142857,11147.57142857143,0.02410518626734843,20.285714285714285,2.142857142857143,1886.4,2895.4285714285716,2939.714285714286,NA
2021-07-22,Thursday,250.71428571428572,11333.285714285714,0.022121941688830624,20.285714285714285,2.2857142857142856,1724.6,2788.5714285714284,3074.5714285714284,NA
2021-07-21,Wednesday,233,11303.57142857143,0.0206129541864139,18.714285714285715,2,1572.6,3051.8571428571427,3443,NA
2021-07-20,Tuesday,223,10975,0.020318906605922553,20.285714285714285,1.7142857142857142,1434.2,3015.285714285714,3453.8571428571427,NA
2021-07-19,Monday,188.85714285714286,11176,0.016898455874833827,18.428571428571427,2,1293.6,2954.285714285714,3593.5714285714284,NA
2021-07-16,Friday,178.28571428571428,11204.857142857143,0.015911466965856644,17.428571428571427,1.8571428571428572,1175.8,2988.285714285714,3717.1428571428573,NA
2021-07-15,Thursday,162.71428571428572,11074.57142857143,0.014692603390005417,16.714285714285715,2.142857142857143,1072.8,2920.4285714285716,3727.1428571428573,NA
2021-07-14,Wednesday,150,10425,0.014388489208633094,21.571428571428573,2.142857142857143,994.8,2626.285714285714,3601.4285714285716,NA
2021-07-13,Tuesday,153.28571428571428,11464.57142857143,0.013370383292628222,16,1.7142857142857142,927.6,2745.1428571428573,3802.4285714285716,NA
2021-07-12,Monday,98.14285714285714,7701.142857142857,0.012743934109965126,12.571428571428571,1.2857142857142858,903,1954.4285714285713,2773,NA
2021-07-09,Friday,109.14285714285714,8994.42857142857,0.012134495957815156,15.571428571428571,2.4285714285714284,856,2382.285714285714,3397.714285714286,NA
2021-07-08,Thursday,105.14285714285714,9034.857142857143,0.011637467585857948,15.571428571428571,2.5714285714285716,829.8,2452.1428571428573,3523.1428571428573,NA
2021-07-07,Wednesday,101.57142857142857,9643.42857142857,0.010532709172789761,11.571428571428571,3,812.6,2790.714285714286,4347.714285714285,NA
2021-07-04,Sunday,103.14285714285714,10299.57142857143,0.01001428630872297,14.428571428571429,4.714285714285714,804.2857142857143,3285.4285714285716,6385.428571428572,NA
2021-07-03,Saturday,96.14285714285714,10464.857142857143,0.009187211619843285,14.285714285714286,4.571428571428571,801.8571428571429,3374.285714285714,7327.571428571428,NA
2021-07-02,Friday,90.85714285714286,10671.285714285714,0.0085141702030817,15,4.714285714285714,812.1428571428571,3551.285714285714,7920.285714285715,NA
2021-07-01,Thursday,90.71428571428571,10642,0.008524176443740435,14.714285714285714,5.428571428571429,834,3624.8571428571427,8136.857142857143,NA
2021-06-30,Wednesday,95.85714285714286,10653.857142857143,0.008997412070745673,15.285714285714286,5.571428571428571,855.4285714285714,3387.8571428571427,7377.857142857143,NA
2021-06-29,Tuesday,96.28571428571429,10689.714285714286,0.00900732346180574,15.142857142857142,5.285714285714286,875.4285714285714,3380.714285714286,7411.857142857143,NA
2021-06-28,Monday,96.42857142857143,10734.714285714286,0.008982872656135635,15.285714285714286,5.428571428571429,897.1428571428571,3443.1428571428573,7520.857142857143,NA
2021-06-27,Sunday,99,10986.142857142857,0.009011351962862306,16.142857142857142,5.285714285714286,920.8571428571429,3462.285714285714,6534.714285714285,NA
2021-06-26,Saturday,102.71428571428571,10921.285714285714,0.009404962785647949,16.285714285714285,6,946.8571428571429,3472.8571428571427,6293.714285714285,NA
2021-06-25,Friday,110.28571428571429,11142.57142857143,0.009897689684350881,14.142857142857142,5.857142857142857,976.4285714285714,3672.8571428571427,6864.714285714285,NA
2021-06-24,Thursday,110.85714285714286,11133.857142857143,0.00995675994713679,14.571428571428571,4.857142857142857,1006.1428571428571,3716.714285714286,7591.285714285715,NA
2021-06-23,Wednesday,111.42857142857143,11374.42857142857,0.00979641049471873,15.142857142857142,4.571428571428571,1038.7142857142858,3793.714285714286,8605.285714285714,NA
2021-06-22,Tuesday,112.42857142857143,11506.142857142857,0.009771178128453125,16.142857142857142,4.571428571428571,1074.857142857143,4381.714285714285,10158,NA
2021-06-21,Monday,114.57142857142857,11734.714285714286,0.009763461280936903,16,4.571428571428571,1122.4285714285713,4269.428571428572,10475.42857142857,NA
2021-06-20,Sunday,117.14285714285714,11931.285714285714,0.009818125217016487,16.142857142857142,4.714285714285714,1182.5714285714287,4032.5714285714284,10556.285714285714,NA
2021-06-19,Saturday,123.71428571428571,12084.42857142857,0.010237495714674139,17.142857142857142,4.714285714285714,1258.2857142857142,4303.714285714285,11531.285714285714,NA
2021-06-18,Friday,129.71428571428572,12088.57142857143,0.010730323800519971,19.857142857142858,5,1352.2857142857142,4193.428571428572,12042.285714285714,NA
2021-06-17,Thursday,138.57142857142858,12594.857142857143,0.011002223129622068,21.428571428571427,6.142857142857143,1421.142857142857,4531.857142857143,13021.714285714286,NA
2021-06-16,Wednesday,143.28571428571428,12908.857142857143,0.011099798587901994,21.857142857142858,6.571428571428571,1486.7142857142858,4745.285714285715,13462.42857142857,NA
2021-06-15,Tuesday,151.71428571428572,12956,0.011709963392581485,23.857142857142858,7,1548.7142857142858,4529,12955.714285714286,NA
2021-06-14,Monday,156,12939.714285714286,0.012055907615535781,25.285714285714285,7.142857142857143,1608.7142857142858,4769.571428571428,13208.285714285714,NA
2021-06-13,Sunday,167.14285714285714,12765.714285714286,0.013093106535362579,26.142857142857142,6.714285714285714,1674,5421,14049.714285714286,NA
2021-06-12,Saturday,181.14285714285714,13704,0.01321824701859728,25.714285714285715,6,1742.7142857142858,5655.142857142857,13886.42857142857,NA
2021-06-11,Friday,199.42857142857142,14262.714285714286,0.013982511844068951,24.571428571428573,7.285714285714286,1803.142857142857,6116.428571428572,13290.285714285714,NA
2021-06-10,Thursday,210.85714285714286,15537.42857142857,0.013570916312682738,26.428571428571427,6.714285714285714,1908.2857142857142,6205.428571428572,12203.285714285714,NA
2021-06-09,Wednesday,219.85714285714286,14419.57142857143,0.015247134351129912,30.285714285714285,7.142857142857143,2013.4285714285713,5960.285714285715,11189.42857142857,NA
2021-06-08,Tuesday,216.71428571428572,14106.714285714286,0.015362492025074179,28.142857142857142,6,2130.285714285714,5808.857142857143,10246.857142857143,NA
2021-06-07,Monday,198.85714285714286,13127,0.015148712032996333,26.285714285714285,5.714285714285714,2204.5,5501.571428571428,9390.142857142857,NA
2021-06-06,Sunday,190,13041.142857142857,0.014569275260713346,24.714285714285715,5.571428571428571,2440.5,5319.428571428572,8337.42857142857,NA
2021-06-05,Saturday,192.28571428571428,12653.285714285714,0.015196504578144582,22.428571428571427,6.142857142857143,2730.8333333333335,5703.142857142857,8106.857142857143,NA
2021-06-04,Friday,198.14285714285714,12826.714285714286,0.015447670598193502,24,5.285714285714286,3084,6073.714285714285,8557.142857142857,NA
2021-06-03,Thursday,213.42857142857142,11965.285714285714,0.017837315090082025,22.285714285714285,4.857142857142857,3493.1666666666665,7065.142857142857,9701.857142857143,NA
2021-06-02,Wednesday,251.57142857142858,14309.57142857143,0.01758064033064782,20.428571428571427,4.857142857142857,3919.1666666666665,8460.42857142857,11173.285714285714,NA
2021-05-31,Monday,332.42857142857144,16849.428571428572,0.01972936767673342,42.285714285714285,8.142857142857142,4437.714285714285,9611.857142857143,12921.42857142857,NA
2021-05-30,Sunday,380.2857142857143,17266.285714285714,0.022024755096637542,43.142857142857146,8,4786.857142857143,10438.285714285714,14208.857142857143,NA
2021-05-29,Saturday,402.57142857142856,18155.14285714286,0.022173960939836018,43,7.857142857142857,5144.571428571428,11369,15589.142857142857,NA
2021-05-28,Friday,439.14285714285717,18540.285714285714,0.023685873233576304,46,7.714285714285714,5494,13887.142857142857,18083.714285714286,NA
2021-05-27,Thursday,485.7142857142857,19361.285714285714,0.02508688177438039,50,10,5852,14976.142857142857,18928.428571428572,NA
2021-05-26,Wednesday,538.4285714285714,20146,0.0267263263887904,51.857142857142854,9.714285714285714,6184.857142857143,17451.571428571428,22109.571428571428,NA
2021-05-25,Tuesday,569.8571428571429,19929.14285714286,0.028594162174561302,51.857142857142854,10.142857142857142,6495.714285714285,17775.85714285714,23320.571428571428,NA
2021-05-24,Monday,607.4285714285714,20423.285714285714,0.029741961206745802,52.142857142857146,10.571428571428571,6818,18028.571428571428,23757.285714285714,NA
2021-05-23,Sunday,624.5714285714286,21246.714285714286,0.029396141924465633,51.57142857142857,10.571428571428571,7160,17911.428571428572,23820.285714285714,NA
2021-05-22,Saturday,676.2857142857143,21632.714285714286,0.03126217567308772,52,11,7518.428571428572,17768.285714285714,25072.714285714286,NA
2021-05-21,Friday,716.7142857142857,22175,0.032320824609437915,54.857142857142854,10.142857142857142,7904.571428571428,15514.714285714286,25155,NA
2021-05-20,Thursday,804.7142857142857,23439.428571428572,0.03433165118603574,57.285714285714285,8.428571428571429,8330,13555.285714285714,25931.14285714286,NA
2021-05-19,Wednesday,824.2857142857143,23830.714285714286,0.03458921559811767,60,10,8719.142857142857,10352,24257.428571428572,NA
2021-05-18,Tuesday,861.5714285714286,24402.714285714286,0.03530637692528349,63.285714285714285,10,9123.57142857143,10236.142857142857,24668.571428571428,NA
2021-05-17,Monday,870.7142857142857,24515.571428571428,0.03551678525019084,65.14285714285714,9.285714285714286,9573.714285714286,10238,25245.428571428572,NA
2021-05-16,Sunday,956.7142857142857,24109.428571428572,0.03968216346894517,65.14285714285714,9.285714285714286,10083.857142857143,10171,26380.428571428572,NA
2021-05-15,Saturday,957.4285714285714,24803.285714285714,0.03860087661196961,65.42857142857143,8.857142857142858,10575.714285714286,9438.285714285714,26787.714285714286,NA
2021-05-14,Friday,1020.1428571428571,25698.714285714286,0.039696260513310835,65.71428571428571,9.571428571428571,11125.857142857143,9438.857142857143,27177.14285714286,NA
2021-05-13,Thursday,1041.142857142857,26775.571428571428,0.03888405742974673,65.42857142857143,10,11668.857142857143,10208.57142857143,27671.714285714286,NA
2021-05-12,Wednesday,1134,27369.14285714286,0.041433522632370136,67.57142857142857,9.142857142857142,12196.857142857143,11149.714285714286,27410.85714285714,NA
2021-05-11,Tuesday,1183.7142857142858,28012.285714285714,0.042256968881001195,71.85714285714286,9.428571428571429,12650.857142857143,11223.42857142857,26388.428571428572,NA
2021-05-10,Monday,1243,28072.14285714286,0.04427877153253098,81.71428571428571,9.714285714285714,13064.142857142857,10871.42857142857,25621,NA
2021-05-09,Sunday,1230.7142857142858,28862.85714285714,0.042640071273015244,82.42857142857143,10.142857142857142,13415,10978.857142857143,23992,NA
2021-05-08,Saturday,1359.7142857142858,29620.714285714286,0.04590416937953652,83.42857142857143,10,13806.42857142857,12118.714285714286,24035,NA
2021-05-07,Friday,1417.142857142857,30783.85714285714,0.046035259667636566,87.57142857142857,10.285714285714286,14072,13538,25180.428571428572,NA
2021-05-06,Thursday,1477.7142857142858,30549.571428571428,0.04837103162541443,91.85714285714286,10.857142857142858,14286.714285714286,15276.857142857143,25447.714285714286,NA
2021-05-05,Wednesday,1514.857142857143,32062,0.047247743211812826,93,11.142857142857142,14441.285714285714,15941.285714285714,24849.85714285714,NA
2021-05-04,Tuesday,1550.142857142857,31713.14285714286,0.04888013982485855,93.71428571428571,11.857142857142858,14571.42857142857,17257.14285714286,25806.285714285714,NA
2021-05-03,Monday,1563,31950.714285714286,0.04891909414052894,90.57142857142857,12,14698.42857142857,17917.714285714286,25533.714285714286,NA
2021-05-02,Sunday,1576.142857142857,32265.285714285714,0.0488494932634366,91.71428571428571,11.571428571428571,14869.714285714286,19039.14285714286,26397.285714285714,NA
2021-05-01,Saturday,1555.5714285714287,32312.428571428572,0.048141581965364943,91.57142857142857,11.714285714285714,15070.714285714286,21317.285714285714,27557.714285714286,NA
2021-04-30,Friday,1610,32856.28571428572,0.04900127829421637,93.28571428571429,11.428571428571429,15347.714285714286,22394.14285714286,26015.428571428572,NA
2021-04-29,Thursday,1651.4285714285713,34348.71428571428,0.048078322748616086,94.71428571428571,10.571428571428571,15653.57142857143,22514.14285714286,26060.85714285714,NA
2021-04-28,Wednesday,1658.857142857143,33605.57142857143,0.04936256318042501,95.42857142857143,9.857142857142858,15964.285714285714,23291.571428571428,26486.85714285714,NA
2021-04-27,Tuesday,1672.7142857142858,33750,0.049561904761904765,90.85714285714286,8.571428571428571,16300.857142857143,23347.285714285714,25738.85714285714,NA
2021-04-26,Monday,1687.142857142857,33946.71428571428,0.049699739507715876,102.85714285714286,7.571428571428571,16674.14285714286,23839,25711.571428571428,NA
2021-04-25,Sunday,1700.7142857142858,33922.28571428572,0.05013560406980662,101.71428571428571,8.428571428571429,17065,23885,26745.714285714286,NA
2021-04-24,Saturday,1740.4285714285713,34301.57142857143,0.05073903319714632,101.71428571428571,9.571428571428571,17473.14285714286,23768.571428571428,26020,NA
2021-04-23,Friday,1786.857142857143,33677.857142857145,0.05305732889350782,104.71428571428571,9.857142857142858,17867.714285714286,25437.85714285714,27338.285714285714,NA
2021-04-22,Thursday,1805.7142857142858,33883.857142857145,0.053291284935515014,103.85714285714286,9.285714285714286,18214.571428571428,26731,26664.14285714286,NA
2021-04-21,Wednesday,1914.7142857142858,34203.71428571428,0.05597971815926424,105.14285714285714,9.428571428571429,18448.14285714286,27476.714285714286,26786.428571428572,NA
2021-04-20,Tuesday,1929.5714285714287,34171.142857142855,0.05646786344367428,110.42857142857143,9.857142857142858,18591.571428571428,28873.714285714286,27966.14285714286,NA
2021-04-19,Monday,1955,34260,0.057063631056625805,108.71428571428571,9.571428571428571,18693.285714285714,29732.714285714286,29353.14285714286,NA
2021-04-18,Sunday,2055.285714285714,34409.857142857145,0.05972956254229477,111,9,18743.714285714286,31934,30588.714285714286,NA
2021-04-17,Saturday,2046.2857142857142,33817.857142857145,0.06050902946456859,110.14285714285714,8.714285714285714,18662.14285714286,35214.57142857143,32742.714285714286,NA
2021-04-16,Friday,2049.8571428571427,33184,0.06177245488359278,107.14285714285714,9,18545.285714285714,36936.28571428572,33445,NA
2021-04-15,Thursday,2101.285714285714,33793,0.06218109414037565,109.14285714285714,9.571428571428571,18353.85714285714,37488.142857142855,34438.71428571428,NA
2021-04-14,Wednesday,2072.5714285714284,33545.857142857145,0.06178323063099127,106.85714285714286,10,18175.285714285714,37148.142857142855,34616.28571428572,NA
2021-04-13,Tuesday,2113.8571428571427,33776.857142857145,0.06258300273221733,104,10.428571428571429,17980.428571428572,37324.857142857145,34740.71428571428,NA
2021-04-12,Monday,2349.1428571428573,35809.142857142855,0.06560176172086937,98,10.571428571428571,17700,39382.57142857143,36591.57142857143,NA
2021-04-11,Sunday,2064.285714285714,32347.428571428572,0.06381606840022612,94.28571428571429,10.285714285714286,17578.5,34562.71428571428,31797,NA
2021-04-10,Saturday,2007.2857142857142,32681.428571428572,0.06141976657778555,95.28571428571429,9.857142857142858,17142.5,32017.428571428572,29162.14285714286,NA
2021-04-09,Friday,1953.142857142857,32618.85714285714,0.05987772191370461,90,9.714285714285714,16697.333333333332,31324.285714285714,28227.571428571428,NA
2021-04-08,Thursday,1938,31613.428571428572,0.06130306289370702,83.14285714285714,8.857142857142858,16244.666666666666,31100.428571428572,27028.14285714286,NA
2021-04-07,Wednesday,1881.5714285714287,31384.285714285714,0.05995266056716282,82.85714285714286,8.571428571428571,15770.5,30527.285714285714,26677.571428571428,NA
2021-04-06,Tuesday,1832.4285714285713,30796.571428571428,0.05950105763164731,79.85714285714286,7.571428571428571,15332.166666666666,29116.285714285714,26962.14285714286,NA
2021-04-04,Sunday,1805.857142857143,31834.85714285714,0.056725781264023264,71.71428571428571,7.857142857142857,14609.42857142857,31160.428571428572,26875.14285714286,NA
2021-04-03,Saturday,1783.2857142857142,31025.571428571428,0.05747793294931831,70.85714285714286,7.142857142857143,14139.714285714286,30379.14285714286,27663,NA
2021-04-02,Friday,1736,30417,0.05707334714140119,68,6.142857142857143,13643.42857142857,30082,26449.14285714286,NA
2021-04-01,Thursday,1616.142857142857,29549.571428571428,0.054692598877431144,66.85714285714286,6.571428571428571,13136.714285714286,29630.714285714286,25625.571428571428,NA
2021-03-31,Wednesday,1575.7142857142858,29239.285714285714,0.05389031391229999,64.14285714285714,7.142857142857143,12718.142857142857,29048.85714285714,24113.428571428572,NA
2021-03-30,Tuesday,1527.5714285714287,29784,0.05128832354859752,60.714285714285715,6.714285714285714,12296.285714285714,28548.571428571428,21212.714285714286,NA
2021-03-29,Monday,1469.2857142857142,29548.428571428572,0.0497246650776691,60.57142857142857,7.571428571428571,11890.57142857143,25561.14285714286,20003.571428571428,NA
2021-03-28,Sunday,1412.4285714285713,29107.571428571428,0.04852443890396706,59.42857142857143,6.857142857142857,11505.57142857143,26032.14285714286,19457.285714285714,NA
2021-03-27,Saturday,1373.7142857142858,28922.285714285714,0.047496740032402104,59.42857142857143,6.857142857142857,11151.42857142857,26589,17133.285714285714,NA
2021-03-26,Friday,1324.5714285714287,29047.85714285714,0.04559962623257186,60.285714285714285,7.142857142857143,10796.57142857143,24620.714285714286,16384.714285714286,NA
2021-03-25,Thursday,1286.7142857142858,28413.714285714286,0.04528497305124286,59.42857142857143,7.428571428571429,10454.57142857143,24560,16313.42857142857,NA
2021-03-24,Wednesday,1236.4285714285713,28671.85714285714,0.04312342117457138,57.142857142857146,6,10142,24317.428571428572,16589.428571428572,NA
2021-03-23,Tuesday,1196.857142857143,27992.571428571428,0.042756241451813747,56.42857142857143,5.714285714285714,9864,24643,17933.285714285714,NA
2021-03-22,Monday,1174.857142857143,27771.714285714286,0.042304091521692164,52.285714285714285,5,9597.285714285714,24225.428571428572,18019.571428571428,NA
2021-03-21,Sunday,1128.7142857142858,27371,0.041237597665934225,53.142857142857146,5.142857142857143,9336.142857142857,24065.85714285714,18869.14285714286,NA
2021-03-20,Saturday,1134.5714285714287,27097.285714285714,0.04187029802668691,53.142857142857146,5.142857142857143,9094.285714285714,23738.714285714286,19036.428571428572,NA
2021-03-19,Friday,1104.7142857142858,27146.571428571428,0.040694431288350014,51.285714285714285,4.857142857142857,8819.57142857143,24915.571428571428,18353.714285714286,NA
2021-03-18,Thursday,1055.857142857143,26344.571428571428,0.04007873674164371,49,5.428571428571429,8552.142857142857,24749,17367.714285714286,NA
2021-03-17,Wednesday,997.4285714285714,25474.428571428572,0.0391541097234762,45.285714285714285,7.285714285714286,8313.714285714286,25894.14285714286,18771,NA
2021-03-16,Tuesday,979.7142857142857,25522.714285714286,0.03838597551760617,46.142857142857146,7.571428571428571,8121.428571428572,25499.14285714286,18095.85714285714,NA
2021-03-15,Monday,984.5714285714286,24901,0.039539433298720075,41.57142857142857,7.571428571428571,7943.571428571428,26930.14285714286,18936.85714285714,NA
2021-03-14,Sunday,933.7142857142857,27716,0.03368863781621755,39.857142857142854,8.285714285714286,7741.285714285715,27723.285714285714,19676.85714285714,NA
2021-03-13,Saturday,919.4285714285714,27828.714285714286,0.03303884476979071,38.714285714285715,8.142857142857142,7571.714285714285,27009.714285714286,19905.428571428572,NA
2021-03-12,Friday,888.5714285714286,27797.714285714286,0.03196562923981417,37,9.285714285714286,7416.428571428572,26814.571428571428,20513.85714285714,NA
2021-03-11,Thursday,846.5714285714286,28324,0.029888837331288963,37,9.285714285714286,7291.142857142857,25977.14285714286,20359,NA
2021-03-10,Wednesday,825.5714285714286,27649.571428571428,0.029858380651728005,36.714285714285715,8.571428571428571,7213.428571428572,24912.85714285714,18721.285714285714,NA
2021-03-09,Tuesday,806.4285714285714,27517.14285714286,0.029306406396012875,33,9.714285714285714,7161.142857142857,25478,18547.714285714286,NA
2021-03-08,Monday,762.5714285714286,28074,0.027162906196887816,36.42857142857143,10,7119,24288.285714285714,17833.428571428572,NA
2021-03-07,Sunday,785.8571428571429,25654.85714285714,0.03063190484675695,37,9.571428571428571,7122.714285714285,23961.571428571428,16782.285714285714,NA
2021-03-06,Saturday,773.8571428571429,25766.285714285714,0.030033709609456432,37.42857142857143,10.142857142857142,7106.428571428572,25648.428571428572,16125.285714285714,NA
2021-03-05,Friday,752.5714285714286,25137.428571428572,0.029938282129096053,36.42857142857143,10.285714285714286,7100.142857142857,24437.85714285714,15775.714285714286,NA
2021-03-04,Thursday,802,25410.285714285714,0.03156202212827201,38.714285714285715,10.142857142857142,7086.714285714285,23559,16276,NA
2021-03-03,Wednesday,808.7142857142857,27006,0.029945726346526168,40.57142857142857,9.142857142857142,7052.142857142857,22706,16200.285714285714,NA
2021-03-02,Tuesday,804.8571428571429,26925.571428571428,0.029891924299258802,42.57142857142857,8,7017.571428571428,20928.714285714286,15804.714285714286,NA
2021-03-01,Monday,814.8571428571429,26725.571428571428,0.030489793082066934,35.57142857142857,7.571428571428571,6991.142857142857,20356.428571428572,15769.857142857143,NA
2021-02-28,Sunday,804.1428571428571,26487.285714285714,0.030359579528722674,37.714285714285715,7.285714285714286,6955.428571428572,17677.714285714286,15890,NA
2021-02-27,Saturday,815.2857142857143,26354.571428571428,0.03093526739736126,41.142857142857146,7.428571428571429,6945.428571428572,13425,16505,NA
2021-02-26,Friday,823.5714285714286,26987.571428571428,0.030516692869204342,45,7.142857142857143,6927.428571428572,10947.857142857143,17064.14285714286,NA
2021-02-25,Thursday,801,27775.285714285714,0.02883858723325464,40.57142857142857,6.571428571428571,6935.142857142857,10415.57142857143,17447.714285714286,NA
2021-02-24,Wednesday,791.2857142857143,26596,0.029752057237393378,41.714285714285715,7.571428571428571,6930,10627.42857142857,17792.85714285714,NA
2021-02-23,Tuesday,794.4285714285714,26951.85714285714,0.029475837869640576,40.714285714285715,7.714285714285714,6937.714285714285,10839.857142857143,17447,NA
2021-02-22,Monday,786.2857142857143,26946.85714285714,0.02917912505036368,40.142857142857146,7.857142857142857,6984.142857142857,12059.714285714286,16972.428571428572,NA
2021-02-21,Sunday,793.4285714285714,27023.85714285714,0.029360300686694825,42.714285714285715,8,7042.285714285715,13345,16254.42857142857,NA
2021-02-20,Saturday,777.4285714285714,26822,0.02898473534518572,44.285714285714285,7.714285714285714,7105.714285714285,14416.57142857143,15182,NA
2021-02-19,Friday,788.8571428571429,26623.14285714286,0.029630504072718687,45.857142857142854,7.142857142857143,7205.714285714285,15740.714285714286,13805.857142857143,NA
2021-02-18,Thursday,797,26353.285714285714,0.030242908176264276,50.285714285714285,8.714285714285714,7307,15869.57142857143,12411.857142857143,NA
2021-02-17,Wednesday,794,27474.571428571428,0.02889944988092886,51.857142857142854,10.142857142857142,7416.142857142857,16003.857142857143,11133.714285714286,NA
2021-02-16,Tuesday,778.8571428571429,27241.14285714286,0.02859120657828495,54.285714285714285,10.285714285714286,7538.285714285715,16720.85714285714,11127.857142857143,NA
2021-02-15,Monday,797.4285714285714,27362.571428571428,0.02914304211174806,59.57142857142857,10.857142857142858,7657,16978.14285714286,11334.42857142857,NA
2021-02-14,Sunday,790.7142857142857,27407.85714285714,0.028849912694482813,58.714285714285715,11,7776.428571428572,15297.857142857143,10130.42857142857,NA
2021-02-13,Saturday,810,27563.285714285714,0.029386917379744276,61.42857142857143,11.428571428571429,7909,16658.285714285714,8812.714285714286,NA
2021-02-12,Friday,819.4285714285714,28102.285714285714,0.029158787287256755,61.42857142857143,12.714285714285714,8025.428571428572,17150.428571428572,7384.285714285715,NA
2021-02-11,Thursday,818.8571428571429,27413.714285714286,0.029870346437653728,60.57142857142857,13.142857142857142,8153.571428571428,17716.85714285714,6935,NA
2021-02-10,Wednesday,890.7142857142857,28560.85714285714,0.03118653901943719,61.57142857142857,12.142857142857142,8286.57142857143,17850.14285714286,6556.857142857143,NA
2021-02-09,Tuesday,889.5714285714286,28671.714285714286,0.03102609839463483,59.42857142857143,14,8355.57142857143,17364.85714285714,6457.714285714285,NA
2021-02-08,Monday,896.2857142857143,28672.14285714286,0.03125980917266635,61.142857142857146,14.285714285714286,8450,16365.714285714286,6073.571428571428,NA
2021-02-07,Sunday,919.5714285714286,29031.714285714286,0.03167472025666512,62.42857142857143,14.142857142857142,8566.57142857143,19400.428571428572,6417.571428571428,NA
2021-02-06,Saturday,931.2857142857143,29396.571428571428,0.03168007930954047,59.57142857142857,14.571428571428571,8691.714285714286,20576,5994.285714285715,NA
2021-02-05,Friday,939.4285714285714,29088.85714285714,0.03229513510327961,59.57142857142857,15,8849.57142857143,21743.85714285714,5910,NA
2021-02-04,Thursday,952.4285714285714,30187.571428571428,0.03155035421389124,62.714285714285715,15.857142857142858,9035.142857142857,22121.85714285714,6211,NA
2021-02-03,Wednesday,941.7142857142857,29813.285714285714,0.03158706808565692,60,15.714285714285714,9228.142857142857,22480.14285714286,7041.857142857143,NA
2021-02-02,Tuesday,967.7142857142857,29768.428571428572,0.032508074230128754,61.857142857142854,14.857142857142858,9460.714285714286,23309.85714285714,7051.571428571428,NA
2021-02-01,Monday,981.1428571428571,29840.428571428572,0.032879650330567826,60,14.857142857142858,9669.42857142857,24991,6973.142857142857,NA
2021-01-31,Sunday,990.7142857142857,29868.714285714286,0.033168963224778913,60.57142857142857,15,9883.142857142857,24412,6932.857142857143,NA
2021-01-30,Saturday,1019.2857142857143,30474.428571428572,0.03344724616891914,57.714285714285715,17.714285714285715,10111.285714285714,21720.14285714286,6520.857142857143,NA
2021-01-29,Friday,1087.5714285714287,32019.285714285714,0.03396613648024628,61.857142857142854,19.428571428571427,10304.285714285714,18798,6748.285714285715,NA
2021-01-28,Thursday,1141.857142857143,31489.428571428572,0.036261602533276475,64.28571428571429,18.428571428571427,10503.57142857143,16644,6176.142857142857,NA
2021-01-27,Wednesday,1135.7142857142858,30581.714285714286,0.03713703800590456,66.42857142857143,20.714285714285715,10665.857142857143,14350,4969,NA
2021-01-26,Tuesday,1190.857142857143,30208.85714285714,0.039420794279823326,71,23,10854.714285714286,12044.42857142857,4187,NA
2021-01-25,Monday,1218.7142857142858,30756.428571428572,0.039624700991662605,72,22.714285714285715,11060.285714285714,10360.42857142857,4201.571428571428,NA
2021-01-24,Sunday,1245.2857142857142,30726.428571428572,0.04052816328428296,73.85714285714286,24,11300.714285714286,8924.57142857143,3912.1428571428573,NA
2021-01-23,Saturday,1269.2857142857142,30235.14285714286,0.04198047683395859,82,25.142857142857142,11574.714285714286,7864.714285714285,3940.5714285714284,NA
2021-01-22,Friday,1264.142857142857,28506.85714285714,0.04434522019764668,83.14285714285714,26,11961.285714285714,7430,3551.285714285714,NA
2021-01-21,Thursday,1280.5714285714287,29091.428571428572,0.044018856806128465,80.42857142857143,27.714285714285715,12490.142857142857,7215.285714285715,3843.1428571428573,NA
2021-01-20,Wednesday,1324.2857142857142,28497.85714285714,0.04646965937288518,84.28571428571429,29.285714285714285,13085.857142857143,7705.571428571428,4370.428571428572,NA
2021-01-19,Tuesday,1362.4285714285713,29376.428571428572,0.04637829163323364,83.71428571428571,31.571428571428573,13752.42857142857,7946.714285714285,NA,NA
2021-01-18,Monday,1421.4285714285713,31400.14285714286,0.04526821988980942,87.57142857142857,32.57142857142857,14224.714285714286,NA,NA,NA
2021-01-17,Sunday,1421.4285714285713,30962,0.045908809877545746,86.28571428571429,31.428571428571427,14617.714285714286,NA,NA,NA
2021-01-16,Saturday,1535.857142857143,32222.714285714286,0.04766380414880364,84.57142857142857,32,15064,NA,NA,NA
2021-01-15,Friday,1673,33897.71428571428,0.04935436017599164,81.14285714285714,32.857142857142854,15392.142857142857,NA,NA,NA
2021-01-14,Thursday,1779.7142857142858,34281.857142857145,0.05191417367787209,81.71428571428571,35,15559.857142857143,NA,NA,NA
2021-01-13,Wednesday,1837.7142857142858,34914.857142857145,0.05263416310698679,83,35.142857142857146,15601.142857142857,NA,NA,NA
2021-01-12,Tuesday,1958,34820.142857142855,0.05623181984155312,84.85714285714286,37.57142857142857,15559.42857142857,NA,NA,NA
2021-01-11,Monday,1997.5714285714287,32956.71428571428,0.06061197154709424,90.71428571428571,38.285714285714285,15359.42857142857,NA,NA,NA
2021-01-10,Sunday,2307.285714285714,31808.85714285714,0.07253595135227385,95.42857142857143,39.57142857142857,15052.714285714286,NA,NA,NA
2021-01-09,Saturday,2385.714285714286,39839.28571428572,0.05988346033168983,102.14285714285714,40.857142857142854,14422.142857142857,NA,NA,NA
2021-01-08,Friday,2030.142857142857,33751.857142857145,0.06014907116222176,90.42857142857143,34.714285714285715,14125.166666666666,NA,NA,NA
2021-01-07,Thursday,2052.4285714285716,32695.285714285714,0.0627744497896158,96.71428571428571,35.57142857142857,13735,NA,NA,NA
2021-01-06,Wednesday,2081,33610,0.061916096399880986,98.42857142857143,38,13303.5,NA,NA,NA
2021-01-05,Tuesday,2034.2857142857142,33919.71428571428,0.05997355099015322,104.57142857142857,37.857142857142854,12806.333333333334,NA,NA,NA
2021-01-04,Monday,1945.142857142857,32770.42857142857,0.059356649941366996,108.57142857142857,40.42857142857143,12685.5,NA,NA,NA
2021-01-03,Sunday,1650.7142857142858,33257.28571428572,0.049634666517755506,111.42857142857143,40.42857142857143,12859,NA,NA,NA
2021-01-01,Friday,1625,32022.285714285714,0.050745909099020325,110.14285714285714,38.57142857142857,13409,NA,NA,NA
2020-12-31,Thursday,1571.7142857142858,33630.28571428572,0.04673508572205325,108.42857142857143,39,14155.166666666666,NA,NA,NA
2020-12-30,Wednesday,1530.7142857142858,34148.42857142857,0.044825321391070073,112.14285714285714,41.57142857142857,15019.333333333334,NA,NA,NA
2020-12-29,Tuesday,1458.4285714285713,33816.57142857143,0.043127629733520335,112.71428571428571,42.857142857142854,15997.666666666666,NA,NA,NA
2020-12-28,Monday,1562.142857142857,37346.57142857143,0.04182828027816667,113,41.142857142857146,17223.166666666668,NA,NA,NA
2020-12-27,Sunday,1692.2857142857142,40204,0.04209247125374874,109.71428571428571,42.42857142857143,18457.833333333332,NA,NA,NA
2020-12-25,Friday,2112.714285714286,42234.71428571428,0.05002316983659346,127.14285714285714,54.857142857142854,20363.428571428572,NA,NA,NA
2020-12-24,Thursday,2193.714285714286,43774.42857142857,0.050114058762291094,133.28571428571428,56,21444.14285714286,NA,NA,NA
2020-12-23,Wednesday,2316.285714285714,43218.28571428572,0.05359503913687328,140.42857142857142,56.57142857142857,22553,NA,NA,NA
2020-12-22,Tuesday,2425.714285714286,42665.28571428572,0.056854518728842784,147.28571428571428,59,23612.571428571428,NA,NA,NA
2020-12-21,Monday,2515.1428571428573,42650.42857142857,0.058971103958091194,141.57142857142858,58.57142857142857,24769.714285714286,NA,NA,NA
2020-12-20,Sunday,2662,44369.57142857143,0.05999607195407406,144.42857142857142,58,26078.85714285714,NA,NA,NA
2020-12-19,Saturday,2766.8571428571427,41963.71428571428,0.06593451485296821,148.57142857142858,60.142857142857146,27549.14285714286,NA,NA,NA
2020-12-18,Friday,3006.1428571428573,43848.42857142857,0.06855759613473687,153.14285714285714,61.57142857142857,29198.571428571428,NA,NA,NA
2020-12-17,Thursday,3154.1428571428573,43058.57142857143,0.0732523804784181,163.28571428571428,65.71428571428571,31037,NA,NA,NA
2020-12-16,Wednesday,3261,42179.57142857143,0.07731230758288542,167.28571428571428,66.57142857142857,32875.57142857143,NA,NA,NA
2020-12-15,Tuesday,3583.8571428571427,45025.42857142857,0.07959629161933891,170.14285714285714,65.14285714285714,34864.71428571428,NA,NA,NA
2020-12-14,Monday,3689.5714285714284,44328.857142857145,0.0832318193244001,182.85714285714286,65.28571428571429,36630.142857142855,NA,NA,NA
2020-12-13,Sunday,4013.8571428571427,46942.71428571428,0.08550543367447862,186.14285714285714,65.71428571428571,37731.142857142855,NA,NA,NA
2020-12-12,Saturday,4320.857142857143,49681.28571428572,0.08697152420140955,195.57142857142858,62.714285714285715,38561.28571428572,NA,NA,NA
2020-12-11,Friday,4590.857142857143,50014.42857142857,0.0917906546967875,203.28571428571428,63.857142857142854,39204,NA,NA,NA
2020-12-10,Thursday,4819.142857142857,50301.28571428572,0.09580556021004859,200.85714285714286,59.142857142857146,39605.42857142857,NA,NA,NA
2020-12-09,Wednesday,5196.714285714285,51980.857142857145,0.09997361666107853,204.42857142857142,59.57142857142857,39763.57142857143,NA,NA,NA
2020-12-08,Tuesday,5290,52271.857142857145,0.10120168459947035,211.85714285714286,58.857142857142854,39504.857142857145,NA,NA,NA
2020-12-07,Monday,5360,51526.57142857143,0.1040239987135625,223.85714285714286,58.857142857142854,39353.142857142855,NA,NA,NA
2020-12-06,Sunday,5432.142857142857,48628.71428571428,0.11170648734874457,227.14285714285714,58,40003.57142857143,NA,NA,NA
2020-12-05,Saturday,5912.857142857143,52930.71428571428,0.1117093774880909,233.71428571428572,57,40790.42857142857,NA,NA,NA
2020-12-04,Friday,6299,61029.142857142855,0.10321298489714516,255,52.714285714285715,41181.42857142857,NA,NA,NA
2020-12-03,Thursday,5531.714285714285,52440.857142857145,0.10548481827146772,225.71428571428572,44,41048.833333333336,NA,NA,NA
2020-12-02,Wednesday,5465.714285714285,52771.142857142855,0.10357392297738482,230.28571428571428,45.285714285714285,42168.833333333336,NA,NA,NA
2020-12-01,Tuesday,5638.142857142857,56237.71428571428,0.10025554787839376,238.14285714285714,44.57142857142857,43442.5,NA,NA,NA
2020-11-30,Monday,6045.714285714285,60786,0.09945899196713529,240.71428571428572,46.857142857142854,44544,NA,NA,NA
2020-11-29,Sunday,6124.571428571428,62798.57142857143,0.09752724129302305,244.85714285714286,48.142857142857146,45104.333333333336,NA,NA,NA
2020-11-28,Saturday,5876.857142857143,58542.28571428572,0.10038653378754307,239.71428571428572,45.714285714285715,45609,NA,NA,NA
2020-11-26,Thursday,6453.571428571428,58761,0.10982746087662613,267.42857142857144,56.285714285714285,47141.857142857145,NA,NA,NA
2020-11-25,Wednesday,6764,59039.71428571428,0.11456695009170582,267.7142857142857,52.142857142857146,47415.57142857143,NA,NA,NA
2020-11-24,Tuesday,6578.714285714285,54997.28571428572,0.11961889028289707,264.2857142857143,51.42857142857143,47409.28571428572,NA,NA,NA
2020-11-23,Monday,6510.428571428572,52067.28571428572,0.12503875479804977,265,49.714285714285715,47632.142857142855,NA,NA,NA
2020-11-22,Sunday,6666.285714285715,51164.57142857143,0.13029104961022137,265,48,47998.28571428572,NA,NA,NA
2020-11-21,Saturday,6714.857142857143,50816.857142857145,0.13213837927796737,261.42857142857144,46.714285714285715,48085,NA,NA,NA
2020-11-20,Friday,7063.142857142857,50716.57142857143,0.13926696261576943,259.7142857142857,44.42857142857143,47753.857142857145,NA,NA,NA
2020-11-19,Thursday,6883.142857142857,49616.71428571428,0.13872629327098876,246.85714285714286,41.285714285714285,46557.57142857143,NA,NA,NA
2020-11-18,Wednesday,6790.428571428572,48329.142857142855,0.14050380722663638,248.71428571428572,36.57142857142857,45282.71428571428,NA,NA,NA
2020-11-17,Tuesday,6761.571428571428,46502,0.14540388431833962,237.28571428571428,35,43781,NA,NA,NA
2020-11-16,Monday,6613.142857142857,46617.142857142855,0.1418607501838686,225.71428571428572,34.57142857142857,41825.28571428572,NA,NA,NA
2020-11-15,Sunday,6111.142857142857,42955.28571428572,0.14226754066521,221,35.57142857142857,39519.57142857143,NA,NA,NA
2020-11-14,Saturday,5877.571428571428,40139.857142857145,0.146427313073219,217.28571428571428,35.57142857142857,37247,NA,NA,NA
2020-11-13,Friday,5298.142857142857,39332.57142857143,0.13470115643886565,207.28571428571428,35.42857142857143,34905.42857142857,NA,NA,NA
2020-11-12,Thursday,5284.142857142857,38507,0.1372255137284872,203.85714285714286,34,32874.28571428572,NA,NA,NA
2020-11-11,Wednesday,4816.714285714285,36539.42857142857,0.13182237582885026,186,32,30724.428571428572,NA,NA,NA
2020-11-10,Tuesday,4665.857142857143,37747.57142857143,0.12360681671100884,183.71428571428572,28.428571428571427,28907.85714285714,NA,NA,NA
2020-11-09,Monday,4462.571428571428,34469.142857142855,0.12946569188176588,176.28571428571428,27.285714285714285,27012.714285714286,NA,NA,NA
2020-11-08,Sunday,4323.142857142857,36226.28571428572,0.11933718215660294,170.42857142857142,25.857142857142858,25107.571428571428,NA,NA,NA
2020-11-07,Saturday,3793.5714285714284,33729.857142857145,0.11246924090144805,160.57142857142858,24,23198.85714285714,NA,NA,NA
2020-11-06,Friday,3561.285714285714,32252.85714285714,0.11041768171147628,153.42857142857142,22,21645.14285714286,NA,NA,NA
2020-11-05,Thursday,3234.285714285714,30554.428571428572,0.10585325484732164,146.42857142857142,19.428571428571427,20138,NA,NA,NA
2020-11-04,Wednesday,3079.4285714285716,29942,0.10284645552830711,142,20.428571428571427,18856.14285714286,NA,NA,NA
2020-11-03,Tuesday,2804,27444.428571428572,0.10217009957784823,131.14285714285714,18.714285714285715,17655,NA,NA,NA
2020-11-02,Monday,2617.714285714286,27864.571428571428,0.09394417898816726,121.28571428571429,18.714285714285715,16611.85714285714,NA,NA,NA
2020-11-01,Sunday,2421.1428571428573,25872.714285714286,0.09357900490864618,117.57142857142857,18,15695.714285714286,NA,NA,NA
2020-10-31,Saturday,2345,27096.571428571428,0.08654231426221556,118,18.428571428571427,14900.57142857143,NA,NA,NA
2020-10-30,Friday,2237.4285714285716,27030.571428571428,0.08277400192374772,111.57142857142857,17.571428571428573,14107.42857142857,NA,NA,NA
2020-10-29,Thursday,2031.142857142857,26168.85714285714,0.07761679641012763,109.28571428571429,16.857142857142858,13378,NA,NA,NA
2020-10-28,Wednesday,1845.7142857142858,25639.571428571428,0.0719869398307304,101.14285714285714,15.142857142857142,12858.285714285714,NA,NA,NA
2020-10-27,Tuesday,1726.5714285714287,25810.285714285714,0.06689470421537372,98.14285714285714,17.428571428571427,12518.857142857143,NA,NA,NA
2020-10-26,Monday,1575.2857142857142,25454.14285714286,0.06188720331801166,96,16.285714285714285,12316.42857142857,NA,NA,NA
2020-10-25,Sunday,1583,25224,0.06275769108785284,92.14285714285714,16.428571428571427,12264.857142857143,NA,NA,NA
2020-10-24,Saturday,1589.857142857143,24642.285714285714,0.06451743808552082,91.85714285714286,15.857142857142858,12164,NA,NA,NA
2020-10-23,Friday,1509.2857142857142,23687,0.06371789227364015,88.57142857142857,14.571428571428571,12020.857142857143,NA,NA,NA
2020-10-22,Thursday,1591.5714285714287,26208.14285714286,0.06072812702704176,82,14.571428571428571,11905.714285714286,NA,NA,NA
2020-10-21,Wednesday,1533.7142857142858,25284.714285714286,0.06065776612634398,80.28571428571429,14.428571428571429,11689.285714285714,NA,NA,NA
2020-10-20,Tuesday,1578.2857142857142,26932,0.05860261823428317,77.42857142857143,13.571428571428571,11515.142857142857,NA,NA,NA
2020-10-19,Monday,1582.5714285714287,27839.428571428572,0.05684640489336809,70.71428571428571,13.571428571428571,11250.57142857143,NA,NA,NA
2020-10-18,Sunday,1517.7142857142858,27274.85714285714,0.05564517818608451,73.14285714285714,13.285714285714286,10919.42857142857,NA,NA,NA
2020-10-17,Saturday,1477.4285714285713,26924.285714285714,0.05487345466121929,71.28571428571429,12.285714285714286,10590,NA,NA,NA
2020-10-16,Friday,1453.5714285714287,27450,0.05295342180588082,66.71428571428571,13,10239.142857142857,NA,NA,NA
2020-10-15,Thursday,1327.4285714285713,25659.571428571428,0.05173229705428774,66.42857142857143,13.142857142857142,9869.42857142857,NA,NA,NA
2020-10-14,Wednesday,1342.7142857142858,26806.428571428572,0.05008926430227291,70.85714285714286,11.285714285714286,9612.42857142857,NA,NA,NA
2020-10-13,Tuesday,1274.7142857142858,24593.428571428572,0.051831499703753614,68.57142857142857,9.142857142857142,9326.857142857143,NA,NA,NA
2020-10-12,Monday,1246.7142857142858,23905.14285714286,0.05215255533776354,68.71428571428571,8.714285714285714,9075.42857142857,NA,NA,NA
2020-10-11,Sunday,1218.7142857142858,24628.428571428572,0.04948404573112373,66.71428571428571,8.714285714285714,8844.142857142857,NA,NA,NA
2020-10-10,Saturday,1161.2857142857142,24660.571428571428,0.04709078691259616,65.14285714285714,8.285714285714286,8650.142857142857,NA,NA,NA
2020-10-09,Friday,1146.5714285714287,24171.714285714286,0.04743442748903677,65.42857142857143,8.857142857142858,8539.714285714286,NA,NA,NA
2020-10-08,Thursday,1113.7142857142858,24043.714285714286,0.046320392618207314,61.285714285714285,8.285714285714286,8445.285714285714,NA,NA,NA
2020-10-07,Wednesday,1083.7142857142858,23673.571428571428,0.045777388890565124,55.42857142857143,9.285714285714286,8389.57142857143,NA,NA,NA
2020-10-06,Tuesday,1051,23660,0.044420963651732884,55.285714285714285,9.571428571428571,8357,NA,NA,NA
2020-10-05,Monday,1031.4285714285713,23810.14285714286,0.043318873709283556,56.285714285714285,9.714285714285714,8358.142857142857,NA,NA,NA
2020-10-04,Sunday,1024.857142857143,23615.85714285714,0.0433969911258174,56.285714285714285,10.285714285714286,8357.142857142857,NA,NA,NA
2020-10-03,Saturday,1029,23046.14285714286,0.044649554000359526,57.57142857142857,9.857142857142858,8339.42857142857,NA,NA,NA
2020-10-02,Friday,1035.2857142857142,23277.571428571428,0.04447567554298129,57.42857142857143,9.285714285714286,8271.714285714286,NA,NA,NA
2020-10-01,Thursday,1036.2857142857142,22940.85714285714,0.04517205733999228,60.42857142857143,8.714285714285714,8146.571428571428,NA,NA,NA
2020-09-30,Wednesday,1026.142857142857,22328.571428571428,0.04595649392194498,56.857142857142854,7.285714285714286,8002.428571428572,NA,NA,NA
2020-09-29,Tuesday,1026.2857142857142,21950.85714285714,0.04675378768157443,54.285714285714285,5.857142857142857,7845.571428571428,NA,NA,NA
2020-09-28,Monday,982.8571428571429,21115.285714285714,0.04654718653379069,49.57142857142857,6.571428571428571,7640.285714285715,NA,NA,NA
2020-09-27,Sunday,983,20386.85714285714,0.04821733890181349,47.142857142857146,6.142857142857143,7426.857142857143,NA,NA,NA
2020-09-26,Saturday,1018.2857142857143,19848.714285714286,0.051302351357770566,45.57142857142857,5.857142857142857,7175.714285714285,NA,NA,NA
2020-09-25,Friday,939.1428571428571,18905.714285714286,0.04967507934109113,42.857142857142854,6.285714285714286,6883.571428571428,NA,NA,NA
2020-09-24,Thursday,926,18795.285714285714,0.04926767350475423,40.714285714285715,6.571428571428571,6554.571428571428,NA,NA,NA
2020-09-23,Wednesday,916.8571428571429,18608,0.04927220243213364,40.57142857142857,7.428571428571429,6231.714285714285,NA,NA,NA
2020-09-22,Tuesday,891.5714285714286,18628.85714285714,0.04785969540344473,39.142857142857146,7.571428571428571,5901.571428571428,NA,NA,NA
2020-09-21,Monday,880,18647,0.04719257789456749,35,6.857142857142857,5596.142857142857,NA,NA,NA
2020-09-20,Sunday,838,18696.85714285714,0.044820367059398826,33.142857142857146,6.714285714285714,5309.142857142857,NA,NA,NA
2020-09-19,Saturday,754.7142857142857,18750.571428571428,0.040250201898608805,32.142857142857146,8.285714285714286,5054.285714285715,NA,NA,NA
2020-09-18,Friday,755.4285714285714,18050.285714285714,0.0418513359503609,32.57142857142857,7.714285714285714,4866,NA,NA,NA
2020-09-17,Thursday,667.5714285714286,16682,0.04001746964221488,31.428571428571427,8.428571428571429,4784.142857142857,NA,NA,NA
2020-09-16,Wednesday,590.4285714285714,14936.142857142857,0.0395301904297342,32.42857142857143,9.285714285714286,4789.714285714285,NA,NA,NA
2020-09-15,Tuesday,557.4285714285714,14241.42857142857,0.039141338148259604,31.285714285714285,9.285714285714286,4882.285714285715,NA,NA,NA
2020-09-14,Monday,551,14103.714285714286,0.03906772278832324,30.142857142857142,8.857142857142858,5030.857142857143,NA,NA,NA
2020-09-13,Sunday,550.2857142857143,13852.57142857143,0.03972444517779061,30.285714285714285,8.857142857142858,5198.428571428572,NA,NA,NA
2020-09-12,Saturday,546.4285714285714,12976,0.042110709881979916,31.857142857142858,7.857142857142857,5389.285714285715,NA,NA,NA
2020-09-11,Friday,545.7142857142857,12943.285714285714,0.04216195931702041,32.57142857142857,7.142857142857143,5602.142857142857,NA,NA,NA
2020-09-10,Thursday,598.8571428571429,13036.857142857143,0.04593569878805146,34,6.714285714285714,5819.285714285715,NA,NA,NA
2020-09-09,Wednesday,692.5714285714286,13897.42857142857,0.04983450175777636,32.285714285714285,5.571428571428571,5986.571428571428,NA,NA,NA
2020-09-08,Tuesday,761,17075,0.04456808199121523,34.285714285714285,5.571428571428571,6099.428571428572,NA,NA,NA
2020-09-07,Monday,777.4285714285714,17310.85714285714,0.044909883145177264,37.57142857142857,6.142857142857143,6175.571428571428,NA,NA,NA
2020-09-06,Sunday,783.2857142857143,16779.714285714286,0.046680515588550804,37.857142857142854,5.857142857142857,6236.857142857143,NA,NA,NA
2020-09-05,Saturday,814.7142857142857,16910,0.04817943735743854,37.857142857142854,5.285714285714286,6264,NA,NA,NA
2020-09-04,Friday,830.1428571428571,16688.714285714286,0.049742768851490746,39.714285714285715,5.285714285714286,6237.428571428572,NA,NA,NA
2020-09-03,Thursday,831,16345.714285714286,0.05083901415836392,38,4.428571428571429,6186.571428571428,NA,NA,NA
2020-09-02,Wednesday,846.8571428571429,17425,0.04860012297601968,41.714285714285715,5.285714285714286,6129,NA,NA,NA
2020-09-01,Tuesday,815.5714285714286,15038.57142857143,0.054231974921630094,40.285714285714285,6.285714285714286,6034,NA,NA,NA
2020-08-31,Monday,803,14997.857142857143,0.05354098204505406,40.714285714285715,6.571428571428571,5913.857142857143,NA,NA,NA
2020-08-30,Sunday,808.4285714285714,15127.142857142857,0.053442251392954956,43.285714285714285,7,5782,NA,NA,NA
2020-08-29,Saturday,779,15011,0.05189527679701552,42.57142857142857,7.571428571428571,5637.285714285715,NA,NA,NA
2020-08-28,Friday,738.1428571428571,14951.714285714286,0.04936844317899524,41.857142857142854,8.142857142857142,5504.714285714285,NA,NA,NA
2020-08-27,Thursday,734.2857142857143,15297.857142857143,0.04799925292991549,43.857142857142854,8.714285714285714,5395.285714285715,NA,NA,NA
2020-08-26,Wednesday,668.5714285714286,14250.857142857143,0.04691447130999639,40.857142857142854,7.857142857142857,5288.142857142857,NA,NA,NA
2020-08-25,Tuesday,672.1428571428571,17633.571428571428,0.03811722769068741,43.714285714285715,8.285714285714286,5226.571428571428,NA,NA,NA
2020-08-24,Monday,664.2857142857143,17420.571428571428,0.03813225742963983,44.142857142857146,8.428571428571429,5165,NA,NA,NA
2020-08-23,Sunday,642.8571428571429,17458,0.03682306924373599,42.857142857142854,8.714285714285714,5118.857142857143,NA,NA,NA
2020-08-22,Saturday,646.5714285714286,17463.428571428572,0.037024312031674354,41.57142857142857,8.857142857142858,5091.142857142857,NA,NA,NA
2020-08-21,Friday,639.4285714285714,17516.714285714286,0.036503910550739295,40.142857142857146,8.571428571428571,5069.571428571428,NA,NA,NA
2020-08-20,Thursday,625.5714285714286,17202.14285714286,0.036365901258148904,39.57142857142857,8.571428571428571,5056.857142857143,NA,NA,NA
2020-08-19,Wednesday,625.4285714285714,17322.714285714286,0.03610453657048136,39.57142857142857,8.571428571428571,5057.428571428572,NA,NA,NA
2020-08-18,Tuesday,611.5714285714286,13944.57142857143,0.043857312625496865,38.714285714285715,7.857142857142857,5076.285714285715,NA,NA,NA
2020-08-17,Monday,607.7142857142857,13810,0.04400537912485776,40,7.428571428571429,5112,NA,NA,NA
2020-08-16,Sunday,616,13789.142857142857,0.04467282748332021,42.285714285714285,7,5161.571428571428,NA,NA,NA
2020-08-15,Saturday,623.4285714285714,14266.42857142857,0.04369899364141591,45.142857142857146,7.285714285714286,5222,NA,NA,NA
2020-08-14,Friday,656,14353.857142857143,0.04570200145306886,46.42857142857143,7.571428571428571,5283.142857142857,NA,NA,NA
2020-08-13,Thursday,630,14238.285714285714,0.04424689970702733,45.857142857142854,7,5316.571428571428,NA,NA,NA
2020-08-12,Wednesday,654.2857142857143,14240.142857142857,0.04594656955688647,48.285714285714285,7,5379.142857142857,NA,NA,NA
2020-08-11,Tuesday,677,14372.714285714286,0.04710314186603584,45,6.571428571428571,5401.571428571428,NA,NA,NA
2020-08-10,Monday,716.1428571428571,14625.714285714286,0.04896464153154913,44,6.285714285714286,5415,NA,NA,NA
2020-08-09,Sunday,715.7142857142857,15090.285714285714,0.047428809451681306,44.857142857142854,6.142857142857143,5398.857142857143,NA,NA,NA
2020-08-08,Saturday,710.4285714285714,14391.714285714286,0.049363721188779255,42.57142857142857,6,5372.142857142857,NA,NA,NA
2020-08-07,Friday,682.8571428571429,14009.57142857143,0.048742186464356005,43.285714285714285,5.714285714285714,5340.428571428572,NA,NA,NA
2020-08-06,Thursday,714.7142857142857,14118.142857142857,0.050623817377842086,44.142857142857146,6,5336,NA,NA,NA
2020-08-05,Wednesday,697.2857142857143,14110.285714285714,0.049416838780221115,42.285714285714285,5.714285714285714,5297.857142857143,NA,NA,NA
2020-08-04,Tuesday,704.7142857142857,14340.142857142857,0.04914276606130642,45.42857142857143,5.714285714285714,5268.571428571428,NA,NA,NA
2020-08-03,Monday,686.7142857142857,14539.142857142857,0.04723210250162124,48.142857142857146,5.714285714285714,5211.142857142857,NA,NA,NA
2020-08-02,Sunday,690.7142857142857,14204.142857142857,0.04862766396121856,45.857142857142854,5.714285714285714,5161.142857142857,NA,NA,NA
2020-08-01,Saturday,705.2857142857143,14359.42857142857,0.049116558557841535,45.57142857142857,5,5112.857142857143,NA,NA,NA
2020-07-31,Friday,715.8571428571429,14758.857142857143,0.04850356202570853,43.285714285714285,4.857142857142857,5060.285714285715,NA,NA,NA
2020-07-30,Thursday,715,14801.42857142857,0.04830614805520703,42,4.714285714285714,4984,NA,NA,NA
2020-07-29,Wednesday,717.5714285714286,15035,0.0477267328614186,43.714285714285715,5.285714285714286,4913,NA,NA,NA
2020-07-28,Tuesday,692.5714285714286,14890,0.04651252038760434,43.57142857142857,4.571428571428571,4834.857142857143,NA,NA,NA
2020-07-27,Monday,674.2857142857143,14890.714285714286,0.04528229481460162,40.42857142857143,4.428571428571429,4789.714285714285,NA,NA,NA
2020-07-26,Sunday,713.1428571428571,14977,0.04761586814067284,41.857142857142854,4.714285714285714,4798.428571428572,NA,NA,NA
2020-07-25,Saturday,694,15042.714285714286,0.04613529093343716,41,4.714285714285714,4729,NA,NA,NA
2020-07-24,Friday,645.2857142857143,14829,0.04351511998689826,41.285714285714285,4.714285714285714,4661.428571428572,NA,NA,NA
2020-07-23,Thursday,630.4285714285714,14508.857142857143,0.043451290837124124,41.714285714285715,5,4643.142857142857,NA,NA,NA
2020-07-22,Wednesday,608.7142857142857,14262.714285714286,0.04267871272749126,39.42857142857143,4.857142857142857,4628.142857142857,NA,NA,NA
2020-07-21,Tuesday,619,14241.57142857143,0.04346430470152772,38.714285714285715,5.428571428571429,4609.571428571428,NA,NA,NA
2020-07-20,Monday,626.2857142857143,14136.714285714286,0.04430207059631961,36.285714285714285,5.857142857142857,4540,NA,NA,NA
2020-07-19,Sunday,565.8571428571429,13815,0.040959619461248126,32.57142857142857,5.571428571428571,4394.142857142857,NA,NA,NA
2020-07-18,Saturday,562.7142857142857,13501.714285714286,0.04167724733367192,33.714285714285715,5.571428571428571,4327.714285714285,NA,NA,NA
2020-07-17,Friday,611.5714285714286,13440.57142857143,0.045501891926363676,33.42857142857143,5.428571428571429,4247.428571428572,NA,NA,NA
2020-07-16,Thursday,603,14102.42857142857,0.042758592744917286,31.571428571428573,5.142857142857143,4092.8571428571427,NA,NA,NA
2020-07-15,Wednesday,599.8571428571429,13967.57142857143,0.042946416699906925,31.857142857142858,4.714285714285714,3942.714285714286,NA,NA,NA
2020-07-14,Tuesday,583.4285714285714,13282,0.043926258954116205,28.571428571428573,4.714285714285714,3822.285714285714,NA,NA,NA
2020-07-13,Monday,607.1428571428571,12850.285714285714,0.047247420846673785,29.285714285714285,4.285714285714286,3732,NA,NA,NA
2020-07-12,Sunday,597.8571428571429,11982,0.04989627298089992,32.714285714285715,4.428571428571429,3606.1428571428573,NA,NA,NA
2020-07-11,Saturday,570.1428571428571,13981.714285714286,0.040777750531306195,32.42857142857143,4.714285714285714,3471.8571428571427,NA,NA,NA
2020-07-10,Friday,455,11670.142857142857,0.038988383053212713,27.142857142857142,4.142857142857143,3373.6666666666665,NA,NA,NA
2020-07-09,Thursday,428.42857142857144,10990.857142857143,0.03898045128418426,27.571428571428573,4.571428571428571,3370.5,NA,NA,NA
2020-07-08,Wednesday,415.7142857142857,10949,0.03796824237047088,27.285714285714285,5.714285714285714,3388.6666666666665,NA,NA,NA
2020-07-07,Tuesday,410.42857142857144,11570.285714285714,0.03547263927301462,28.285714285714285,5.142857142857143,3409,NA,NA,NA
2020-07-06,Monday,392.2857142857143,12504.57142857143,0.03137138417950007,26.857142857142858,5.571428571428571,3406,NA,NA,NA
2020-07-05,Sunday,375.2857142857143,12762.57142857143,0.02940518032640086,22.857142857142858,6.571428571428571,3408.1666666666665,NA,NA,NA
2020-07-03,Friday,437,12668.142857142857,0.03449597979182877,24.714285714285715,7.857142857142857,3389,NA,NA,NA
2020-07-02,Thursday,447.7142857142857,12670.42857142857,0.035335370322347875,24.142857142857142,7.428571428571429,3301.285714285714,NA,NA,NA
2020-07-01,Wednesday,428.42857142857144,12572.857142857143,0.03407567321895239,26.285714285714285,6.857142857142857,3197.5714285714284,NA,NA,NA
2020-06-30,Tuesday,411,12261.714285714286,0.033518967284928695,27.714285714285715,7,3102.5714285714284,NA,NA,NA
2020-06-29,Monday,382.85714285714283,11540.285714285714,0.03317570745958258,28.714285714285715,7.428571428571429,3019.285714285714,NA,NA,NA
2020-06-28,Sunday,381.85714285714283,11682.142857142857,0.032687251605013755,30.428571428571427,6.571428571428571,2959,NA,NA,NA
2020-06-27,Saturday,372.57142857142856,11287.285714285714,0.03300806216855881,31.285714285714285,6.571428571428571,2896.5714285714284,NA,NA,NA
2020-06-26,Friday,374.14285714285717,11836.42857142857,0.031609438175125217,31.142857142857142,7.428571428571429,2850.285714285714,NA,NA,NA
2020-06-25,Thursday,354.7142857142857,11777,0.030119239680248426,32.142857142857146,9.142857142857142,2816.8571428571427,NA,NA,NA
2020-06-24,Wednesday,357.85714285714283,11736.142857142857,0.030491887088724696,29.714285714285715,10.571428571428571,2803.1428571428573,NA,NA,NA
2020-06-23,Tuesday,374.2857142857143,13136.285714285714,0.02849250712312678,28.857142857142858,11.571428571428571,2790.285714285714,NA,NA,NA
2020-06-22,Monday,367.42857142857144,13003.142857142857,0.028256904924084288,28.571428571428573,11.571428571428571,2774.1428571428573,NA,NA,NA
2020-06-21,Sunday,356.2857142857143,12475.285714285714,0.02855932300434001,26.714285714285715,11.857142857142858,2774.5714285714284,NA,NA,NA
2020-06-20,Saturday,334.85714285714283,12138.142857142857,0.027587180905528027,26.571428571428573,12.714285714285714,2804.1428571428573,NA,NA,NA
2020-06-19,Friday,326.14285714285717,11576.142857142857,0.028173707008255895,27.285714285714285,12.285714285714286,2858.285714285714,NA,NA,NA
2020-06-18,Thursday,342.85714285714283,11481,0.029863003471574154,28,13.428571428571429,2934.1428571428573,NA,NA,NA
2020-06-17,Wednesday,351.42857142857144,11396.42857142857,0.03083672829833908,29.571428571428573,12.428571428571429,2995.714285714286,NA,NA,NA
2020-06-16,Tuesday,341,9871,0.03454563873974268,31,13.428571428571429,3051.285714285714,NA,NA,NA
2020-06-15,Monday,355.57142857142856,10117.42857142857,0.03514444664087431,32.714285714285715,15,3125.5714285714284,NA,NA,NA
2020-06-14,Sunday,371,10761.57142857143,0.0344745191222737,34.714285714285715,15.714285714285714,3209.5714285714284,NA,NA,NA
2020-06-13,Saturday,381.57142857142856,10841.42857142857,0.03519567795493477,35,16,3298.5714285714284,NA,NA,NA
2020-06-12,Friday,402.14285714285717,10587.714285714286,0.03798202768707667,38.285714285714285,17.857142857142858,3414,NA,NA,NA
2020-06-11,Thursday,434.7142857142857,10224.285714285714,0.04251781472684085,38.42857142857143,19,3481.714285714286,NA,NA,NA
2020-06-10,Wednesday,428.42857142857144,10773.285714285714,0.03976767931258536,39.857142857142854,21.428571428571427,3548.8571428571427,NA,NA,NA
2020-06-09,Tuesday,430.7142857142857,10599.42857142857,0.04063561377971858,43.857142857142854,20.714285714285715,3642.714285714286,NA,NA,NA
2020-06-08,Monday,430.85714285714283,10028.285714285714,0.04296418701387504,45,21,3781.285714285714,NA,NA,NA
2020-06-07,Sunday,433.7142857142857,9640.285714285714,0.044989775051124746,45.714285714285715,20.857142857142858,3973.714285714286,NA,NA,NA
2020-06-06,Saturday,473,9338,0.05065324480616835,46.42857142857143,20.571428571428573,4174.714285714285,NA,NA,NA
2020-06-05,Friday,492.7142857142857,9227.142857142857,0.05339835887908345,50.42857142857143,21.714285714285715,4349.285714285715,NA,NA,NA
2020-06-04,Thursday,475.14285714285717,9059,0.052449813129799884,53.285714285714285,21.142857142857142,4583.142857142857,NA,NA,NA
2020-06-03,Wednesday,486.57142857142856,8151,0.05969469127363864,58.142857142857146,22,4819.857142857143,NA,NA,NA
2020-06-02,Tuesday,506.85714285714283,8044.571428571428,0.06300610882227589,60.714285714285715,24.714285714285715,5048.857142857143,NA,NA,NA
2020-06-01,Monday,556.1428571428571,8397.142857142857,0.06623001020755359,58.57142857142857,24.142857142857142,5260.714285714285,NA,NA,NA
2020-05-31,Sunday,611,8410,0.07265160523186683,65.57142857142857,24.428571428571427,5389.428571428572,NA,NA,NA
2020-05-30,Saturday,620.7142857142857,8476,0.0732319827411852,68.14285714285714,24.857142857142858,5457.142857142857,NA,NA,NA
2020-05-29,Friday,646.5714285714286,8381,0.07714728893585832,72,22,5486.857142857143,NA,NA,NA
2020-05-28,Thursday,678.1428571428571,8140.285714285715,0.08330700923098522,71.42857142857143,22.571428571428573,5467.142857142857,NA,NA,NA
2020-05-27,Wednesday,684.8571428571429,7768.571428571428,0.08815741081279882,69.71428571428571,22.142857142857142,5406.857142857143,NA,NA,NA
2020-05-26,Tuesday,704.4285714285714,7688.285714285715,0.09162362035006875,69.71428571428571,21.571428571428573,5328,NA,NA,NA
2020-05-25,Monday,706.1428571428571,7650.857142857143,0.09229591455672567,78.28571428571429,21.428571428571427,5214.142857142857,NA,NA,NA
2020-05-24,Sunday,700.7142857142857,7508.285714285715,0.09332546900566993,71.14285714285714,21,5108.285714285715,NA,NA,NA
2020-05-23,Saturday,696.5714285714286,7379.285714285715,0.09439550866324654,70.71428571428571,21.714285714285715,4991.285714285715,NA,NA,NA
2020-05-22,Friday,680.7142857142857,7310,0.09312096931795974,63.857142857142854,22.714285714285715,4875.428571428572,NA,NA,NA
2020-05-21,Thursday,680.7142857142857,7092.285714285715,0.09597953510856867,66.42857142857143,20.857142857142858,4771,NA,NA,NA
2020-05-20,Wednesday,679,7140.857142857143,0.09508662425479134,65.28571428571429,19.857142857142858,4684.571428571428,NA,NA,NA
2020-05-19,Tuesday,647.8571428571429,6804.285714285715,0.09521310098677305,60.285714285714285,19.142857142857142,4607.857142857143,NA,NA,NA
2020-05-18,Monday,653.2857142857143,6649.428571428572,0.09824689554419284,58.857142857142854,20,4540.571428571428,NA,NA,NA
2020-05-17,Sunday,628.1428571428571,6551.714285714285,0.09587458026252671,61.857142857142854,20.571428571428573,4452.714285714285,NA,NA,NA
2020-05-16,Saturday,597,6111.428571428572,0.09768583450210379,61,20.285714285714285,4398.142857142857,NA,NA,NA
2020-05-15,Friday,593.1428571428571,5489.142857142857,0.1080574640849469,62.285714285714285,21.285714285714285,4365.285714285715,NA,NA,NA
2020-05-14,Thursday,581.4285714285714,5243.142857142857,0.11089313933845567,65.14285714285714,22.142857142857142,4315.857142857143,NA,NA,NA
2020-05-13,Wednesday,619.7142857142857,4841.142857142857,0.1280099150141643,63.714285714285715,21.857142857142858,4281.285714285715,NA,NA,NA
2020-05-12,Tuesday,663.2857142857143,4719.857142857143,0.140530887738733,64.14285714285714,22.571428571428573,4201.857142857143,NA,NA,NA
2020-05-11,Monday,652.1428571428571,4543.428571428572,0.14353540435165388,63.57142857142857,23.142857142857142,4054.1428571428573,NA,NA,NA
2020-05-10,Sunday,658.2857142857143,4238.571428571428,0.15530839231547017,65.42857142857143,22.571428571428573,3876.8571428571427,NA,NA,NA
2020-05-09,Saturday,651.7142857142857,4085,0.15953838083581046,64.71428571428571,23.142857142857142,3771,NA,NA,NA
2020-05-08,Friday,622.5714285714286,4029.1428571428573,0.15451708977450007,64.71428571428571,23.142857142857142,3680,NA,NA,NA
2020-05-07,Thursday,604.1428571428571,3934.1428571428573,0.1535640364573877,59.285714285714285,23.428571428571427,3545.285714285714,NA,NA,NA
2020-05-06,Wednesday,562.1428571428571,4304.857142857143,0.1305833941726953,65,23.571428571428573,3389.1428571428573,NA,NA,NA
2020-05-05,Tuesday,524.2857142857143,4330.714285714285,0.1210621804387267,62.57142857142857,22,3250.1428571428573,NA,NA,NA
2020-05-04,Monday,488.2857142857143,4037.8571428571427,0.12092694144701928,58.57142857142857,20.285714285714285,3111.8571428571427,NA,NA,NA
2020-05-03,Sunday,437.2857142857143,3952.285714285714,0.11064122027036796,52.857142857142854,21,2962.1428571428573,NA,NA,NA
2020-05-02,Saturday,397.42857142857144,3778.285714285714,0.10518753781004235,51.714285714285715,21.571428571428573,2702.1428571428573,NA,NA,NA
2020-05-01,Friday,363.57142857142856,3579.285714285714,0.1015765316304131,48.57142857142857,21.428571428571427,2410.8571428571427,NA,NA,NA
2020-04-30,Thursday,313.42857142857144,3314,0.09457711871713079,47.42857142857143,20.428571428571427,2145.5714285714284,NA,NA,NA
2020-04-29,Wednesday,274.7142857142857,2607.4285714285716,0.10535831689677844,41.42857142857143,20,1923,NA,NA,NA
2020-04-28,Tuesday,230.57142857142858,2379.1428571428573,0.09691365437732677,40.42857142857143,20.142857142857142,1752,NA,NA,NA
2020-04-27,Monday,192.28571428571428,2211,0.08696775860954965,37,20.428571428571427,1615.4285714285713,NA,NA,NA
2020-04-26,Sunday,178,2020.7142857142858,0.08808766348533051,36.42857142857143,19.714285714285715,1514.5714285714287,NA,NA,NA
2020-04-25,Saturday,176.14285714285714,1858.142857142857,0.0947951103252095,33.714285714285715,17.571428571428573,1424.2857142857142,NA,NA,NA
2020-04-24,Friday,159.14285714285714,1626.142857142857,0.09786523763506984,34,15.714285714285714,1324.7142857142858,NA,NA,NA
2020-04-23,Thursday,147.14285714285714,1478.5714285714287,0.09951690821256039,33.857142857142854,15.142857142857142,1241,NA,NA,NA
2020-04-22,Wednesday,130.28571428571428,1416.5714285714287,0.09197256958450989,30.714285714285715,13.142857142857142,1167.5714285714287,NA,NA,NA
2020-04-21,Tuesday,124.57142857142857,1336.857142857143,0.09318230391109211,32,11.571428571428571,1091.142857142857,NA,NA,NA
2020-04-20,Monday,117.14285714285714,1328.857142857143,0.08815308535798753,34.42857142857143,10.428571428571429,1015.8571428571429,NA,NA,NA
2020-04-19,Sunday,117.14285714285714,1323,0.0885433538494763,30.428571428571427,9.142857142857142,950.1428571428571,NA,NA,NA
2020-04-18,Saturday,112.28571428571429,1343.7142857142858,0.08356368275568786,31.571428571428573,8.142857142857142,880.5714285714286,NA,NA,NA
2020-04-17,Friday,105,1385.142857142857,0.07580445544554455,28.714285714285715,7.714285714285714,814.7142857142857,NA,NA,NA
2020-04-16,Thursday,95.71428571428571,1438.7142857142858,0.06652765365902095,26,6.285714285714286,757.4285714285714,NA,NA,NA
2020-04-15,Wednesday,93.57142857142857,1404.142857142857,0.06663953606674128,24.857142857142858,6.857142857142857,711,NA,NA,NA
2020-04-14,Tuesday,89.42857142857143,1455.5714285714287,0.0614388065560899,23.285714285714285,6.428571428571429,661.4285714285714,NA,NA,NA
2020-04-13,Monday,94.85714285714286,1512,0.06273620559334846,19.714285714285715,5.714285714285714,623.4285714285714,NA,NA,NA
2020-04-12,Sunday,85.85714285714286,1551.2857142857142,0.055345796113822635,22.714285714285715,5.857142857142857,581.7142857142857,NA,NA,NA
2020-04-11,Saturday,80.28571428571429,1556.5714285714287,0.05157856093979442,22.857142857142858,5.714285714285714,549.5714285714286,NA,NA,NA
2020-04-10,Friday,78.14285714285714,1498.142857142857,0.05215981691618194,23,5,519.7142857142857,NA,NA,NA
2020-04-09,Thursday,71.42857142857143,1519.857142857143,0.04699689820471849,22.142857142857142,4.571428571428571,487.57142857142856,NA,NA,NA
2020-04-08,Wednesday,66.42857142857143,1455.4285714285713,0.04564193168433451,21.285714285714285,3.142857142857143,459.2857142857143,NA,NA,NA
2020-04-07,Tuesday,62.857142857142854,1450.5714285714287,0.04333267677762458,18.571428571428573,3.142857142857143,434.2857142857143,NA,NA,NA
2020-04-06,Monday,58.57142857142857,1431.4285714285713,0.04091816367265469,18.714285714285715,2.857142857142857,408.7142857142857,NA,NA,NA
2020-04-05,Sunday,61.714285714285715,1394.857142857143,0.04424416222859484,18.142857142857142,2.857142857142857,380.14285714285717,NA,NA,NA
2020-04-04,Saturday,60.57142857142857,1375.7142857142858,0.04402907580477674,17.571428571428573,2.7142857142857144,346.85714285714283,NA,NA,NA
2020-04-03,Friday,55.857142857142854,1487,0.03756364684407724,16,2.5714285714285716,317.7142857142857,NA,NA,NA
2020-04-02,Thursday,56.57142857142857,1354.2857142857142,0.04177215189873418,13.857142857142858,2.2857142857142856,301.2857142857143,NA,NA,NA
2020-04-01,Wednesday,57.42857142857143,1421.857142857143,0.04038983221139355,12.428571428571429,2.2857142857142856,280.57142857142856,NA,NA,NA
2020-03-31,Tuesday,52.42857142857143,2014.142857142857,0.026030214908858783,12.428571428571429,1.5714285714285714,259.42857142857144,NA,NA,NA
2020-03-30,Monday,48.714285714285715,2017.142857142857,0.02415014164305949,10.142857142857142,1.2857142857142858,NA,NA,NA,NA
2020-03-29,Sunday,47.714285714285715,1984.7142857142858,0.024040883898366082,8.285714285714286,1.1428571428571428,NA,NA,NA,NA
2020-03-28,Saturday,43.42857142857143,1850.7142857142858,0.023465843303743728,6.428571428571429,0.5714285714285714,NA,NA,NA,NA
2020-03-27,Friday,40.42857142857143,1580.4285714285713,0.025580764711199494,6.285714285714286,0.5714285714285714,NA,NA,NA,NA
2020-03-26,Thursday,36.714285714285715,1546.857142857143,0.023734761728851125,NA,0.2857142857142857,NA,NA,NA,NA
2020-03-25,Wednesday,30,1375.5714285714287,0.02180911828850348,NA,0.14285714285714285,NA,NA,NA,NA
2020-03-24,Tuesday,28.857142857142858,627.4285714285714,0.04599271402550091,NA,0.14285714285714285,NA,NA,NA,NA
2020-03-23,Monday,25.857142857142858,538.4285714285714,0.048023348368267445,NA,0.14285714285714285,NA,NA,NA,NA
2020-03-22,Sunday,19.142857142857142,465.42857142857144,0.04112952731737262,NA,0.14285714285714285,NA,NA,NA,NA
2020-03-21,Saturday,16.571428571428573,460.2857142857143,0.03600248292985723,NA,0.14285714285714285,NA,NA,NA,NA
2020-03-20,Friday,14.428571428571429,471.57142857142856,0.030596788851863073,NA,0,NA,NA,NA,NA
2020-03-19,Thursday,11.428571428571429,388.85714285714283,0.029390154298310066,NA,0,NA,NA,NA,NA
2020-03-18,Wednesday,10.285714285714286,362.85714285714283,0.028346456692913385,NA,0,NA,NA,NA,NA
2020-03-17,Tuesday,8.142857142857142,314.42857142857144,0.025897319400272602,NA,0,NA,NA,NA,NA
2020-03-16,Monday,7.428571428571429,258.7142857142857,0.02871341800110436,NA,0,NA,NA,NA,NA
2020-03-15,Sunday,4.857142857142857,196.14285714285714,0.024763292061179897,NA,0,NA,NA,NA,NA
2020-03-14,Saturday,2.857142857142857,117,0.02442002442002442,NA,0,NA,NA,NA,NA
2020-03-13,Friday,2,74.14285714285714,0.02697495183044316,NA,0,NA,NA,NA,NA
